CASE_ID,ACCIDENT_YEAR,PROC_DATE,JURIS,COLLISION_DATE,COLLISION_TIME,OFFICER_ID,REPORTING_DISTRICT,DAY_OF_WEEK,CHP_SHIFT,POPULATION,CNTY_CITY_LOC,SPECIAL_COND,BEAT_TYPE,CHP_BEAT_TYPE,CITY_DIVISION_LAPD,CHP_BEAT_CLASS,BEAT_NUMBER,PRIMARY_RD,SECONDARY_RD,DISTANCE,DIRECTION,INTERSECTION,WEATHER_1,WEATHER_2,STATE_HWY_IND,CALTRANS_COUNTY,CALTRANS_DISTRICT,STATE_ROUTE,ROUTE_SUFFIX,POSTMILE_PREFIX,POSTMILE,LOCATION_TYPE,RAMP_INTERSECTION,SIDE_OF_HWY,TOW_AWAY,COLLISION_SEVERITY,NUMBER_KILLED,NUMBER_INJURED,PARTY_COUNT,PRIMARY_COLL_FACTOR,PCF_CODE_OF_VIOL,PCF_VIOL_CATEGORY,PCF_VIOLATION,PCF_VIOL_SUBSECTION,HIT_AND_RUN,TYPE_OF_COLLISION,MVIW,PED_ACTION,ROAD_SURFACE,ROAD_COND_1,ROAD_COND_2,LIGHTING,CONTROL_DEVICE,CHP_ROAD_TYPE,PEDESTRIAN_ACCIDENT,BICYCLE_ACCIDENT,MOTORCYCLE_ACCIDENT,TRUCK_ACCIDENT,NOT_PRIVATE_PROPERTY,ALCOHOL_INVOLVED,STWD_VEHTYPE_AT_FAULT,CHP_VEHTYPE_AT_FAULT,COUNT_SEVERE_INJ,COUNT_VISIBLE_INJ,COUNT_COMPLAINT_PAIN,COUNT_PED_KILLED,COUNT_PED_INJURED,COUNT_BICYCLIST_KILLED,COUNT_BICYCLIST_INJURED,COUNT_MC_KILLED,COUNT_MC_INJURED,PRIMARY_RAMP,SECONDARY_RAMP,LATITUDE,LONGITUDE,COUNTY,CITY,POINT_X,POINT_Y
7020501,2015,2015-08-18,9720,2015-07-22,0750,021044,,3,1,9,4400,0,3,5,,2,300,"EAST ZAYANTE RD","POWER POLE 7640",0.00,,Y,A,-,N,,,,,,,,,,Y,2,0,3,2,A,-,05,21460,A,N,A,C,A,A,H,-,A,D,0,,,,,Y,,D,22,3,0,0,0,0,0,0,0,0,"- ","- ",37.065640000000002,-122.05722,"SANTA CRUZ",UNINCORPORATED,,
7026338,2015,2017-01-14,9720,2015-07-31,0156,20640,,5,3,9,4400,0,1,3,,2,030,"RT 1","RT 129",1056.00,N,N,A,-,Y,SCR,5,1,-,R,0.920,H,-,N,Y,2,0,1,1,A,-,01,23152,A,N,E,I,A,A,H,-,D,D,1,,,,,Y,Y,D,22,1,0,0,0,0,0,0,0,0,"- ","- ",36.897660000000002,-121.77598999999999,"SANTA CRUZ",UNINCORPORATED,-121.77562162,36.897023160000003
8429581,2017,2017-08-30,4403,2017-08-02,1340,381,"3 06",3,5,4,4403,0,0,0,,0,003,"FREEDOM BL","BROADIS ST",14.00,N,N,A,-,N,,,,,,,,,,Y,2,0,7,9,A,-,06,21750,,N,B,C,A,A,H,-,A,D,0,,,,,Y,,A,01,3,2,2,0,0,0,0,0,0,"- ","- ",,,"SANTA CRUZ",WATSONVILLE,-121.76189909999999,36.923440550000002
90149600,2016,2016-04-04,9720,2016-03-26,1945,021116,,6,2,9,4400,0,1,3,,2,020,"SR-1 N/B","BRANCIFORTE AVE U/C",200.00,N,N,A,-,Y,,,1,,,,,,N,Y,2,0,1,2,A,-,08,22107,,N,E,I,A,A,H,-,D,D,0,,,Y,,Y,,A,01,1,0,0,0,0,0,0,0,1,"- ","- ",36.98912,-122.01779999999999,"SANTA CRUZ",UNINCORPORATED,-122.01780115,36.989111909999998
90589996,2017,2017-11-14,9720,2017-11-02,0610,021717,,4,1,9,4400,0,3,5,,2,300,"LAKEVIEW RD",SR-129,750.00,N,N,A,-,N,,,,,,,,,,Y,2,0,2,2,A,-,03,22350,,N,D,C,A,A,H,-,D,D,0,,,,,Y,Y,A,07,1,1,0,0,0,0,0,0,0,"- ","- ",36.920400000000001,-121.73148999999999,"SANTA CRUZ",UNINCORPORATED,-121.73164844999999,36.91889879
90731277,2018,2018-05-22,9720,2018-05-11,1725,021940,,5,2,9,4400,0,1,3,,2,020,"SR-1 S/B","SOQUEL DR",1000.00,N,N,A,-,Y,,,1,,,,,,S,N,2,0,1,2,A,-,07,21658,A,N,D,C,A,A,H,-,A,D,0,,,Y,,Y,,A,07,1,0,0,0,0,0,0,0,1,"- ","- ",36.987548828125,-121.99009704589844,"SANTA CRUZ",UNINCORPORATED,-121.99008941650391,36.987636566162109
91117889,2019,2019-11-12,9720,2019-10-21,0740,017642,,1,1,9,4400,0,1,3,,2,020,"SR-1 N/B","FREEDOM BLVD",1056.00,N,N,B,-,Y,,,1,,,,,,N,Y,2,0,1,3,A,-,03,22350,,N,B,C,A,A,H,-,A,D,0,,,Y,,Y,,C,02,1,0,0,0,0,0,0,0,1,"- ","- ",36.971790313720703,-121.87654113769531,"SANTA CRUZ",UNINCORPORATED,-121.87654113769531,36.971790313720703
91412345,2021,2021-02-22,9720,2021-02-11,1751,022290,,4,2,9,4400,0,1,3,,1,017,"SR-17 S/B","SIMS RD",550.00,S,N,B,C,Y,,,,,,,,,,Y,2,0,1,1,A,-,08,22107,,N,E,I,A,B,H,-,D,D,0,,,,,Y,,D,22,1,0,0,0,0,0,0,0,0,"- ","- ",37.017131805419922,-122.00274658203125,"SANTA CRUZ",UNINCORPORATED,-122.02742004394531,37.016590118408203
91653420,2021,2021-12-15,9720,2021-05-30,2029,022564,,7,2,9,4400,0,3,5,,2,300,"CORRALITOS RD.","VARNI RD",403.00,S,N,A,-,N,,,,,,,,,,Y,1,2,1,2,A,-,01,23152,A,N,A,C,A,A,H,-,D,D,0,,,,,Y,Y,A,01,1,0,0,0,0,0,0,0,0,"- ","- ",36.96575927734375,-121.80709838867188,"SANTA CRUZ",UNINCORPORATED,-121.80715942382812,36.965854644775391
92204629,2023,2023-10-20,9720,2023-10-08,1158,015170,,7,1,9,4400,0,1,3,,1,014,SR-9,"SR-236 (UPPER)",7920.00,N,N,A,-,Y,,,,,,,,,,Y,2,0,1,1,A,-,17,21662,A,N,F,A,A,A,H,-,A,D,0,,,Y,,Y,,C,02,1,0,0,0,0,0,0,0,1,"- ","- ",37.224658966064453,-122.14273834228516,"SANTA CRUZ",UNINCORPORATED,-122.13230133056641,37.144966125488281
94716717,2025,2025-06-09,9720,2025-05-26,2050,024376,,1,2,9,4400,0,2,4,,1,021,"SOQUEL DR","RODEO GULCH RD",0.00,,Y,A,-,N,,,,,,,,,,Y,2,0,1,2,A,-,09,21801,A,N,A,C,A,A,H,-,C,A,0,,,Y,,Y,,A,01,1,0,0,0,0,0,0,0,1,"- ","- ",36.987598419189453,-121.96955871582031,"SANTA CRUZ",UNINCORPORATED,-121.96955871582031,36.987606048583984
8092266,2016,2016-08-02,4402,2016-07-09,1636,182,SANTA,6,5,5,4402,0,0,0,,0,00B,"BEACH ST","CLIFF ST",0.00,,Y,A,-,N,,,,,,,,,,N,2,0,1,1,A,-,03,22350,,N,E,J,A,A,H,-,A,D,0,,Y,,,Y,,L,04,1,0,0,0,0,0,1,0,0,"- ","- ",,,"SANTA CRUZ","SANTA CRUZ",-122.02017988,36.964170039999999
90385732,2017,2017-02-03,9720,2017-01-28,1438,021333,,6,2,9,4400,0,2,4,,1,016,"GRAHAM HILL RD","MICHAEL LN",528.00,S,N,A,-,N,,,,,,,,,,Y,2,0,1,1,A,-,08,22107,,N,E,J,A,A,H,-,A,D,0,,,Y,,Y,,C,02,1,0,0,0,0,0,0,0,1,"- ","- ",36.997700000000002,-122.02872000000001,"SANTA CRUZ",UNINCORPORATED,-122.02876659,36.997368360000003
91101573,2019,2019-10-21,9720,2019-10-11,2238,022162,,5,3,5,4402,0,3,5,,2,100,"EMPIRE GRADE RD","SMITH GRD",76.00,N,N,A,-,N,,,,,,,,,,Y,2,0,2,1,C,-,18,,,N,E,I,A,A,B,-,D,D,0,,,,,Y,,-,"- ",2,0,0,0,0,0,0,0,0,"- ","- ",37.029098510742188,-122.10079956054688,"SANTA CRUZ","SANTA CRUZ",-122.1871337890625,37.141914367675781
92012943,2023,2023-03-08,9720,2023-02-24,"600 ",023186,,5,1,9,4400,0,2,4,,1,016,"GRAHAM HILL RD","QUARRY RD",845.00,N,N,D,-,N,,,,,,,,,,Y,2,0,1,1,A,-,03,22350,,N,E,I,A,C,H,-,A,D,0,,,,,Y,,A,01,1,0,0,0,0,0,0,0,0,"- ","- ",37.042610168457031,-122.05059814453125,"SANTA CRUZ",UNINCORPORATED,,
6291461,2014,2015-12-18,9720,2014-06-21,2235,20252,,6,3,9,4400,0,3,5,,2,100,"QUAIL HOLLOW RD","VISTA ROBLES DR",1373.00,E,N,A,-,N,,,,,,,,,,Y,1,1,0,1,A,-,01,23152,A,N,E,I,A,A,H,-,D,D,0,,,Y,,Y,Y,C,02,0,0,0,0,0,0,0,1,0,"- ","- ",37.084519999999998,-122.06447,"SANTA CRUZ",UNINCORPORATED,-122.06460029,37.08464086
6431145,2014,2016-01-11,9720,2014-03-09,1421,018794,,7,2,9,4400,0,1,3,,2,030,"RT 1","RT 129",528.00,S,N,A,-,Y,SCR,5,1,-,R,0.620,H,-,N,Y,2,0,4,2,A,-,08,22107,,N,B,C,A,A,H,-,A,D,1,,,Y,,Y,,C,02,1,3,0,0,0,0,0,0,4,TO,"- ",36.890999999999998,-121.77334,"SANTA CRUZ",UNINCORPORATED,-121.77371956,36.892963899999998
8172829,2016,2017-02-18,4403,2016-11-16,1735,281,223,3,5,4,4403,0,0,0,,0,002,"MAIN ST",CROSSROADS,0.00,,Y,A,-,Y,SCR,5,152,-,T,1.384,I,5,W,Y,2,0,1,2,A,-,09,21453,C,N,D,C,A,A,H,-,C,A,0,,,Y,,Y,,A,07,1,0,0,0,0,0,0,0,1,"- ","- ",,,"SANTA CRUZ",WATSONVILLE,-121.78062299,36.918095489999999
90812479,2018,2018-12-13,9720,2018-09-10,1215,017642,,1,1,9,4400,0,3,5,,2,300,"PAJARO LN","AIRPORT BLVD",200.00,S,N,A,-,N,,,,,,,,,,N,2,0,2,3,A,-,11,21954,A,N,G,B,D,A,H,-,A,A,0,Y,,,,Y,,N,60,1,1,0,0,2,0,0,0,0,"- ","- ",36.940650939941406,-121.77419281005859,"SANTA CRUZ",UNINCORPORATED,-121.77423095703125,36.940704345703125
92061036,2023,2023-05-04,9720,2023-04-20,1610,022901,,4,2,9,4400,0,1,3,,2,020,"SR-1 S/B","MORRISSEY BLVD",1584.00,S,N,A,-,Y,SCR,,1," "," ",15.496,H,,L,Y,2,0,1,2,A,-,03,22350,,N,C,C,A,A,H,-,A,D,0,,,Y,,Y,,C,02,1,0,0,0,0,0,0,0,1,"- ","- ",36.988170623779297,-121.99755859375,"SANTA CRUZ",UNINCORPORATED,-121.99755859375,36.988128662109375
92152088,2023,2023-08-24,9720,2023-08-12,1513,023245,,6,2,9,4400,0,3,5,,2,100,"MOUNT HERMON RD","GRAHAM HILL RD",4752.00,E,N,A,-,N,,,,,,,,,,N,2,0,1,1,B,-,22,,,N,F,A,A,A,H,-,A,D,0,,Y,,,Y,,-,"- ",1,0,0,0,0,0,1,0,0,"- ","- ",37.055561065673828,-122.05734252929688,"SANTA CRUZ",UNINCORPORATED,-122.05711364746094,37.055587768554688
92156319,2023,2023-08-28,9720,2023-08-15,1655,021304,,2,2,9,4400,0,2,4,,1,032,"GREEN VALLEY RD","MESA VERDE",10.00,E,N,A,-,N,,,,,,,,,,N,2,0,1,1,A,-,01,23152,A,N,E,8,A,A,D,-,A,D,0,,,,,Y,Y,D,22,1,0,0,0,0,0,0,0,0,"- ","- ",36.969409942626953,-121.76505279541016,"SANTA CRUZ",UNINCORPORATED,-121.76510620117188,36.969207763671875
90320977,2016,2016-11-16,9720,2016-11-01,0005,021211,,2,3,9,4400,0,1,3,,2,030,"SR-1 S/B","BUENA VISTA DR",4752.00,N,N,C,-,Y,,,1,,,,,,S,Y,2,0,2,1,A,-,03,22350,,N,E,I,A,B,H,-,C,D,0,,,,,Y,,A,01,2,0,0,0,0,0,0,0,0,"- ","- ",36.935470000000002,-121.82462,"SANTA CRUZ",UNINCORPORATED,-121.8245945,36.935555360000002
90961897,2019,2019-04-05,9720,2019-03-31,1300,021489,,7,1,9,4400,0,2,4,,1,023,"41ST AVE","SOQUEL DR",535.00,S,N,A,-,N,,,,,,,,,,Y,2,0,1,2,A,-,09,21804,A,N,D,C,A,A,H,-,A,A,0,,,Y,,Y,,A,01,1,0,0,0,0,0,0,0,1,"- ","- ",39.985870361328125,-121.96488952636719,"SANTA CRUZ",UNINCORPORATED,-121.96493530273438,36.985931396484375
91106821,2019,2019-10-25,9720,2019-10-11,2336,022162,,5,3,5,4402,0,2,4,,1,031,"FREEDOM BLVD","APPLETREE LN",880.00,E,N,A,-,Y,,,,,,,,,,Y,2,0,6,2,A,-,01,23152,A,N,A,C,A,A,H,-,D,D,0,,,,,Y,Y,A,01,3,3,0,0,0,0,0,0,0,"- ","- ",36.954391479492188,-121.79837799072266,"SANTA CRUZ","SANTA CRUZ",,
91875434,2022,2022-09-28,9720,2022-09-17,1834,023026,,6,2,9,4400,0,3,5,,2,300,"COWARD RD","CARLTON RD",1954.00,W,N,A,-,N,,,,,,,,,,Y,2,0,2,2,A,-,01,23152,A,N,A,C,A,A,H,-,A,D,0,,,,,Y,Y,A,01,1,1,0,0,0,0,0,0,0,"- ","- ",36.927169799804688,-121.71588897705078,"SANTA CRUZ",UNINCORPORATED,-121.71577453613281,36.927249908447266
6594663,2014,2016-05-04,4402,2014-07-21,2221,176,4402,1,5,5,4402,0,0,0,,0,00W,"SWIFT ST","MISSION ST",318.00,N,N,A,-,Y,SCR,5,1,-,-,20.470,H,-,S,Y,2,0,2,2,A,-,03,22350,,N,D,C,A,A,H,-,C,D,0,,,,,Y,,A,07,2,0,0,0,0,0,0,0,0,"- ","- ",,,"SANTA CRUZ","SANTA CRUZ",-122.06333463,36.961412549999999
8447663,2017,2017-10-04,4403,2017-08-27,1632,9761,112,7,5,4,4403,0,0,0,,0,001,"LINCOLN ST",BOCKIUS,0.00,,Y,A,-,N,,,,,,,,,,N,2,0,4,3,A,-,09,21802,A,N,D,E,A,A,H,-,A,D,0,,,,,Y,Y,A,01,2,0,2,0,0,0,0,0,0,"- ","- ",,,"SANTA CRUZ",WATSONVILLE,-121.75021993999999,36.911940080000001
8648318,2018,2020-05-26,4401,2018-10-06,1946,522,SANTA,6,5,3,4401,0,0,0,,0,007,"BAY AV","RT 1",218.00,S,N,A,-,N,,,,,,,,,,Y,1,1,0,2,A,-,11,21954,A,N,G,B,D,A,H,-,D,D,0,Y,,,,Y,Y,N,60,0,0,0,1,0,0,0,0,0,"- ","- ",,,"SANTA CRUZ",CAPITOLA,-121.95694732666016,36.982688903808594
9316970,2021,2021-08-31,4404,2021-06-15,1535,5100,4404,2,5,3,4404,0,0,0,,0,00S,"LUNDY LN","ARABIAN WY",0.00,,Y,A,-,N,,,,,,,,,,N,2,0,1,2,A,-,09,21804,A,N,H,G,A,A,H,-,A,D,0,,Y,,,Y,,L,04,1,0,0,0,0,0,1,0,0,"- ","- ",37.040420532226562,-122.02761077880859,"SANTA CRUZ","SCOTTS VALLEY",-122.02758026123047,37.041046142578125
90645949,2018,2018-01-23,9720,2018-01-12,0716,021877,,5,1,9,4400,0,3,5,,2,300,"BUENA VISTA DR.","MONUMENT AVE",178.00,N,N,A,-,N,,,,,,,,,,Y,2,0,3,2,A,-,09,21804,A,N,D,C,A,A,H,-,A,D,0,,,,,Y,,A,01,1,0,2,0,0,0,0,0,0,"- ","- ",36.941608428955078,-121.78428649902344,"SANTA CRUZ",UNINCORPORATED,-121.78427124023438,36.941581726074219
90736157,2018,2018-05-29,9720,2018-05-13,0800,021270,,7,1,9,4400,0,1,3,,1,010,"SR-1 N/B","BONNY DOON RD",600.00,N,N,A,-,Y,,,1,,,,,,N,Y,2,0,2,2,A,-,05,21460,A,N,A,C,A,A,H,-,A,D,0,,,,,Y,,A,07,2,0,0,0,0,0,0,0,0,"- ","- ",37.005901336669922,-122.18560028076172,"SANTA CRUZ",UNINCORPORATED,-122.18560028076172,37.005901336669922
90887341,2018,2018-12-20,9720,2018-08-12,0150,021969,,7,3,9,4400,0,1,3,,1,015,SR-9,"GLENGARRY RD",1109.00,S,N,A,-,Y,,,9,,,,,,,Y,1,1,0,1,A,-,01,23152,G,N,E,I,A,A,H,-,D,D,0,,,,,Y,Y,A,01,0,0,0,0,0,0,0,0,0,"- ","- ",37.030841827392578,-122.06192779541016,"SANTA CRUZ",UNINCORPORATED,-122.06193542480469,37.030857086181641
94486788,2024,2024-11-27,9720,2024-11-19,"644 ",019521,,2,1,9,4400,0,1,3,,2,030,"SR-1 N/B","BUENA VISTA DR",4490.00,N,N,A,-,Y,SCR,,1," ",R,4.935,H,,R,Y,2,0,1,2,A,-,03,22350,,N,C,C,A,A,H,-,B,D,0,,,,,Y,Y,D,22,1,0,0,0,0,0,0,0,0,"- ","- ",36.936008453369141,-121.82494354248047,"SANTA CRUZ",UNINCORPORATED,-121.82491302490234,36.936061859130859
90181835,2016,2016-05-18,9720,2016-04-28,1815,021227,,4,2,9,4400,0,3,5,,2,100,"SIMS RD","LA MADRONA DR",0.00,,Y,A,-,N,,,,,,,,,,N,2,0,1,2,A,-,12,22450,A,F,D,C,A,A,H,-,A,A,0,,,,,Y,,A,01,1,0,0,0,0,0,0,0,0,"- ","- ",37.016559999999998,-122.02758,"SANTA CRUZ",UNINCORPORATED,-122.02761989,37.016500100000002
91238021,2020,2020-05-14,9720,2020-05-07,1315,022471,,4,1,9,4400,0,3,5,,2,200,"EL RANCHO DR","CARBONERA DR",528.00,N,N,A,-,N,,,,,,,,,,Y,2,0,1,2,A,-,03,22350,,N,F,A,A,A,H,-,A,D,0,,,Y,,Y,,C,02,1,0,0,0,0,0,0,0,1,"- ","- ",37.004238128662109,-122.02020263671875,"SANTA CRUZ",UNINCORPORATED,-122.02016448974609,37.003131866455078
91871272,2022,2022-09-22,9720,2022-09-10,1022,023066,,6,1,9,4400,0,1,3,,1,013,SR-35,"MOUNTAIN CHARLIE RD.",1056.00,N,N,B,-,Y,SCR,,35,,,0.296,H,,R,N,2,0,2,3,A,-,05,21460,A,N,H,G,A,B,H,-,A,D,0,,Y,,,Y,,L,04,1,1,0,0,0,0,2,0,0,"- ","- ",37.144798278808594,-121.98725128173828,"SANTA CRUZ",UNINCORPORATED,-121.98726654052734,37.144847869873047
8767687,2018,2019-01-11,4403,2018-11-20,0801,335,4-03,2,5,4,4403,0,0,0,,0,004,"CLIFFORD AV","FREEDOM BL",122.00,W,N,A,-,N,,,,,,,,,,N,2,0,1,2,A,-,11,21954,A,N,G,B,D,A,H,-,A,D,0,Y,,,,Y,,N,60,1,0,0,0,1,0,0,0,0,"- ","- ",,,"SANTA CRUZ",WATSONVILLE,-121.76848602294922,36.930049896240234
9550924,2023,2023-05-04,4401,2023-01-19,1422,523,4401,4,5,3,4401,0,0,0,,0,,"STOCKTON AV",ESPLANADE,0.00,,Y,A,-,N,,,,,,,,,,N,2,0,1,2,A,-,10,21950,A,N,-,-,B,A,H,-,A,A,0,Y,Y,,,Y,,L,04,1,0,0,0,1,0,0,0,0,"- ","- ",,,"SANTA CRUZ",CAPITOLA,-121.95256805419922,36.972694396972656
91745135,2022,2022-04-11,9720,2022-03-28,1639,018171,,1,2,9,4400,0,2,4,,1,023,"E. CLIFF DRIVE","7TH AVE",210.00,W,N,A,-,N,,,,,,,,,,N,2,0,1,2,A,-,05,21460,A,F,A,C,A,A,H,-,A,D,0,,,Y,,Y,,-,99,1,0,0,0,0,0,0,0,1,"- ","- ",36.962558746337891,-121.99889373779297,"SANTA CRUZ",UNINCORPORATED,-121.99874877929688,36.962635040283203
6528519,2014,2014-08-13,4402,2014-06-13,2243,179,SANTA,5,5,5,4402,0,0,0,,0,00B,"SAN LORENZO BL","OCEAN ST",150.00,W,N,A,-,N,,,,,,,,,,N,2,0,1,2,A,-,08,22107,,N,D,G,A,A,H,-,C,A,0,,Y,,,Y,Y,L,04,1,0,0,0,0,0,1,0,0,"- ","- ",,,"SANTA CRUZ","SANTA CRUZ",-122.01675122,36.968739120000002
8447307,2017,2017-09-11,4402,2017-08-24,1707,150,4402,4,5,5,4402,0,0,0,,0,000,"MURRAY ST","BROOK AV",0.00,,Y,A,-,N,,,,,,,,,,N,2,0,1,2,A,-,09,21801,A,N,D,G,A,A,H,-,A,D,0,,Y,,,Y,,A,01,1,0,0,0,0,0,1,0,0,"- ","- ",,,"SANTA CRUZ","SANTA CRUZ",-122.00949994,36.966900029999998
91450685,2021,2021-04-14,9720,2021-04-04,2000,022140,,7,2,9,4400,0,2,4,,1,021,"SOQUEL DRIVE","APTOS CREEK RD",10.00,W,N,B,-,N,,,,,,,,,,Y,2,0,1,2,A,-,12,21453,A,N,H,G,A,A,H,-,D,A,0,,Y,,,Y,,L,04,1,0,0,0,0,0,1,0,0,"- ","- ",36.977039337158203,-121.90251159667969,"SANTA CRUZ",UNINCORPORATED,-121.90235900878906,36.977066040039062
91834915,2022,2022-08-08,9720,2022-08-01,2050,022511,,1,2,9,4400,0,2,4,,1,023,"7TH AVE","RODRIGUEZ ST",120.00,S,N,A,-,N,,,,,,,,,,N,2,0,1,1,A,-,03,22350,,N,E,I,A,A,H,-,C,D,0,,,Y,,Y,,C,02,1,0,0,0,0,0,0,0,1,"- ","- ",36.981189727783203,-121.98954772949219,"SANTA CRUZ",UNINCORPORATED,-121.98961639404297,36.981182098388672
92294782,2023,2024-01-23,9720,2023-07-28,2500,023214,,5,4,9,4400,0,3,5,,2,100,"BEAR CREEK ROAD","HAWK RIDGE ROAD",566.00,E,N,B,-,N,,,,,,,,,,Y,1,1,0,1,A,-,08,22107,,N,E,8,A,B,H,-,B,D,0,,,,,Y,,A,01,0,0,0,0,0,0,0,0,0,"- ","- ",37.161689758300781,-122.07936096191406,"SANTA CRUZ",UNINCORPORATED,-122.07955169677734,37.161685943603516
6291513,2014,2015-01-27,9720,2014-09-21,1600,18756,,7,2,9,4400,0,1,3,,2,030,"RT 1","GREEN VALLEY RD",422.00,S,N,A,-,Y,SCR,5,1,-,R,2.112,R,2,N,Y,1,1,1,1,A,-,01,23152,A,N,E,I,A,A,H,-,A,D,1,,,,,Y,Y,D,22,0,0,1,0,0,0,0,0,0,TO,"- ",36.913710000000002,-121.78585,"SANTA CRUZ",UNINCORPORATED,-121.78549854000001,36.912439429999999
6291812,2014,2015-01-12,9720,2014-11-19,0637,18071,,3,1,9,4400,0,1,3,,1,015,"RT 9","CALIFORNIA ST",1056.00,N,N,B,C,Y,SCR,5,9,-,-,10.370,H,-,N,Y,1,1,0,2,A,-,05,21460,A,N,D,C,A,B,H,-,A,D,0,,,,,Y,,A,01,0,0,0,0,0,0,0,0,0,"- ","- ",37.101109999999998,-122.10245,"SANTA CRUZ",UNINCORPORATED,-122.09792284,37.098287020000001
6291819,2014,2016-01-14,9720,2014-11-29,1458,18635,,6,2,9,4400,0,1,3,,1,035,"RT 129","OLD CHITTENDEN RD",491.00,W,N,B,-,Y,SCR,5,129,-,-,9.880,H,-,W,Y,1,2,2,2,A,-,03,22350,,N,D,C,A,B,H,-,A,D,0,,,,,Y,,A,01,1,1,0,0,0,0,0,0,0,"- ","- ",36.901429999999998,-121.59950000000001,"SANTA CRUZ",UNINCORPORATED,-121.59930288,36.90126291
6361018,2014,2014-06-09,4402,2014-01-12,0015,198,SCZ,7,5,5,4402,0,0,0,,0,WEST,"BAY ST","ANITA ST",96.00,S,N,A,-,N,,,,,,,,,,N,2,0,1,2,D,-,00,,,N,H,G,A,A,H,-,C,D,0,,Y,,,Y,Y,-,"- ",1,0,0,0,0,0,1,0,0,"- ","- ",,,"SANTA CRUZ","SANTA CRUZ",-122.04189017,36.967529380000002
6371577,2014,2016-01-11,9720,2014-01-19,0830,18231,,7,1,9,4400,0,1,3,,2,020,"RT 1","STATE PARD DR",503.00,S,N,A,-,Y,SCR,5,1,-,-,10.394,R,2,N,Y,2,0,1,1,A,-,08,22107,,N,F,A,A,A,H,-,A,D,1,,,Y,,Y,,C,02,1,0,0,0,0,0,0,0,1,TO,"- ",36.97748,-121.90859,"SANTA CRUZ",UNINCORPORATED,-121.90820715,36.976945630000003
6429424,2014,2014-06-26,9720,2014-02-13,1630,14653,,4,2,9,4400,0,2,4,,1,024,"EAST CLIFF DR","ROCKVIEW DR",15.00,W,N,B,-,N,,,,,,,,,,N,2,0,1,1,A,-,03,22350,,N,F,A,A,A,A,-,A,D,0,,Y,,,Y,,L,04,1,0,0,0,0,0,1,0,0,"- ","- ",36.572099999999999,-121.58280000000001,"SANTA CRUZ",UNINCORPORATED,-121.9744312,36.955843129999998
6431049,2014,2014-06-28,9720,2014-03-15,1215,19702,,6,1,9,4400,0,3,5,,2,300,"MOUNT MADONNA RD","GAFFEY RD",528.00,S,N,A,-,N,,,,,,,,,,N,2,0,1,1,C,-,18,,,N,H,A,A,A,H,-,A,D,0,,Y,,,Y,,-,"- ",1,0,0,0,0,0,1,0,0,"- ","- ",36.988909999999997,-121.73957,"SANTA CRUZ",UNINCORPORATED,-121.73888359999999,36.987808790000003
6431069,2014,2014-06-28,9720,2014-03-27,1740,16633,,4,2,9,4400,0,3,5,,2,300,"AMESTI RD","LINDEN RD",48.00,N,N,A,-,N,,,,,,,,,,N,2,0,1,1,A,-,21,22106,,N,F,A,A,A,H,-,A,D,0,,,Y,,Y,,C,02,1,0,0,0,0,0,0,0,1,"- ","- ",36.966479999999997,-121.79340999999999,"SANTA CRUZ",UNINCORPORATED,-121.79344216,36.96654745
6434249,2014,2014-07-09,4403,2014-03-12,1529,281,1-09,3,5,4,4403,0,0,0,,0,001,"MAIN ST","1ST ST",0.00,,Y,A,-,N,,,,,,,,,,Y,2,0,1,2,A,-,10,21950,A,N,G,B,B,A,H,-,A,A,0,Y,,,,Y,,A,01,1,0,0,0,1,0,0,0,0,"- ","- ",,,"SANTA CRUZ",WATSONVILLE,-121.75395988,36.907660020000002
6447135,2014,2014-07-26,4402,2014-04-07,0036,111,SCZ,1,5,5,4402,0,0,0,,0,,"MISSION ST","EMMET ST",135.00,E,N,A,-,N,,,,,,,,,,Y,2,0,1,2,A,-,01,23153,A,N,A,C,A,A,H,-,C,D,0,,,Y,,Y,Y,A,01,1,0,0,0,0,0,0,0,1,"- ","- ",,,"SANTA CRUZ","SANTA CRUZ",-122.02936652,36.977338459999999
6459877,2014,2016-04-07,4402,2014-04-12,2026,143,4402,6,5,5,4402,0,0,0,,0,,"RT 1","RIVER ST",0.00,,Y,-,-,Y,SCR,5,1,-,-,17.560,I,5,N,Y,2,0,1,2,A,-,01,23152,,N,G,B,B,B,H,-,C,A,0,Y,,,,Y,Y,D,22,1,0,0,0,1,0,0,0,0,"- ","- ",,,"SANTA CRUZ","SANTA CRUZ",-122.0298081,36.984500220000001
6505459,2014,2014-07-29,9720,2014-05-16,0045,020385,,5,3,9,4400,0,3,5,,2,100,"EMPIRE GRADE RD","JAMISON CREEK RD",3696.00,N,N,A,-,N,,,,,,,,,,Y,2,0,1,1,A,-,01,23152,A,N,E,I,A,A,H,-,D,D,0,,,,,Y,Y,A,01,1,0,0,0,0,0,0,0,0,"- ","- ",37.142569999999999,-122.19241,"SANTA CRUZ",UNINCORPORATED,-122.18704,37.141930000000002