CASE_ID,ACCIDENT_YEAR,PROC_DATE,JURIS,COLLISION_DATE,COLLISION_TIME,OFFICER_ID,REPORTING_DISTRICT,DAY_OF_WEEK,CHP_SHIFT,POPULATION,CNTY_CITY_LOC,SPECIAL_COND,BEAT_TYPE,CHP_BEAT_TYPE,CITY_DIVISION_LAPD,CHP_BEAT_CLASS,BEAT_NUMBER,PRIMARY_RD,SECONDARY_RD,DISTANCE,DIRECTION,INTERSECTION,WEATHER_1,WEATHER_2,STATE_HWY_IND,CALTRANS_COUNTY,CALTRANS_DISTRICT,STATE_ROUTE,ROUTE_SUFFIX,POSTMILE_PREFIX,POSTMILE,LOCATION_TYPE,RAMP_INTERSECTION,SIDE_OF_HWY,TOW_AWAY,COLLISION_SEVERITY,NUMBER_KILLED,NUMBER_INJURED,PARTY_COUNT,PRIMARY_COLL_FACTOR,PCF_CODE_OF_VIOL,PCF_VIOL_CATEGORY,PCF_VIOLATION,PCF_VIOL_SUBSECTION,HIT_AND_RUN,TYPE_OF_COLLISION,MVIW,PED_ACTION,ROAD_SURFACE,ROAD_COND_1,ROAD_COND_2,LIGHTING,CONTROL_DEVICE,CHP_ROAD_TYPE,PEDESTRIAN_ACCIDENT,BICYCLE_ACCIDENT,MOTORCYCLE_ACCIDENT,TRUCK_ACCIDENT,NOT_PRIVATE_PROPERTY,ALCOHOL_INVOLVED,STWD_VEHTYPE_AT_FAULT,CHP_VEHTYPE_AT_FAULT,COUNT_SEVERE_INJ,COUNT_VISIBLE_INJ,COUNT_COMPLAINT_PAIN,COUNT_PED_KILLED,COUNT_PED_INJURED,COUNT_BICYCLIST_KILLED,COUNT_BICYCLIST_INJURED,COUNT_MC_KILLED,COUNT_MC_INJURED,PRIMARY_RAMP,SECONDARY_RAMP,LATITUDE,LONGITUDE,COUNTY,CITY,POINT_X,POINT_Y
90020166,2015,2015-10-19,9720,2015-09-11,0933,017642,,5,1,9,4400,0,1,3,,2,020,"SR-1 N/B","CAPITOLA AVE",300.00,S,N,A,-,Y,,,1,,,,,,N,Y,2,0,1,3,A,-,03,22350,,N,C,C,A,A,H,-,A,D,0,,,Y,,Y,,A,07,1,0,0,0,0,0,0,0,1,"- ","- ",36.98386,-121.95095000000001,"SANTA CRUZ",UNINCORPORATED,-121.9509489,36.983848479999999
90026356,2015,2015-10-19,9720,2015-09-25,1820,021044,,5,2,9,4400,0,3,5,,2,300,"EUREKA CANYON RD","GRIZZLY FLAT RD",190.00,N,N,A,-,N,,,,,,,,,,Y,2,0,1,1,A,-,08,22107,,N,F,A,A,A,H,-,B,D,0,,,,,Y,,A,01,1,0,0,0,0,0,0,0,0,"- ","- ",37.044879999999999,-121.7984,"SANTA CRUZ",UNINCORPORATED,-121.79957807,37.044944579999999
90026365,2015,2015-10-19,9720,2015-09-27,2500,018601,,7,4,3,4404,0,1,3,,1,017,"SR-17 S/B","MT. HERMON RD.",4224.00,N,N,A,-,Y,,,,,,,,,,Y,2,0,1,1,A,-,08,22107,,N,E,I,A,A,H,-,D,D,0,,,,,Y,,A,07,1,0,0,0,0,0,0,0,0,"- ","- ",37.043219999999998,-122.88203,"SANTA CRUZ","SCOTTS VALLEY",-122.01924,37.036839999999998
90026634,2015,2015-10-19,9720,2015-09-24,1223,017642,,4,1,9,4400,0,3,5,,2,300,"CORRALITOS RD","MERK RD",300.00,N,N,A,-,N,,,,,,,,,,Y,2,0,1,1,A,-,08,22107,,N,E,I,A,A,H,-,A,D,0,,,,,Y,,A,01,1,0,0,0,0,0,0,0,0,"- ","- ",36.97063,-121.80692000000001,"SANTA CRUZ",UNINCORPORATED,-121.80685337,36.97054971
90029947,2015,2015-10-19,9720,2015-10-02,1505,018601,,5,2,5,4402,0,1,3,,2,020,"SR-1 N/B","MORRISSEY BLVD",2112.00,S,N,A,-,Y,,,1,,,,,,N,Y,2,0,1,1,A,-,03,22350,,N,F,A,A,A,H,-,A,D,0,,,Y,,Y,,C,02,1,0,0,0,0,0,0,0,1,"- ","- ",36.988280000000003,-121.99784,"SANTA CRUZ","SANTA CRUZ",-121.99783982,36.988291959999998
90030084,2015,2015-10-19,9720,2015-10-03,1932,019978,,6,2,9,4400,0,2,4,,1,032,"HOLOHAN RD",SR-152,167.00,N,N,A,-,Y,,,,,,,,,,Y,2,0,1,2,A,-,09,21804,A,N,D,C,A,A,H,-,C,D,0,,,Y,,Y,,A,01,1,0,0,0,0,0,0,0,1,"- ","- ",36.935809999999996,-121.74379,"SANTA CRUZ",UNINCORPORATED,,
90042720,2015,2015-11-02,9720,2015-08-28,1410,017642,,5,2,9,4400,0,3,5,,2,300,"CARLTON RD","LAKEVIEW RD",1584.00,N,N,A,-,N,,,,,,,,,,Y,2,0,2,1,A,-,01,23152,A,F,E,I,A,A,H,-,A,D,0,,,,,Y,Y,D,22,1,1,0,0,0,0,0,0,0,"- ","- ",36.950449999999996,-121.72072,"SANTA CRUZ",UNINCORPORATED,-121.72069712,36.94946865
90082795,2015,2015-12-28,9720,2015-12-05,1536,021045,,6,2,9,4400,0,1,3,,1,015,SR-9,SR-236,3696.00,S,N,A,-,Y,,,9,,,,,,,Y,2,0,1,1,A,-,03,22350,,N,E,I,A,A,H,-,A,D,0,,,Y,,Y,,C,02,1,0,0,0,0,0,0,0,1,"- ","- ",37.213270000000001,-122.14809,"SANTA CRUZ",UNINCORPORATED,-122.14823868000001,37.213181159999998
90087130,2015,2016-01-04,9720,2015-12-18,2500,021045,,5,4,9,4400,0,3,5,,2,100,"FELTON EMPIRE RD",SR-9,8131.00,W,N,B,-,N,,,,,,,,,,N,2,0,1,1,A,-,08,22107,,N,F,J,A,B,H,-,A,D,0,,,,,Y,,D,22,1,0,0,0,0,0,0,0,0,"- ","- ",37.052489999999999,-122.09358,"SANTA CRUZ",UNINCORPORATED,-122.09344,37.052619960000001
90115473,2015,2016-08-01,9720,2015-10-19,1019,018239,,1,1,4,4403,0,2,S,,2,901,"HARKINS SLOUGH RD.","BAY VIEW DR.",748.00,E,N,A,-,N,,,,,,,,,,Y,1,1,1,2,A,-,09,21804,A,N,D,C,A,A,H,-,A,A,0,,,,,Y,,K,45,0,1,0,0,0,0,0,0,0,"- ","- ",36.91348,-121.77143,"SANTA CRUZ",WATSONVILLE,-121.77147778,36.913443559999997
90116079,2016,2016-02-16,9720,2016-01-26,1455,019692,,2,2,9,4400,0,3,5,,2,200,"SOQUEL AVE","MATTISON LN",410.00,E,N,A,-,N,,,,,,,,,,Y,2,0,1,2,A,-,01,23152,A,N,A,C,A,A,H,-,A,D,0,,,,,Y,Y,A,01,1,0,0,0,0,0,0,0,0,"- ","- ",36.982759999999999,-121.96951,"SANTA CRUZ",UNINCORPORATED,-121.97271318999999,36.983455550000002
90127931,2016,2016-03-02,9720,2016-02-18,0550,021230,,4,3,9,4400,0,1,3,,1,035,SR-129,"MURPHY CROSSING RD",241.00,E,N,B,-,Y,,,129,,,,,,,Y,2,0,2,2,A,-,03,22350,,N,D,C,A,B,H,-,D,D,0,,,,,Y,,A,01,1,0,1,0,0,0,0,0,0,"- ","- ",36.91422,-121.67564,"SANTA CRUZ",UNINCORPORATED,-121.67563996,36.91418462
90130985,2016,2016-03-14,9720,2016-02-27,1415,021116,,6,2,9,4400,0,1,3,,1,015,SR-9,"SOUTH ST",84.00,N,N,A,-,Y,,,9,,,,,,,N,2,0,2,2,A,-,11,21954,A,N,G,B,E,A,H,-,A,D,0,Y,,Y,,Y,,N,60,1,1,0,0,1,0,0,0,1,"- ","- ",37.118740000000003,-122.12067999999999,"SANTA CRUZ",UNINCORPORATED,-122.12070113999999,37.118737459999998
90155355,2016,2016-04-12,9720,2016-04-01,2030,021044,,5,2,9,4400,0,1,3,,2,020,"SR-1 S/B","MORRISSEY BLVD",300.00,N,N,A,-,Y,,,,,,,,,,Y,2,0,1,1,A,-,03,22350,,N,E,I,A,A,H,-,C,D,0,,,Y,,Y,,C,02,1,0,0,0,0,0,0,0,1,"- ","- ",36.988259999999997,-122.00787,"SANTA CRUZ",UNINCORPORATED,,
90158904,2016,2016-04-15,9720,2016-04-04,1145,021227,,1,1,9,4400,0,1,3,,1,017,"SR-17 S/B","SIMS RD",2112.00,N,N,A,-,Y,,,,,,,,,,Y,2,0,1,2,A,-,01,23152,A,N,B,C,A,A,H,-,A,D,0,,,,,Y,Y,A,01,1,0,0,0,0,0,0,0,0,"- ","- ",37.025730000000003,-121.02652,"SANTA CRUZ",UNINCORPORATED,,
90187167,2016,2016-05-25,9720,2016-05-21,1235,021178,,6,1,9,4400,0,3,5,,2,300,"HAZEL DELL RD","HAZEL DELL HEIGHTS",1056.00,E,N,B,-,N,,,,,,,,,,N,2,0,1,1,A,-,03,22350,,N,F,A,A,A,H,-,A,D,0,,Y,,,Y,,L,04,1,0,0,0,0,0,1,0,0,"- ","- ",37.007899999999999,-121.7484,"SANTA CRUZ",UNINCORPORATED,-121.7518134,37.012533400000002
90216779,2016,2016-07-06,9720,2016-06-27,1540,021227,,1,2,9,4400,0,3,5,,2,100,"MARTIN RD","ICE CREAM GRD",2640.00,E,N,A,-,N,,,,,,,,,,Y,2,0,1,1,A,-,08,22107,,N,E,I,A,A,H,-,A,D,0,,,,,Y,,A,01,1,0,0,0,0,0,0,0,0,"- ","- ",37.055010000000003,-122.13968,"SANTA CRUZ",UNINCORPORATED,-122.1381399,37.053545990000003
90235753,2016,2016-08-02,9720,2016-07-22,0930,021248,,5,1,9,4400,0,3,5,,2,100,"BONNY DOON RD",SR-1,7392.00,N,N,A,-,N,,,,,,,,,,N,2,0,1,1,A,-,08,22107,,N,F,A,A,A,H,-,A,D,0,,Y,,,Y,,L,04,1,0,0,0,0,0,1,0,0,"- ","- ",37.016539999999999,-122.16999,"SANTA CRUZ",UNINCORPORATED,-122.17040419999999,37.016365399999998
90261058,2016,2016-09-05,9720,2016-08-22,1810,021268,,1,2,9,4400,0,2,4,,1,021,"SOQUEL DR","COTTON LN",10.00,E,N,A,-,N,,,,,,,,,,Y,2,0,1,1,A,-,01,23152,A,N,E,I,A,A,H,-,A,D,0,,,,,Y,Y,D,22,1,0,0,0,0,0,0,0,0,"- ","- ",36.987900000000003,-121.96380000000001,"SANTA CRUZ",UNINCORPORATED,-121.96367709,36.987647600000003
90275758,2016,2016-09-26,9720,2016-09-08,1746,020245,,4,2,9,4400,0,2,4,,1,021,"TROUT GULCH RD","OSPREY LN",300.00,N,N,A,-,N,,,,,,,,,,Y,2,0,1,1,A,-,01,23152,A,N,E,I,A,A,H,-,A,D,0,,,,,Y,Y,A,07,1,0,0,0,0,0,0,0,0,"- ","- ",36.978859999999997,-121.89525,"SANTA CRUZ",UNINCORPORATED,-121.89752616,36.979299589999997
90286976,2016,2016-10-10,9720,2016-09-22,0220,021140,,4,3,9,4400,0,2,4,,1,022,"SOQUEL SAN JOSE RD","CONFERENCE GROUND RD",528.00,N,N,A,-,N,,,,,,,,,,Y,2,0,1,1,A,-,08,22107,,N,E,I,A,A,H,-,D,D,0,,,,,Y,,A,01,1,0,0,0,0,0,0,0,0,"- ","- ",37.016350000000003,-121.95182,"SANTA CRUZ",UNINCORPORATED,-121.95188463,37.015641520000003
90289635,2016,2016-10-12,9720,2016-09-06,1835,020562,,2,2,9,4400,0,2,4,,1,021,"SOQUEL DR","SR-1 N/B",0.00,,Y,A,-,N,,,,,,,,,,N,2,0,2,2,A,-,09,21804,A,N,C,B,A,A,H,-,A,D,0,,Y,Y,,Y,,L,04,1,0,1,0,0,0,1,0,1,"- ","- ",36.987760000000002,-121.98584,"SANTA CRUZ",UNINCORPORATED,-121.9852674,36.987848319999998
90331018,2016,2016-11-28,9720,2016-11-17,1428,021211,,4,2,9,4400,0,1,3,,1,035,SR-129,"CARLTON RD",0.00,,Y,A,-,Y,,,129,,,,,,,Y,2,0,3,2,A,-,09,21802,A,N,D,C,A,A,H,-,A,A,0,,,,,Y,,A,07,1,2,0,0,0,0,0,0,0,"- ","- ",36.924140000000001,-121.69781999999999,"SANTA CRUZ",UNINCORPORATED,-121.69781515,36.924167879999999
90366738,2016,2017-01-11,9720,2016-12-27,2154,021367,,2,2,9,4400,0,2,4,,1,016,"GRAHAM HILL RD","COVERED BRIDGE RD  S",50.00,E,N,A,-,N,,,,,,,,,,N,2,0,1,2,A,-,10,21950,A,N,G,B,B,B,H,-,C,D,0,Y,,,,Y,,A,01,1,0,0,0,1,0,0,0,0,"- ","- ",37.051470000000002,-122.06878,"SANTA CRUZ",UNINCORPORATED,-122.06831173,37.051298840000001
90367188,2016,2017-01-11,9720,2016-12-31,1050,020805,,6,1,9,4400,0,1,3,,1,015,SR-9,"GRAHAM HILL RD",528.00,N,N,B,C,Y,,,9,,,,,,,N,2,0,1,1,A,-,13,22515,A,N,E,I,A,B,H,-,A,D,0,,,,,Y,,A,01,1,0,0,0,0,0,0,0,0,"- ","- ",37.054400000000001,-122.07389999999999,"SANTA CRUZ",UNINCORPORATED,-122.0739981,37.054329330000002
90373267,2016,2017-01-19,9720,2016-10-14,1732,021333,,5,2,9,4400,0,1,3,,1,014,"RT 9","BLAIR ROAD",300.00,N,N,C,-,Y,,,9,,,,,,,Y,1,1,0,1,A,-,08,22107,,N,E,I,A,B,H,-,B,D,0,,,,,Y,,A,01,0,0,0,0,0,0,0,0,0,"- ","- ",37.180759999999999,-122.14093,"SANTA CRUZ",UNINCORPORATED,-122.1408308,37.18085619
90382667,2017,2017-01-31,9720,2017-01-27,1520,020562,,5,2,9,4400,0,1,3,,1,010,SR-1,"SWANTON RD",528.00,N,N,A,-,Y,,,1,,,,,,,Y,2,0,1,2,A,-,09,21801,A,N,A,C,A,A,H,-,A,D,0,,,,,Y,,A,01,1,0,0,0,0,0,0,0,0,"- ","- ",37.030299999999997,-122.21906,"SANTA CRUZ",UNINCORPORATED,-122.2190854,37.030258940000003
90385380,2017,2017-02-15,9720,2017-01-27,1053,021477,,5,1,9,4400,0,3,5,,2,300,"LARKIN VALLEY RD.","QUAIL CANYON",155.00,N,N,A,-,N,,,,,,,,,,Y,2,0,3,2,A,-,05,21460,A,N,A,C,A,B,H,-,A,D,0,,,,,Y,,D,22,2,0,1,0,0,0,0,0,0,"- ","- ",36.951909999999998,-121.83611999999999,"SANTA CRUZ",UNINCORPORATED,-121.8358035,36.95181427
90407717,2016,2017-03-07,9720,2016-09-12,0615,021387,,1,1,9,4400,0,2,4,,1,024,"E. CLIFF DR.","PROSPECT AVE",144.00,E,N,A,-,N,,,,,,,,,,Y,1,1,0,2,A,-,03,22350,,N,F,A,A,A,H,-,D,D,0,,,Y,Y,Y,,C,02,0,0,0,0,0,0,0,1,0,"- ","- ",36.963540000000002,-121.99506,"SANTA CRUZ",UNINCORPORATED,-121.99490111,36.963708629999999
90412845,2017,2017-03-15,9720,2017-03-10,1716,020897,,5,2,9,4400,0,1,3,,2,030,"SR-1 S/B","MAR MONTE AVE",1373.00,N,N,A,-,Y,,,,,,,,,,Y,2,0,1,1,A,-,08,22107,,N,F,A,A,A,H,-,A,D,0,,,,,Y,,A,01,1,0,0,0,0,0,0,0,0,"- ","- ",36.552619999999997,-121.85482,"SANTA CRUZ",UNINCORPORATED,,
90425985,2017,2017-04-03,9720,2017-03-29,1849,020562,,3,2,9,4400,0,1,3,,1,017,"SR-17 N/B","GLENWOOD DR",2112.00,S,N,A,-,Y,,,17,,,,,,N,Y,2,0,1,1,A,-,03,22350,,N,E,I,A,A,H,-,A,D,0,,,Y,,Y,,C,02,1,0,0,0,0,0,0,0,1,"- ","- ",37.114890000000003,-121.97474,"SANTA CRUZ",UNINCORPORATED,-121.9747433,37.114887639999999
90455448,2017,2017-05-15,9720,2017-05-08,0053,021333,,1,3,9,4400,0,1,3,,2,020,"STATE ROUTE 1 NORTHBOUND","EMELINE AVE",1584.00,N,N,A,-,Y,,,,,,,,,,Y,2,0,1,1,A,-,01,23152,A,N,E,I,A,A,H,-,C,D,0,,,,,Y,Y,A,01,1,0,0,0,0,0,0,0,0,"- ","- ",37.989800000000002,-122.02166,"SANTA CRUZ",UNINCORPORATED,-122.02177,36.989809999999999
90455482,2017,2017-05-15,9720,2017-05-07,2200,021183,,7,3,9,4400,0,3,5,,2,300,"CORRALITOS RD","SKYLARK LN",700.00,S,N,A,-,N,,,,,,,,,,N,2,0,1,2,A,-,08,22107,,F,G,B,E,A,H,-,D,D,0,Y,,,,Y,,-,99,1,0,0,0,1,0,0,0,0,"- ","- ",36.974899999999998,-121.80634000000001,"SANTA CRUZ",UNINCORPORATED,-121.80642982000001,36.974961800000003
90489792,2016,2017-06-28,9720,2016-10-26,2027,020897,,3,2,9,4400,0,2,4,,1,021,"SOQUEL DRIVE","ROSEDALE AVE",280.00,E,N,A,-,N,,,,,,,,,,Y,1,1,1,2,A,-,03,22350,,N,C,G,A,A,H,-,C,D,0,,Y,,,Y,Y,A,01,0,1,0,0,0,1,0,0,0,"- ","- ",36.9876,-121.94802,"SANTA CRUZ",UNINCORPORATED,-121.94804302,36.987570910000002
90492515,2017,2017-07-03,9720,2017-06-21,0018,021028,,3,3,9,4400,0,3,5,,2,200,"LAUREL GLEN RD","PEREGRINE LANE",223.00,E,N,A,-,N,,,,,,,,,,Y,2,0,1,1,A,-,01,23152,A,N,E,I,A,A,H,-,D,D,0,,,,,Y,Y,A,01,1,0,0,0,0,0,0,0,0,"- ","- ",37.037610000000001,-121.94835,"SANTA CRUZ",UNINCORPORATED,-121.94834978999999,37.037624729999997
90495574,2017,2017-07-20,9720,2017-06-17,2230,021489,,6,3,9,4400,0,2,4,,1,016,"GRAHAM HILL RD","LOCKWOOD LN",8976.00,W,N,A,-,N,,,,,,,,,,Y,2,0,3,2,A,-,05,21460,A,N,A,C,A,A,H,-,D,D,0,,,,,Y,Y,A,01,2,1,0,0,0,0,0,0,0,"- ","- ",37.042050000000003,-122.0475,"SANTA CRUZ",UNINCORPORATED,-122.06496799999999,37.049089530000003
90503318,2017,2017-07-18,9720,2017-07-11,2110,021178,,2,2,9,4400,0,3,5,,2,100,"PINE FLAT RD","MARTIN RD",4.00,E,N,A,-,N,,,,,,,,,,Y,2,0,2,2,A,-,01,23152,A,N,A,C,A,A,H,-,D,D,0,,,,,Y,Y,A,01,1,1,0,0,0,0,0,0,0,"- ","- ",37.0441,-122.1498,"SANTA CRUZ",UNINCORPORATED,-122.14992878,37.044149050000001
90507395,2017,2017-07-25,9720,2017-07-18,1215,021215,,2,1,9,4400,0,1,3,,1,034,SR-152,"BEVERLY DR",25.00,E,N,A,-,N,,,152,,,,,,,Y,2,0,1,1,A,-,08,22107,,N,E,I,A,A,A,-,A,D,0,,,,,Y,,A,01,1,0,0,0,0,0,0,0,0,"- ","- ",36.93394,-121.7433,"SANTA CRUZ",UNINCORPORATED,-121.74340825,36.933961349999997
90517163,2017,2017-08-07,9720,2017-07-29,1432,021561,,6,2,9,4400,0,3,5,,2,100,"SMITH GRADE ROAD","BONNY DOON RD",2112.00,E,N,A,-,N,,,,,,,,,,N,2,0,1,1,A,-,03,22350,,N,F,A,A,A,H,-,A,D,0,,Y,,,Y,,L,04,1,0,0,0,0,0,1,0,0,"- ","- ",37.035820000000001,-122.14546,"SANTA CRUZ",UNINCORPORATED,-122.14517342000001,37.035611860000003
90522181,2017,2017-08-14,9720,2017-08-09,1154,018083,,3,1,9,4400,0,1,3,,1,015,"SR-9 S/B","GLEN ARBOR RD",1056.00,N,N,A,-,Y,,,9,,,,,,S,Y,2,0,1,1,A,-,08,22107,,N,E,I,A,A,H,-,A,D,0,,,,,Y,,D,22,1,0,0,0,0,0,0,0,0,"- ","- ",37.077359999999999,-122.08423000000001,"SANTA CRUZ",UNINCORPORATED,-122.08419205,37.077336629999998
90549176,2017,2017-09-18,9720,2017-09-07,1914,020897,,4,2,9,4400,0,3,5,,2,100,"BEAR CREEK RD","GREENVIEW DR",225.00,W,N,A,-,N,,,,,,,,,,Y,2,0,1,2,A,-,05,21460,A,N,A,C,A,A,H,-,B,D,0,,,Y,,Y,,D,22,1,0,0,0,0,0,0,0,1,"- ","- ",37.144680000000001,-122.0883,"SANTA CRUZ",UNINCORPORATED,-122.08830191,37.144697479999998
90577857,2017,2017-10-25,9720,2017-10-14,1850,021790,,6,2,9,4400,0,1,3,,1,015,SR-9,"EL SOLYO HEIGHTS DR",370.00,N,N,A,-,Y,,,9,,,,,,,Y,2,0,1,1,A,-,03,22350,,N,E,I,A,A,H,-,D,D,0,,,Y,,Y,,C,02,1,0,0,0,0,0,0,0,1,"- ","- ",37.067100000000003,-122.07999,"SANTA CRUZ",UNINCORPORATED,-122.08007560999999,37.067007519999997
90578305,2017,2017-10-25,9720,2017-10-14,1318,021918,,6,1,9,4400,0,1,3,,2,020,"SR-1 S/B","SOQUEL AVE",895.00,N,N,A,-,Y,,,1,,,,,,S,Y,2,0,1,3,A,-,07,21658,A,F,B,C,A,A,H,-,A,D,0,,,Y,,Y,,A,07,1,0,0,0,0,0,0,0,1,"- ","- ",36.987729999999999,-121.99109,"SANTA CRUZ",UNINCORPORATED,-121.99108827000001,36.98774556
90660100,2018,2018-02-13,9720,2018-02-02,0900,022011,,5,1,9,4400,0,1,3,,1,034,SR-152,"HOLOHAN RD",3696.00,W,N,A,-,Y,,,152,,,,,,,N,2,0,1,2,A,-,08,22107,,F,H,G,A,A,H,-,A,D,0,,Y,,,Y,Y,-,99,1,0,0,0,0,0,1,0,0,"- ","- ",36.945098876953125,-121.73758697509766,"SANTA CRUZ",UNINCORPORATED,-121.73746490478516,36.945003509521484
90663883,2018,2018-02-19,9720,2018-02-10,1930,021760,,6,2,9,4400,0,1,3,,1,034,SR-152,"HOLOHAN RD",100.00,E,N,A,-,Y,,,152,,,,,,,N,2,0,1,2,A,-,08,22107,,N,G,B,E,A,H,-,D,D,0,Y,,,,Y,,-,99,1,0,0,0,1,0,0,0,0,"- ","- ",36.938159942626953,-121.74262237548828,"SANTA CRUZ",UNINCORPORATED,-121.74269104003906,36.938201904296875
90671836,2018,2018-02-28,9720,2018-02-16,2318,021561,,5,3,9,4400,0,2,4,,1,016,"GRAHAM HILL RD","QUARRY RD",1584.00,N,N,A,-,N,,,,,,,,,,Y,2,0,1,1,A,-,08,22107,,N,E,I,A,A,H,-,D,D,0,,,,,Y,,A,01,1,0,0,0,0,0,0,0,0,"- ","- ",37.043628692626953,-122.05252838134766,"SANTA CRUZ",UNINCORPORATED,-122.05268859863281,37.043624877929688
90688811,2018,2018-03-23,9720,2018-03-17,0448,021860,,6,3,9,4400,0,1,3,,1,017,"SR-17 S/B","LAUREL RD",1056.00,N,N,C,-,Y,,,17,,,,,,S,Y,2,0,1,1,A,-,08,22107,,N,E,I,A,B,H,-,D,D,0,,,,,Y,,A,01,1,0,0,0,0,0,0,0,0,"- ","- ",37.106891632080078,-121.97648620605469,"SANTA CRUZ",UNINCORPORATED,-121.97648620605469,37.106895446777344
90689974,2018,2018-03-26,9720,2018-03-15,1534,021477,,4,2,9,4400,0,3,5,,2,300,"CARLTON RD","LAKEVIEW RD",0.00,,Y,B,-,N,,,,,,,,,,Y,2,0,1,2,A,-,09,21802,A,N,D,C,A,B,H,-,A,A,0,,,,,Y,,A,01,1,0,0,0,0,0,0,0,0,"- ","- ",36.946231842041016,-121.71753692626953,"SANTA CRUZ",UNINCORPORATED,-121.71749877929688,36.946250915527344
90699405,2018,2018-04-05,9720,2018-03-29,1500,021540,,4,2,9,4400,0,1,3,,2,030,"SR-1 S/B","SAN ANDREAS RD",1584.00,N,N,A,-,Y,,,1,,,,,,S,Y,2,0,1,1,C,-,18,,,N,E,J,A,A,H,-,A,D,0,,,,,Y,,-,"- ",1,0,0,0,0,0,0,0,0,"- ","- ",36.964389801025391,-121.86669158935547,"SANTA CRUZ",UNINCORPORATED,-121.86667633056641,36.964405059814453
90700385,2018,2018-04-06,9720,2018-03-31,1755,021760,,6,2,9,4400,0,1,3,,1,034,SR-152,"FALLOWFIELD LN",1056.00,E,N,A,-,Y,,,152,,,,,,,Y,2,0,1,1,A,-,08,22107,,N,E,I,A,A,H,-,A,D,0,,,Y,,Y,Y,C,02,1,0,0,0,0,0,0,0,1,"- ","- ",36.96759033203125,-121.71938323974609,"SANTA CRUZ",UNINCORPORATED,-121.71968078613281,36.967849731445312
90714046,2018,2018-04-26,9720,2018-04-19,1738,021333,,4,2,9,4400,0,3,5,,2,300,"PIONEER RD","GREEN VALLEY RD",10.00,W,N,A,-,N,,,,,,,,,,Y,2,0,1,2,A,-,05,21460,A,N,A,G,A,A,H,-,A,A,0,,Y,,,Y,,A,01,1,0,0,0,0,0,1,0,0,"- ","- ",36.971179962158203,-121.77200317382812,"SANTA CRUZ",UNINCORPORATED,-121.77200317382812,36.971286773681641
90718862,2018,2018-05-03,9720,2018-04-26,2145,022011,,4,2,9,4400,0,2,4,,1,016,"GRAHAM HILL RD.","SUMMIT AVE",1584.00,S,N,A,-,Y,,,,,,,,,,Y,2,0,2,1,A,-,08,22107,,N,F,I,A,A,H,-,D,D,0,,,,,Y,Y,A,07,1,1,0,0,0,0,0,0,0,"- ","- ",37.045299530029297,-122.05539703369141,"SANTA CRUZ",UNINCORPORATED,-122.06401824951172,37.047492980957031
90722434,2018,2018-09-17,9720,2018-04-17,0030,021702,,2,3,9,4400,0,1,3,,2,030,"SR-1 S/B","BEACH ST",190.00,N,N,A,-,Y,,,1,,,,,,S,Y,2,0,2,2,A,-,08,22107,,N,C,C,A,A,H,-,D,D,0,,,,,Y,,A,01,2,0,0,0,0,0,0,0,0,"- ","- ",36.898410797119141,-121.77684020996094,"SANTA CRUZ",UNINCORPORATED,-121.77680206298828,36.898433685302734
90722809,2017,2018-05-09,9720,2017-12-02,1659,021407,,6,2,9,4400,0,2,4,,1,021,"SOQUEL DRIVE (5300 BLOCK)","ROSEDALE AVE",18.00,E,N,A,-,N,,,,,,,,,,Y,1,1,1,2,A,-,01,23152,A,F,G,B,D,A,H,-,B,D,0,Y,,,,Y,Y,A,01,0,0,1,1,0,0,0,0,0,"- ","- ",36.987499999999997,-121.9487,"SANTA CRUZ",UNINCORPORATED,-121.94892914,36.987457880000001
90728928,2018,2018-05-17,9720,2018-05-05,1645,021806,,6,2,9,4400,0,1,3,,1,010,"SR-1 S/B","DIMEO LN.",2112.00,S,N,A,-,Y,,,1,,,,,,S,Y,2,0,1,1,A,-,03,22350,,N,F,A,A,A,H,-,A,D,0,,,Y,,Y,,C,02,1,0,0,0,0,0,0,0,1,"- ","- ",36.962200164794922,-122.09838104248047,"SANTA CRUZ",UNINCORPORATED,-122.09836578369141,36.962249755859375
90731316,2018,2018-05-22,9720,2018-05-12,1200,021215,,6,1,9,4400,0,2,4,,1,021,"SOQUEL DR","HARDIN WAY",35.00,E,N,A,-,N,,,,,,,,,,Y,2,0,2,1,A,-,01,23152,A,N,E,I,A,A,H,-,A,D,0,,,,,Y,Y,A,01,1,1,0,0,0,0,0,0,0,"- ","- ",36.987880706787109,-121.94429016113281,"SANTA CRUZ",UNINCORPORATED,-121.94434356689453,36.987815856933594
90732686,2018,2018-05-23,9720,2018-05-12,2338,021477,,6,3,9,4400,0,3,5,,2,200,"NORTH RODEO GULCH RD.","AMIGO RD",1584.00,S,N,A,-,N,,,,,,,,,,Y,2,0,1,1,A,-,01,23152,A,N,E,I,A,A,H,-,D,D,0,,,,,Y,Y,A,07,1,0,0,0,0,0,0,0,0,"- ","- ",37.002059936523438,-121.96954345703125,"SANTA CRUZ",UNINCORPORATED,-121.96953582763672,37.002281188964844