CASE_ID,ACCIDENT_YEAR,PROC_DATE,JURIS,COLLISION_DATE,COLLISION_TIME,OFFICER_ID,REPORTING_DISTRICT,DAY_OF_WEEK,CHP_SHIFT,POPULATION,CNTY_CITY_LOC,SPECIAL_COND,BEAT_TYPE,CHP_BEAT_TYPE,CITY_DIVISION_LAPD,CHP_BEAT_CLASS,BEAT_NUMBER,PRIMARY_RD,SECONDARY_RD,DISTANCE,DIRECTION,INTERSECTION,WEATHER_1,WEATHER_2,STATE_HWY_IND,CALTRANS_COUNTY,CALTRANS_DISTRICT,STATE_ROUTE,ROUTE_SUFFIX,POSTMILE_PREFIX,POSTMILE,LOCATION_TYPE,RAMP_INTERSECTION,SIDE_OF_HWY,TOW_AWAY,COLLISION_SEVERITY,NUMBER_KILLED,NUMBER_INJURED,PARTY_COUNT,PRIMARY_COLL_FACTOR,PCF_CODE_OF_VIOL,PCF_VIOL_CATEGORY,PCF_VIOLATION,PCF_VIOL_SUBSECTION,HIT_AND_RUN,TYPE_OF_COLLISION,MVIW,PED_ACTION,ROAD_SURFACE,ROAD_COND_1,ROAD_COND_2,LIGHTING,CONTROL_DEVICE,CHP_ROAD_TYPE,PEDESTRIAN_ACCIDENT,BICYCLE_ACCIDENT,MOTORCYCLE_ACCIDENT,TRUCK_ACCIDENT,NOT_PRIVATE_PROPERTY,ALCOHOL_INVOLVED,STWD_VEHTYPE_AT_FAULT,CHP_VEHTYPE_AT_FAULT,COUNT_SEVERE_INJ,COUNT_VISIBLE_INJ,COUNT_COMPLAINT_PAIN,COUNT_PED_KILLED,COUNT_PED_INJURED,COUNT_BICYCLIST_KILLED,COUNT_BICYCLIST_INJURED,COUNT_MC_KILLED,COUNT_MC_INJURED,PRIMARY_RAMP,SECONDARY_RAMP,LATITUDE,LONGITUDE,COUNTY,CITY,POINT_X,POINT_Y
90741755,2018,2018-06-05,9720,2018-05-30,1205,018650,,3,1,9,4400,0,3,5,,2,200,"MCGREGOR DR","PERCH WAY",20.00,N,N,A,-,N,,,,,,,,,,Y,2,0,1,1,A,-,08,22107,,N,E,I,A,A,H,-,A,D,0,,,,,Y,Y,A,01,1,0,0,0,0,0,0,0,0,"- ","- ",36.979801177978516,-121.91452026367188,"SANTA CRUZ",UNINCORPORATED,-121.91448974609375,36.979789733886719
90742957,2018,2018-06-07,9720,2018-05-30,0645,018083,,3,1,9,4400,0,1,3,,1,015,SR-9,"ALAMEDA AVENUE",0.00,,Y,A,-,Y,,,9,,,,,,,Y,2,0,1,2,A,-,03,22350,,N,D,C,A,A,H,-,A,A,0,,,Y,,Y,,C,02,1,0,0,0,0,0,0,0,1,"- ","- ",37.107578277587891,-122.10772705078125,"SANTA CRUZ",UNINCORPORATED,-122.10771179199219,37.107597351074219
90754866,2018,2018-06-25,9720,2018-06-17,0915,021215,,7,1,9,4400,0,1,3,,1,017,"SR-17 N/B","MOUNT HERMON RD",2750.00,S,N,B,-,Y,,,17,,,,,,N,Y,2,0,2,2,A,-,03,22350,,N,B,C,A,B,H,-,A,D,0,,,,,Y,,A,01,1,0,1,0,0,0,0,0,0,"- ","- ",37.026348114013672,-122.02574920654297,"SANTA CRUZ",UNINCORPORATED,-122.02580261230469,37.026405334472656
90762947,2018,2018-07-05,9720,2018-06-22,0736,021211,,5,1,9,4400,0,1,3,,2,030,"SR-1 N/B","FREEDOM BLVD",528.00,S,N,B,-,Y,,,1,,,,,,N,Y,2,0,2,3,A,-,03,22350,,N,C,C,A,A,H,-,A,D,0,,,,,Y,,D,22,1,0,1,0,0,0,0,0,0,"- ","- ",36.967098236083984,-121.86920166015625,"SANTA CRUZ",UNINCORPORATED,-121.86911773681641,36.967182159423828
90763979,2018,2018-07-06,9720,2018-06-25,1124,015170,,1,1,9,4400,0,1,3,,1,017,SR-17,"LAUREL RD",75.00,N,N,A,-,Y,,,17,,,,,,,Y,2,0,1,2,A,-,07,21658,,N,B,C,A,A,H,-,A,D,0,,,Y,,Y,,C,02,1,0,0,0,0,0,0,0,1,"- ","- ",37.104301452636719,-121.97499847412109,"SANTA CRUZ",UNINCORPORATED,-121.97509002685547,37.104358673095703
90772814,2018,2018-07-19,9720,2018-07-13,1615,018650,,5,2,9,4400,0,1,3,,1,017,"SR-17 N/B","VINE HILL RD",1584.00,S,N,A,-,Y,,,17,,,,,,N,Y,2,0,1,2,A,-,08,22107,,N,F,A,A,A,H,-,A,D,0,,,,,Y,,A,01,1,0,0,0,0,0,0,0,0,"- ","- ",37.077098846435547,-121.98249816894531,"SANTA CRUZ",UNINCORPORATED,-121.98248291015625,37.077041625976562
90777489,2018,2018-11-20,9720,2018-02-15,1550,020413,,4,2,9,4400,0,1,3,,1,017,"SR-17 N/B","MOUNT HERMON RD",2112.00,S,N,A,-,Y,,,17,,,,,,N,Y,1,1,0,2,A,-,07,21658,A,N,B,C,A,A,H,-,A,D,0,,,,,Y,,A,01,0,0,0,0,0,0,0,0,0,"- ","- ",37.02880859375,-122.02340698242188,"SANTA CRUZ",UNINCORPORATED,-122.02344512939453,37.028835296630859
90785928,2018,2019-04-10,9720,2018-08-02,1715,020836,,4,2,9,4400,0,1,3,,1,035,SR-129,"VANONI RD",480.00,W,N,A,-,Y,,,129,,,,,,,Y,1,1,1,2,A,-,05,21460,A,N,A,C,A,A,H,-,A,D,0,,,,,Y,,A,07,1,0,0,0,0,0,0,0,0,"- ","- ",36.904800415039062,-121.64540100097656,"SANTA CRUZ",UNINCORPORATED,-121.64540863037109,36.904781341552734
90797296,2018,2018-08-24,9720,2018-08-15,1705,021227,,3,2,9,4400,0,1,3,,1,010,"SR-1 N/B","OCEAN ST",0.00,,Y,A,-,Y,,,1,,,,,,N,N,2,0,1,2,A,-,09,21801,A,N,A,C,A,A,H,-,A,D,0,,,Y,,Y,,C,02,1,0,0,0,0,0,0,0,1,"- ","- ",37.011398315429688,-122.19545745849609,"SANTA CRUZ",UNINCORPORATED,-122.19546508789062,37.011390686035156
90805306,2018,2018-12-13,9720,2018-08-26,1330,021840,,7,1,9,4400,0,3,5,,2,100,"FELTON EMPIRE RD",SR-9,10560.00,W,N,A,-,N,,,,,,,,,,Y,2,0,1,2,A,-,05,21460,A,N,B,C,A,A,H,-,A,D,0,,,Y,,Y,,C,02,1,0,0,0,0,0,0,0,1,"- ","- ",37.049259185791016,-122.08305358886719,"SANTA CRUZ",UNINCORPORATED,-122.09907531738281,37.056221008300781
90815013,2018,2018-09-17,9720,2018-09-05,1509,017568,,3,2,5,4402,0,2,S,,2,901,"OCEAN STREET",BROADWAY,7.00,N,N,A,-,N,,,,,,,,,,Y,2,0,2,2,B,-,22,,,N,D,D,A,A,H,-,A,A,0,,,,,Y,,A,07,1,1,0,0,0,0,0,0,0,"- ","- ",36.973400115966797,-122.01815795898438,"SANTA CRUZ","SANTA CRUZ",-122.01828765869141,36.973339080810547
90820707,2018,2018-09-25,9720,2018-09-09,1441,021940,,7,2,9,4400,0,1,3,,1,014,"SR-9 N/B","KINGS CREEK RD",235.00,N,N,A,-,Y,,,9,,,,,,N,Y,2,0,2,2,A,-,09,21804,A,N,D,C,A,A,H,-,A,D,0,,,Y,,Y,,A,01,1,0,1,0,0,0,0,0,1,"- ","- ",37.152698516845703,-122.13410186767578,"SANTA CRUZ",UNINCORPORATED,-122.13412475585938,37.152721405029297
90821769,2018,2018-09-26,9720,2018-09-16,0625,021489,,7,1,9,4400,0,1,3,,2,030,"SR-1 S/B","SR-129 OFF RAMP",5.00,N,N,A,-,Y,,,1,,,,,,S,Y,2,0,1,2,A,-,03,22350,,N,C,C,A,A,H,-,B,D,0,,,,,Y,,A,07,1,0,0,0,0,0,0,0,0,"- ","- ",36.897998809814453,-121.77652740478516,"SANTA CRUZ",UNINCORPORATED,-121.77652740478516,36.898002624511719
90851088,2018,2019-05-13,9720,2018-05-22,0252,021860,,2,3,9,4400,0,1,3,,2,030,"SR-1 S/B","MAR MONTE AVE",1378.00,N,N,A,-,Y,,,1,,,,,,S,Y,1,1,1,1,A,-,08,22107,,N,F,I,A,A,H,-,D,D,0,,,,,Y,,A,07,0,0,1,0,0,0,0,0,0,"- ","- ",36.951778411865234,-121.85401153564453,"SANTA CRUZ",UNINCORPORATED,-121.85387420654297,36.951919555664062
90851527,2018,2018-11-02,9720,2018-10-27,0510,021159,,6,3,9,4400,0,1,3,,2,020,"SR-1 S/B","RIO DEL MAR BLVD",0.00,,N,A,-,Y,,,1,,,,,,S,Y,2,0,2,1,A,-,01,23152,A,N,F,I,A,A,H,-,D,D,0,,,,,Y,Y,A,01,1,1,0,0,0,0,0,0,0,"- ","- ",36.975788116455078,-121.90627288818359,"SANTA CRUZ",UNINCORPORATED,-121.90625762939453,36.975830078125
90869019,2018,2018-11-28,9720,2018-11-22,1641,021358,,4,2,9,4400,0,1,3,,1,017,"SR-17 N/B","MOUNT HERMON RD",1750.00,N,N,B,-,Y,,,,,,,,,,Y,2,0,2,2,A,-,01,23152,A,N,B,C,A,A,H,-,B,D,0,,,,,Y,Y,A,07,1,1,0,0,0,0,0,0,0,"- ","- ",37.039291381835938,-122.01727294921875,"SANTA CRUZ",UNINCORPORATED,-122.01921081542969,37.036708831787109
90869065,2018,2018-11-28,9720,2018-11-22,1817,021860,,4,2,5,4402,0,3,5,,2,300,"LARKIN VALLEY RD","RED FOX RIDGE",40.00,N,N,A,-,N,,,,,,,,,,Y,2,0,1,1,A,-,08,22107,,N,E,I,A,A,H,-,D,D,0,,,,,Y,,A,01,1,0,0,0,0,0,0,0,0,"- ","- ",36.941200256347656,-121.81079864501953,"SANTA CRUZ","SANTA CRUZ",-121.81077575683594,36.941219329833984
90874386,2018,2018-12-04,9720,2018-11-13,1820,020640,,2,2,9,4400,0,1,3,,2,020,"SR-1 S/B","PARK AVE",20.00,S,N,A,-,Y,,,1,,,,,,S,N,2,0,1,2,A,-,03,22350,,N,C,C,A,A,H,-,D,A,0,,,,,Y,,A,01,1,0,0,0,0,0,0,0,0,"- ","- ",36.983798980712891,-121.9364013671875,"SANTA CRUZ",UNINCORPORATED,-121.9364013671875,36.983909606933594
90878836,2018,2018-12-10,9720,2018-11-29,1145,021248,,4,1,9,4400,0,3,5,,2,100,"FELTON EMPIRE RD","EMPIRE GRADE RD",4224.00,E,N,B,C,N,,,,,,,,,,Y,2,0,1,1,C,-,18,,,N,E,J,A,B,H,-,A,D,0,,,,,Y,,-,"- ",1,0,0,0,0,0,0,0,0,"- ","- ",37.060150146484375,-122.1124267578125,"SANTA CRUZ",UNINCORPORATED,-122.11194610595703,37.060745239257812
90968646,2019,2019-04-16,9720,2019-04-06,0140,021477,,6,3,9,4400,0,1,3,,2,030,"SR-1 S/B","BUENA VISTA DR",1584.00,N,N,B,-,Y,,,1,,,,,,S,Y,2,0,1,1,A,-,01,23152,A,N,E,I,A,A,H,-,C,D,0,,,,,Y,Y,A,01,1,0,0,0,0,0,0,0,0,"- ","- ",36.935478210449219,-121.82456970214844,"SANTA CRUZ",UNINCORPORATED,-121.82455444335938,36.935543060302734
90968793,2019,2019-04-16,9720,2019-04-07,1545,021860,,7,2,9,4400,0,2,4,,1,031,"FREEDOM BLVD","SCURICH LN",1056.00,S,N,A,-,N,,,,,,,,,,Y,2,0,2,2,A,-,05,21460,A,N,D,C,A,A,H,-,A,D,0,,,Y,,Y,,C,02,1,0,1,0,0,0,0,0,1,"- ","- ",36.950031280517578,-121.79329681396484,"SANTA CRUZ",UNINCORPORATED,-121.792724609375,36.949378967285156
90995752,2019,2019-09-24,9720,2019-03-30,2220,021717,,6,3,9,4400,0,2,4,,1,022,"SOQUEL SAN JOSE RD","OLD TURNPIKE RD",277.00,S,N,A,-,N,,,,,,,,,,Y,1,1,1,1,A,-,01,23152,A,N,E,I,A,A,H,-,D,D,0,,,,,Y,Y,A,01,1,0,0,0,0,0,0,0,0,"- ","- ",37.088588714599609,-121.95114135742188,"SANTA CRUZ",UNINCORPORATED,-121.95118713378906,37.088539123535156
91002749,2019,2019-06-04,9720,2019-05-24,1530,021988,,5,2,9,4400,0,3,5,,2,100,"BEAR CREEK RD","ORMAN RD",270.00,N,N,A,-,N,,,,,,,,,,Y,2,0,1,1,A,-,08,22107,,N,E,I,A,A,H,-,A,D,0,,,,,Y,,A,07,1,0,0,0,0,0,0,0,0,"- ","- ",37.132499694824219,-122.10590362548828,"SANTA CRUZ",UNINCORPORATED,-122.10773468017578,37.132675170898438
91010324,2019,2019-06-14,9720,2019-04-06,0748,021248,,6,1,9,4400,0,1,3,,1,017,"SR-17 N/B","GLENWOOD CUTOFF",500.00,S,N,B,-,Y,,,17,,,,,,N,Y,2,0,1,1,A,-,08,22107,,N,E,I,A,B,H,-,A,D,0,,,,,Y,,A,01,1,0,0,0,0,0,0,0,0,"- ","- ",37.098709106445312,-121.97592926025391,"SANTA CRUZ",UNINCORPORATED,-121.9757080078125,37.098907470703125
91012693,2019,2019-06-18,9720,2019-06-11,1300,021248,,2,1,9,4400,0,3,5,,2,100,"ALAMEDA AVE",SR-9,478.00,W,N,A,-,N,,,,,,,,,,N,2,0,1,1,A,-,03,22350,,N,F,A,A,A,H,-,A,D,0,,Y,,,Y,,L,04,1,0,0,0,0,0,1,0,0,"- ","- ",37.106979370117188,-122.10858917236328,"SANTA CRUZ",UNINCORPORATED,-122.10778045654297,37.107608795166016
91015795,2019,2019-06-24,9720,2019-06-12,2244,021969,,3,3,9,4400,0,1,3,,2,030,"SR-1 S/B","BUENA VISTA DR",4224.00,N,N,A,-,Y,,,1,,,,,,S,Y,2,0,1,3,A,-,16,24002,A,N,E,I,A,A,H,-,D,D,0,,,,Y,Y,,G,27,1,0,0,0,0,0,0,0,0,"- ","- ",36.935390472412109,-121.82427215576172,"SANTA CRUZ",UNINCORPORATED,-121.82424926757812,36.935451507568359
91016570,2019,2019-06-24,9720,2019-05-23,2141,021702,,4,2,9,4400,0,1,3,,1,010,SR-1,"DAVENPORT LANDING RD",761.00,S,N,A,-,Y,,,1,,,,,,,Y,1,1,0,4,A,-,05,21650,,N,D,G,A,A,H,-,D,D,0,,Y,,,Y,,L,04,0,0,0,0,0,1,0,0,0,"- ","- ",37.022201538085938,-122.20939636230469,"SANTA CRUZ",UNINCORPORATED,-122.20941925048828,37.022182464599609
91024162,2019,2019-07-03,9720,2019-05-21,1038,021159,,2,1,5,4402,0,1,3,,2,030,SR-152,"CASSERLY RD",0.00,,Y,C,-,Y,,,,,,,,,,Y,2,0,3,2,A,-,12,22450,A,N,A,C,A,B,H,-,A,A,0,,,,,Y,,A,01,1,2,0,0,0,0,0,0,0,"- ","- ",36.955951690673828,-121.72740936279297,"SANTA CRUZ","SANTA CRUZ",,
91029504,2019,2019-07-12,9720,2019-07-05,0748,021227,,5,1,9,4400,0,1,3,,1,035,SR-129,"LAKEVIEW ROAD",0.00,,Y,A,-,Y,,,129,,,,,,,Y,2,0,1,2,A,-,12,22450,A,N,D,C,A,A,H,-,A,A,0,,,,Y,Y,,A,07,1,0,0,0,0,0,0,0,0,"- ","- ",36.916839599609375,-121.73165130615234,"SANTA CRUZ",UNINCORPORATED,-121.73165130615234,36.916843414306641
91033082,2019,2019-07-18,9720,2019-07-08,1901,022329,,1,2,9,4400,0,1,3,,2,020,"SR-1 (N/B) TO SR-17 (N/B)","SR-17 N/B",300.00,S,N,A,-,Y,,,1,,,,R,,,Y,2,0,1,2,A,-,08,22107,,F,B,C,A,A,H,-,A,D,0,,,Y,,Y,,-,99,1,0,0,0,0,0,0,0,1,"- ","- ",36.989601135253906,-122.02020263671875,"SANTA CRUZ",UNINCORPORATED,-122.02020263671875,36.989601135253906
91072206,2019,2019-09-11,9720,2019-08-05,2134,021918,,1,2,9,4400,0,1,3,,2,030,"SR-1 S/B","MAR MONTE AVE",5280.00,S,N,A,-,Y,,,,,,,,,,Y,1,1,0,2,A,-,11,21956,,N,G,B,E,A,H,-,D,D,0,Y,,,,Y,,N,60,0,0,0,1,0,0,0,0,0,"- ","- ",36.431888580322266,-121.42469024658203,"SANTA CRUZ",UNINCORPORATED,,
91133877,2019,2020-01-21,9720,2019-09-14,2322,021840,,6,3,9,4400,0,3,5,,2,100,"FELTON EMPIRE RD","FEATHERSTON WAY",500.00,W,N,A,-,Y,,,,,,,,,,Y,1,1,1,1,A,-,08,22107,,N,E,I,A,A,H,-,D,D,0,,,,,Y,,D,22,1,0,0,0,0,0,0,0,0,"- ","- ",37.049129486083984,-122.08394622802734,"SANTA CRUZ",UNINCORPORATED,-122.08547210693359,37.049671173095703
91169568,2020,2020-01-21,9720,2020-01-14,1304,019848,,2,1,9,4400,0,2,4,,1,024,"CAPITOLA RD","EL DORADO AVE",0.00,,Y,A,-,N,,,,,,,,,,Y,2,0,1,2,A,-,09,21802,A,N,D,C,A,A,H,-,A,D,0,,,Y,,Y,,A,08,1,0,0,0,0,0,0,0,1,"- ","- ",36.977199554443359,-121.98770141601562,"SANTA CRUZ",UNINCORPORATED,-121.98764801025391,36.977210998535156
91178648,2020,2020-02-03,9720,2020-01-25,1722,022290,,6,2,9,4400,0,1,3,,1,017,"SR-17 S/B","VINE HILL RD",2640.00,N,N,A,-,Y,,,17,,,,,,S,Y,2,0,1,1,A,-,01,23152,A,N,E,J,A,A,H,-,A,D,0,,,Y,,Y,Y,C,02,1,0,0,0,0,0,0,0,1,"- ","- ",37.086830139160156,-121.97885894775391,"SANTA CRUZ",UNINCORPORATED,-121.97891998291016,37.086837768554688
91182442,2019,2020-02-07,9720,2019-12-08,1724,022329,,7,2,9,4400,0,1,3,,1,015,SR-9,"EL SOLYO HEIGHTS DR",35.00,S,N,B,-,Y,,,9,,,,,,,N,2,0,1,2,A,-,10,21950,A,N,G,B,D,B,H,-,C,D,0,Y,,,Y,Y,,N,60,1,0,0,0,1,0,0,0,0,"- ","- ",37.066001892089844,-122.07969665527344,"SANTA CRUZ",UNINCORPORATED,-122.07968902587891,37.066001892089844
91189325,2020,2020-02-19,9720,2020-02-09,0155,021806,,7,3,9,4400,0,2,4,,1,022,"SOQUEL SAN JOSE RD","LOS ROBLES RD",335.00,S,N,A,-,N,,,,,,,,,,Y,2,0,1,1,A,-,01,23152,A,N,E,I,A,A,H,-,D,D,0,,,,,Y,Y,A,07,1,0,0,0,0,0,0,0,0,"- ","- ",37.016338348388672,-121.95182800292969,"SANTA CRUZ",UNINCORPORATED,-121.95242309570312,37.017303466796875
91202001,2020,2020-03-04,9720,2020-02-20,1852,022523,,4,2,9,4400,0,2,4,,1,023,"17TH AVE.","MERRILL ST.",10.00,S,N,A,-,N,,,,,,,,,,N,2,0,1,2,A,-,10,21950,A,N,G,B,B,A,H,-,C,A,0,Y,,,,Y,Y,A,07,1,0,0,0,1,0,0,0,0,"- ","- ",36.965099334716797,-121.98670196533203,"SANTA CRUZ",UNINCORPORATED,-121.98654174804688,36.965126037597656
91220783,2020,2020-04-06,9720,2020-03-28,0645,022523,,6,1,9,4400,0,1,3,,1,034,"RT 152","DELANEY AVE",1523.00,W,N,B,C,Y,,,152,,,,,,,Y,2,0,2,2,A,-,05,21460,A,N,A,C,A,B,H,-,B,D,0,,,,,Y,,A,07,1,0,1,0,0,0,0,0,0,"- ","- ",36.949901580810547,-121.73329925537109,"SANTA CRUZ",UNINCORPORATED,-121.73332214355469,36.949924468994141
91239844,2020,2020-05-19,9720,2020-04-27,1655,021053,,1,2,9,4400,0,1,3,,1,015,SR-9,"OAK AVENUE",120.00,N,N,A,-,Y,,,9,,,,,,,Y,1,1,0,1,A,-,08,22107,,N,E,I,A,A,H,-,A,D,0,,,Y,,Y,,C,02,0,0,0,0,0,0,0,1,0,"- ","- ",37.043498992919922,-122.07270050048828,"SANTA CRUZ",UNINCORPORATED,-122.07280731201172,37.043491363525391
91239877,2020,2020-08-10,9720,2020-04-22,1745,021790,,3,2,9,4400,0,3,5,,2,200,"SPRECKELS DR","FOREST DR",85.00,S,N,A,-,N,,,,,,,,,,N,2,0,1,1,A,-,03,22350,,N,F,A,A,A,A,-,A,D,0,,Y,,,Y,,L,04,1,0,0,0,0,0,1,0,0,"- ","- ",36.973899841308594,-121.9039306640625,"SANTA CRUZ",UNINCORPORATED,-121.90392303466797,36.973960876464844
91246916,2020,2020-06-03,9720,2020-05-28,1510,021790,,4,2,9,4400,0,3,5,,2,200,"RIO DEL MAR BLVD","MEADOWLARK LN",205.00,N,N,B,-,N,,,,,,,,,,Y,2,0,2,2,C,-,18,,,N,A,C,A,A,H,-,A,D,0,,,,,Y,,-,"- ",1,1,0,0,0,0,0,0,0,"- ","- ",36.971210479736328,-121.89237976074219,"SANTA CRUZ",UNINCORPORATED,-121.89291381835938,36.971172332763672
91282770,2020,2020-08-10,9720,2020-07-30,2020,022162,,4,2,9,4400,0,2,4,,1,021,"SOQUEL DR","PERIMETER RD",390.00,W,N,B,-,N,,,,,,,,,,N,2,0,1,1,A,-,08,22107,,N,E,I,A,A,H,-,B,D,0,,Y,,,Y,,L,04,1,0,0,0,0,0,1,0,0,"- ","- ",36.988410949707031,-121.92504119873047,"SANTA CRUZ",UNINCORPORATED,-121.93006134033203,36.990386962890625
91289225,2020,2020-08-19,9720,2020-08-08,1245,021248,,6,1,9,4400,0,1,3,,1,014,SR-9,"CHESEBROUGH SCOUT RESERVATION RD",92.00,N,N,A,-,Y,,,9,,,,,,,Y,2,0,1,2,A,-,09,21804,A,N,D,C,A,A,H,-,A,D,0,,,Y,,Y,,A,01,1,0,0,0,0,0,0,0,1,"- ","- ",37.245189666748047,-122.14498901367188,"SANTA CRUZ",UNINCORPORATED,-122.14498138427734,37.245201110839844
91289814,2020,2020-08-20,9720,2020-08-15,0355,021918,,6,3,9,4400,0,1,3,,1,035,"SR-129 W/B","OLD CHITTENDEN RD",4224.00,W,N,A,-,Y,,,129,,,,,,W,Y,2,0,1,1,A,-,01,23152,A,N,E,I,A,A,H,-,D,D,0,,,,,Y,Y,A,01,1,0,0,0,0,0,0,0,0,"- ","- ",36.906440734863281,-121.61357116699219,"SANTA CRUZ",UNINCORPORATED,-121.61362457275391,36.906360626220703
91291407,2020,2020-08-24,9720,2020-08-16,1720,022162,,7,2,9,4400,0,1,3,,1,034,"SR-152 E/B","FOLLOWFIELD LN",168.00,E,N,A,-,Y,,,152,,,,,,E,Y,2,0,1,1,A,-,03,22350,,N,E,I,A,A,H,-,A,D,0,,,Y,,Y,,C,02,1,0,0,0,0,0,0,0,1,"- ","- ",36.961471557617188,-121.72206878662109,"SANTA CRUZ",UNINCORPORATED,-121.72213745117188,36.961463928222656
91297682,2020,2020-12-01,9720,2020-08-28,1515,022293,,5,2,9,4400,0,1,3,,1,017,"S/B SR-17","SUGARLOAF RD",742.00,N,N,A,-,Y,,,17,,,,,,,Y,2,0,1,2,A,-,03,22350,,N,F,A,A,A,G,-,A,D,0,,,Y,Y,Y,,C,02,1,0,0,0,0,0,0,0,1,"- ","- ",37.096900939941406,-121.97540283203125,"SANTA CRUZ",UNINCORPORATED,-121.97532653808594,37.096851348876953
91310881,2020,2020-09-24,9720,2020-09-17,2331,021918,,4,3,9,4400,0,2,4,,1,021,"SOQUEL DR","CAPITOLA AVE",92.00,S,N,A,-,N,,,,,,,,,,Y,2,0,1,1,A,-,01,23152,F,N,E,I,A,A,H,-,C,D,0,,,,,Y,,A,01,1,0,0,0,0,0,0,0,0,"- ","- ",36.987239837646484,-121.95113372802734,"SANTA CRUZ",UNINCORPORATED,-121.95115661621094,36.987190246582031
91314476,2020,2020-09-29,9720,2020-09-22,1339,021860,,2,1,9,4400,0,3,5,,2,100,"HIGHRISE DR","CIRCLE WAY",286.00,N,N,A,-,N,,,,,,,,,,N,2,0,1,2,A,-,13,22515,A,N,G,B,E,A,H,-,A,D,0,Y,,,,Y,,N,60,1,0,0,0,1,0,0,0,0,"- ","- ",37.1396484375,-122.12776184082031,"SANTA CRUZ",UNINCORPORATED,-122.12745666503906,37.139900207519531
91323508,2020,2020-10-20,9720,2020-10-03,1615,021877,,6,2,9,4400,0,2,4,,1,021,"SOQUEL DR","MAIN ST",0.00,,Y,A,-,N,,,,,,,,,,Y,2,0,1,2,A,-,05,21460,A,N,D,C,A,A,H,-,A,A,0,,,Y,,Y,,C,02,1,0,0,0,0,0,0,0,1,"- ","- ",36.9888916015625,-121.95464324951172,"SANTA CRUZ",UNINCORPORATED,-121.95458221435547,36.98883056640625
91329491,2020,2020-10-22,9720,2020-10-14,0213,021940,,3,3,9,4400,0,1,3,,2,030,"SR-1 S/B","MAR MONTE AVE",2376.00,S,N,A,-,Y,,,1,,,,,,S,Y,2,0,1,1,A,-,08,22107,,N,E,J,A,A,H,-,D,D,0,,,,,Y,,D,22,1,0,0,0,0,0,0,0,0,"- ","- ",36.944999694824219,-121.84529113769531,"SANTA CRUZ",UNINCORPORATED,-121.84526062011719,36.945041656494141
9133073,2020,2020-11-25,4403,2020-07-18,2116,358,108,6,5,4,4403,0,0,0,,0,001,"LAKE AV","LINCOLN ST",117.00,W,N,A,-,Y,SCR,5,152,-,T,3.260,H,-,W,N,2,0,1,2,A,-,10,21954,B,F,G,B,D,A,H,-,C,D,0,Y,,,,Y,Y,A,01,1,0,0,0,1,0,0,0,0,"- ","- ",,,"SANTA CRUZ",WATSONVILLE,-121.75389862060547,36.914901733398438
91357637,2020,2020-12-02,9720,2020-11-28,1405,022471,,6,2,9,4400,0,2,4,,1,031,"FREEDOM BLVD","HIDDEN OAKS LN",200.00,S,N,A,-,N,,,,,,,,,,N,2,0,1,1,A,-,03,22350,,N,E,J,A,A,H,-,A,D,0,,Y,,,Y,,L,04,1,0,0,0,0,0,1,0,0,"- ","- ",36.983200073242188,-121.86370086669922,"SANTA CRUZ",UNINCORPORATED,-121.86367034912109,36.983173370361328
91383317,2021,2021-01-07,9720,2021-01-04,0135,021717,,1,3,9,4400,0,2,4,,1,024,"CAPITOLA RD","HARBORVIEW CT",0.00,,Y,B,-,N,,,,,,,,,,N,2,0,1,1,A,-,17,21200,,N,E,I,A,B,H,-,D,D,0,,Y,,,Y,Y,L,04,1,0,0,0,0,0,1,0,0,"- ","- ",36.980049133300781,-121.99506378173828,"SANTA CRUZ",UNINCORPORATED,-121.99516296386719,36.979972839355469
91405029,2021,2021-02-09,9720,2021-01-31,1522,022511,,7,2,9,4400,0,1,3,,1,034,SR-152,"PACIFIC VIEW TERR",1584.00,W,N,A,-,Y,,,152,,,,,,,Y,2,0,2,1,A,-,08,22107,,F,F,A,A,A,H,-,A,D,0,,,,,Y,,A,01,1,1,0,0,0,0,0,0,0,"- ","- ",36.984630584716797,-121.71482849121094,"SANTA CRUZ",UNINCORPORATED,-121.71483612060547,36.984645843505859