CASE_ID,ACCIDENT_YEAR,PROC_DATE,JURIS,COLLISION_DATE,COLLISION_TIME,OFFICER_ID,REPORTING_DISTRICT,DAY_OF_WEEK,CHP_SHIFT,POPULATION,CNTY_CITY_LOC,SPECIAL_COND,BEAT_TYPE,CHP_BEAT_TYPE,CITY_DIVISION_LAPD,CHP_BEAT_CLASS,BEAT_NUMBER,PRIMARY_RD,SECONDARY_RD,DISTANCE,DIRECTION,INTERSECTION,WEATHER_1,WEATHER_2,STATE_HWY_IND,CALTRANS_COUNTY,CALTRANS_DISTRICT,STATE_ROUTE,ROUTE_SUFFIX,POSTMILE_PREFIX,POSTMILE,LOCATION_TYPE,RAMP_INTERSECTION,SIDE_OF_HWY,TOW_AWAY,COLLISION_SEVERITY,NUMBER_KILLED,NUMBER_INJURED,PARTY_COUNT,PRIMARY_COLL_FACTOR,PCF_CODE_OF_VIOL,PCF_VIOL_CATEGORY,PCF_VIOLATION,PCF_VIOL_SUBSECTION,HIT_AND_RUN,TYPE_OF_COLLISION,MVIW,PED_ACTION,ROAD_SURFACE,ROAD_COND_1,ROAD_COND_2,LIGHTING,CONTROL_DEVICE,CHP_ROAD_TYPE,PEDESTRIAN_ACCIDENT,BICYCLE_ACCIDENT,MOTORCYCLE_ACCIDENT,TRUCK_ACCIDENT,NOT_PRIVATE_PROPERTY,ALCOHOL_INVOLVED,STWD_VEHTYPE_AT_FAULT,CHP_VEHTYPE_AT_FAULT,COUNT_SEVERE_INJ,COUNT_VISIBLE_INJ,COUNT_COMPLAINT_PAIN,COUNT_PED_KILLED,COUNT_PED_INJURED,COUNT_BICYCLIST_KILLED,COUNT_BICYCLIST_INJURED,COUNT_MC_KILLED,COUNT_MC_INJURED,PRIMARY_RAMP,SECONDARY_RAMP,LATITUDE,LONGITUDE,COUNTY,CITY,POINT_X,POINT_Y
91455470,2021,2021-04-21,9720,2021-04-19,1545,021321,,1,2,9,4400,0,2,4,,1,021,"SOQUEL DR","CARRIKER LN",100.00,E,N,A,-,N,,,,,,,,,,Y,2,0,1,2,A,-,09,21804,A,N,F,A,A,A,H,-,A,D,0,,,Y,,Y,,A,07,1,0,0,0,0,0,0,0,1,"- ","- ",36.987171173095703,-121.96753692626953,"SANTA CRUZ",UNINCORPORATED,-121.96776580810547,36.987213134765625
91459268,2021,2021-04-27,9720,2021-04-19,2310,022349,,1,3,9,4400,0,3,5,,2,100,"FELTON EMPIRE RD","EMPIRE GRADE RD",3696.00,S,N,A,-,N,,,,,,,,,,Y,2,0,1,1,A,-,01,23152,A,N,E,I,A,A,H,-,D,D,0,,,,,Y,Y,A,01,1,0,0,0,0,0,0,0,0,"- ","- ",37.061119079589844,-122.11312103271484,"SANTA CRUZ",UNINCORPORATED,-122.12309265136719,37.057960510253906
91485731,2021,2021-05-31,9720,2021-05-25,1931,022290,,2,2,9,4400,0,2,4,,1,023,"7TH AVE","EATON AVE",50.00,N,N,A,-,N,,,,,,,,,,Y,2,0,1,2,C,-,18,,,N,A,C,A,A,H,-,A,A,0,,,,,Y,,-,"- ",1,0,0,0,0,0,0,0,0,"- ","- ",36.967849731445312,-121.99800109863281,"SANTA CRUZ",UNINCORPORATED,-121.99798583984375,36.967807769775391
91492901,2021,2021-06-09,9720,2021-05-31,1412,022290,,1,2,9,4400,0,3,5,,2,100,"BEAR CREEK RD","BEAR CREEK WAY",350.00,E,N,A,-,N,,,,,,,,,,N,2,0,1,1,A,-,08,22107,,N,E,I,A,A,H,-,A,D,0,,,Y,,Y,,C,02,1,0,0,0,0,0,0,0,1,"- ","- ",37.173599243164062,-122.05747985839844,"SANTA CRUZ",UNINCORPORATED,-122.05766296386719,37.173454284667969
91503159,2021,2021-06-22,9720,2021-06-13,1635,022329,,7,2,9,4400,0,1,3,,1,015,SR-9,"GLENGARRY RD",4218.00,S,N,A,-,Y,,,9,,,,,,,Y,2,0,1,1,A,-,03,22350,,N,E,I,A,A,H,-,A,D,0,,,Y,,Y,,C,02,1,0,0,0,0,0,0,0,1,"- ","- ",37.024478912353516,-122.05947113037109,"SANTA CRUZ",UNINCORPORATED,-122.05945587158203,37.02447509765625
91507766,2021,2021-06-28,9720,2021-06-20,1214,014931,,7,1,9,4400,0,1,3,,1,035,SR-129,"COWARD RD",439.00,W,N,A,-,Y,,,129,,,,,,,Y,2,0,3,2,A,-,05,21460,A,N,A,C,A,A,H,-,A,D,0,,,,,Y,,A,01,2,1,0,0,0,0,0,0,0,"- ","- ",36.918991088867188,-121.72010040283203,"SANTA CRUZ",UNINCORPORATED,-121.72011566162109,36.919055938720703
91512872,2021,2021-07-05,9720,2021-06-27,1534,022545,,7,2,9,4400,0,1,3,,1,010,SR-1,"BONNY DOON RD",2587.00,S,N,A,G,Y,,,1,,,,,,,Y,2,0,1,1,A,-,08,22107,,N,F,A,A,A,G,-,A,D,0,,,Y,,Y,,C,02,1,0,0,0,0,0,0,0,1,"- ","- ",36.996261596679688,-122.17378997802734,"SANTA CRUZ",UNINCORPORATED,-122.17378997802734,36.996257781982422
91521971,2021,2021-07-16,9720,2021-07-06,0820,021877,,2,1,9,4400,0,1,3,,1,015,SR-9,"MILL ST. (UPPER)",0.00,,Y,A,-,Y,,,9,,,,,,,Y,2,0,2,2,A,-,12,22450,A,N,D,C,A,A,H,-,A,A,0,,,Y,,Y,,C,02,1,0,1,0,0,0,0,0,1,"- ","- ",37.089340209960938,-122.09219360351562,"SANTA CRUZ",UNINCORPORATED,-122.09219360351562,37.089378356933594
91553863,2021,2021-08-25,9720,2021-08-17,1430,022564,,2,2,9,4400,0,3,5,,2,300,"BROWNS VALLEY RD","REDWOOD RD",0.00,,Y,A,-,N,,,,,,,,,,N,2,0,1,2,A,-,09,21801,A,N,H,G,A,A,H,-,A,D,0,,Y,,,Y,,A,07,1,0,0,0,0,0,1,0,0,"- ","- ",37.026271820068359,-121.77996826171875,"SANTA CRUZ",UNINCORPORATED,-121.77970886230469,37.026603698730469
91557796,2021,2021-08-30,9720,2021-08-22,1830,022140,,7,2,9,4400,0,1,3,,2,020,"SR-1 N/B TO SOQUEL DRIVE","COMMERCIAL WAY",200.00,S,N,A,-,Y,,,1,,,,R,,N,Y,2,0,2,1,A,-,03,22350,,N,F,A,A,A,H,-,A,D,0,,,Y,,Y,,C,02,2,0,0,0,0,0,0,0,2,"- ","- ",36.986808776855469,-121.98403930664062,"SANTA CRUZ",UNINCORPORATED,-121.98403930664062,36.986808776855469
91560745,2021,2021-09-01,9720,2021-07-31,1156,021211,,6,1,9,4400,0,1,3,,2,020,"SR-1 N/B TO OCEAN ST.","OCEAN ST",370.00,S,N,A,-,Y,,,,,,,,,,N,2,0,1,2,A,-,07,21658,A,F,F,A,A,A,H,-,A,A,0,,,Y,,Y,,A,01,1,0,0,0,0,0,0,0,1,"- ","- ",36.986301422119141,-122.02369689941406,"SANTA CRUZ",UNINCORPORATED,-122.02584838867188,36.985660552978516
91576938,2021,2021-09-22,9720,2021-04-14,0152,022471,,3,3,5,4402,0,3,5,,2,200,"SR-1 S/B TO MORRISSEY BLVD",SR-1,25.00,W,N,A,-,Y,,,1,,,,R,,S,Y,1,1,3,1,A,-,01,23152,F,F,E,I,A,A,H,-,C,A,0,,,,,Y,,A,01,3,0,0,0,0,0,0,0,0,"- ","- ",36.988048553466797,-122.00492858886719,"SANTA CRUZ","SANTA CRUZ",-122.00492858886719,36.988048553466797
91587251,2021,2021-10-04,9720,2021-09-26,2245,022545,,7,3,5,4402,0,1,3,,1,015,SR-9,"GROVE ST",210.00,S,N,A,-,Y,,,,,,,,,,N,2,0,1,1,A,-,08,22107,,N,F,A,A,A,H,-,C,D,0,,,Y,,Y,Y,C,02,1,0,0,0,0,0,0,0,1,"- ","- ",37.116920471191406,-122.12045288085938,"SANTA CRUZ","SANTA CRUZ",-122.12045288085938,37.116973876953125
91587498,2021,2021-10-04,9720,2021-09-28,1420,022349,,2,2,9,4400,0,2,4,,1,032,"HOLOHAN ROAD","GRIMMER RD",1056.00,N,N,A,-,N,,,,,,,,,,N,2,0,1,1,A,-,08,22107,,N,E,I,A,A,H,-,A,D,0,,,,,Y,,A,01,1,0,0,0,0,0,0,0,0,"- ","- ",36.938808441162109,-121.75950622558594,"SANTA CRUZ",UNINCORPORATED,-121.75925445556641,36.938808441162109
91603247,2021,2021-10-22,9720,2021-10-08,1844,021702,,5,2,9,4400,0,1,3,,1,017,"RT 17","GRANITE CREEK RD",2640.00,S,N,A,-,Y,,,,,,,,,,Y,2,0,1,2,A,-,07,21658,A,F,B,C,A,A,H,-,C,D,0,,,Y,,Y,,A,01,1,0,0,0,0,0,0,0,1,"- ","- ",37.053791046142578,-122.00847625732422,"SANTA CRUZ",UNINCORPORATED,-122.00794219970703,37.054599761962891
91608015,2021,2021-10-27,9720,2021-07-27,1838,022329,,2,2,9,4400,0,3,5,,2,200,"GRANITE CREEK RD","VENTANA WOODS",960.00,N,N,B,-,N,,,,,,,,,,Y,1,1,0,1,A,-,01,23152,A,N,F,A,A,A,H,-,A,D,0,,,Y,,Y,Y,C,02,0,0,0,0,0,0,0,1,0,"- ","- ",37.045970916748047,-121.99854278564453,"SANTA CRUZ",UNINCORPORATED,-121.99858856201172,37.045883178710938
91626002,2021,2021-11-16,9720,2021-11-14,1400,021321,,7,2,9,4400,0,1,3,,1,014,"RT 9","SHINGLE MILL LN",10.00,N,N,A,-,Y,,,,,,,,,,Y,2,0,1,1,A,-,03,22350,,N,E,I,A,A,H,-,A,D,0,,,Y,,Y,,C,02,1,0,0,0,0,0,0,0,1,"- ","- ",37.349140167236328,-122.15377044677734,"SANTA CRUZ",UNINCORPORATED,-122.15412902832031,37.248786926269531
91634772,2021,2021-11-24,9720,2021-09-24,1810,022140,,5,2,9,4400,0,1,3,,1,035,SR-129,"ROGGE LN",0.00,,Y,B,-,Y,,,129,,,,,,,Y,1,1,2,2,A,-,09,21802,A,N,D,C,A,A,H,-,A,A,0,,,,,Y,,A,01,0,2,0,0,0,0,0,0,0,"- ","- ",36.903850555419922,-121.63926696777344,"SANTA CRUZ",UNINCORPORATED,-121.63926696777344,36.903846740722656
91635255,2021,2021-11-25,9720,2021-11-17,0918,021702,,3,1,9,4400,0,3,5,,2,200,"PORTER ST","S MAIN ST.",0.00,,Y,A,-,N,,,,,,,,,,N,2,0,2,2,D,-,00,,,N,H,G,A,A,H,-,A,A,0,,Y,,,Y,,-,"- ",1,1,0,0,0,0,2,0,0,"- ","- ",36.984149932861328,-121.95720672607422,"SANTA CRUZ",UNINCORPORATED,-121.95720672607422,36.984157562255859
9163961,2020,2020-11-25,4403,2020-09-06,1601,281,317,7,5,4,4403,0,0,0,,0,003,"LAKE AV","MARTINELLI ST",0.00,,Y,A,-,Y,SCR,5,152,-,-,1.221,I,6,E,Y,2,0,1,2,-,-,"- ",,,N,E,I,A,A,H,-,A,A,0,,,,,Y,,-,"- ",1,0,0,0,0,0,0,0,0,"- ","- ",,,"SANTA CRUZ",WATSONVILLE,-121.75688171386719,36.910255432128906
9165472,2020,2021-01-12,4404,2020-10-04,0812,5361,4404,7,5,3,4404,0,0,0,,0,SOUTH,"MT HERMON RD","SCOTTS VALLEY DR",0.00,,Y,A,-,N,,,,,,,,,,Y,1,1,1,2,A,-,09,21453,C,N,D,C,A,A,H,-,A,A,0,,,,,Y,,A,01,0,1,0,0,0,0,0,0,0,"- ","- ",37.041431427001953,-122.02580261230469,"SANTA CRUZ","SCOTTS VALLEY",-122.02512359619141,37.043201446533203
91656681,2021,2021-12-20,9730,2021-12-18,1755,022293,,6,2,9,4400,0,1,S,,2,904,SR-156,"MERIDIAN RD",2112.00,W,N,A,-,Y,,,,,,,,,,Y,2,0,2,2,A,-,03,22350,,N,C,C,A,A,H,-,D,D,0,,,,,Y,,A,01,2,0,0,0,0,0,0,0,0,"- ","- ",36.785858154296875,-121.68582916259766,"SANTA CRUZ",UNINCORPORATED,-121.68566131591797,36.785938262939453
91689139,2022,2022-01-31,9720,2022-01-18,2348,022349,,2,3,9,4400,0,1,3,,1,015,SR-9,"LORENZO AVE.",100.00,S,N,A,-,Y,SCR,,9,,,11.956,H,,R,N,2,0,1,1,A,-,01,23152,A,N,E,I,A,A,H,-,C,D,0,,,,,Y,Y,A,01,1,0,0,0,0,0,0,0,0,"- ","- ",37.111869812011719,-122.11441040039062,"SANTA CRUZ",UNINCORPORATED,-122.11443328857422,37.111865997314453
91697811,2022,2022-02-10,9720,2022-02-05,1345,022471,,6,1,9,4400,0,2,4,,1,023,"17TH AVE.","CAPITOLA RD",190.00,W,N,A,-,N,,,,,,,,,,N,2,0,1,1,A,-,08,22107,,N,F,A,A,A,H,-,A,D,0,,Y,,,Y,,L,04,1,0,0,0,0,0,1,0,0,"- ","- ",36.975440979003906,-121.98323822021484,"SANTA CRUZ",UNINCORPORATED,-121.98316955566406,36.975334167480469
91703540,2022,2022-02-17,9720,2022-02-06,1430,022044,,7,2,9,4400,0,1,3,,1,012,SR-236,"WATERMAN GAP RD.",35.00,E,N,A,-,Y,SCR,,236,,,15.469,H,,R,N,2,0,1,1,A,-,03,22350,,N,E,I,A,A,H,-,A,D,0,,,,,Y,,A,01,1,0,0,0,0,0,0,0,0,"- ","- ",37.193031311035156,-122.16912078857422,"SANTA CRUZ",UNINCORPORATED,-122.16915130615234,37.193096160888672
91712946,2022,2022-03-02,9720,2022-02-20,1210,022471,,7,1,9,4400,0,3,5,,2,200,"MATTISON LN","SOQUEL AVE",100.00,N,N,A,-,N,,,,,,,,,,N,2,0,1,1,A,-,03,22350,,N,F,A,A,A,H,-,D,D,0,,,Y,,Y,,C,02,1,0,0,0,0,0,0,0,1,"- ","- ",36.983779907226562,-121.97406768798828,"SANTA CRUZ",UNINCORPORATED,-121.97409820556641,36.983810424804688
91721484,2022,2022-03-14,9720,2022-03-06,0930,021321,,7,1,9,4400,0,3,5,,2,100,"EAST ZAYANTE RD","ZAYANTE SCHOOL ROAD",0.00,,Y,A,-,N,,,,,,,,,,N,2,0,2,2,D,-,00,,,N,D,C,A,A,H,-,A,D,0,,,Y,,Y,,-,"- ",1,0,1,0,0,0,0,0,1,"- ","- ",37.0789794921875,-122.05178833007812,"SANTA CRUZ",UNINCORPORATED,-122.05173492431641,37.079082489013672
91721497,2022,2022-03-14,9720,2022-03-06,1349,021860,,7,1,9,4400,0,1,3,,1,014,SR-9,"22424 HWY 9",200.00,S,N,A,-,Y,SCR,,9,,,22.312,H,,R,N,2,0,1,1,A,-,08,22107,,N,F,A,A,A,H,-,A,D,0,,,Y,,Y,,C,02,1,0,0,0,0,0,0,0,1,"- ","- ",37.224369049072266,-122.14824676513672,"SANTA CRUZ",UNINCORPORATED,-122.14821624755859,37.224449157714844
91750562,2022,2022-04-18,9720,2022-04-10,2305,020977,,7,3,9,4400,0,1,3,,1,014,"RT 9","NORICH ROAD",505.00,N,N,A,-,Y,SCR,,9,,,16.330,H,,R,Y,2,0,1,1,A,-,01,23152,A,N,E,I,A,A,H,-,D,D,0,,,,,Y,Y,A,07,1,0,0,0,0,0,0,0,0,"- ","- ",37.169441223144531,-122.13584899902344,"SANTA CRUZ",UNINCORPORATED,-122.13582611083984,37.169441223144531
91804414,2022,2022-06-27,9720,2022-06-18,1235,022542,,6,1,9,4400,0,1,3,,1,014,SR-9,"TWO BAR RD",528.00,N,N,A,-,Y,SCR,,9,,,14.611,H,,R,Y,2,0,1,2,A,-,09,21804,A,N,D,C,A,A,H,-,A,D,0,,,Y,,Y,,D,22,1,0,0,0,0,0,0,0,1,"- ","- ",37.144821166992188,-122.13226318359375,"SANTA CRUZ",UNINCORPORATED,-122.13222503662109,37.144828796386719
91826190,2022,2022-07-27,9720,2022-07-16,1739,022511,,6,2,9,4400,0,2,4,,1,024,"BROMMER ST","CAPTAINS CT",265.00,E,N,A,-,N,,,,,,,,,,N,2,0,1,1,A,-,03,22350,,N,F,A,A,A,H,-,A,D,0,,Y,,,Y,,M,91,1,0,0,0,0,0,1,0,0,"- ","- ",36.972080230712891,-121.99241638183594,"SANTA CRUZ",UNINCORPORATED,-121.99268341064453,36.972038269042969
91827104,2022,2022-07-28,9720,2022-07-18,1748,022545,,1,2,9,4400,0,3,5,,2,100,"LA MADRONA DR","VIA VINCA",95.00,S,N,A,-,N,,,,,,,,,,N,2,0,1,2,A,-,09,21801,A,N,A,G,A,A,H,-,A,D,0,,Y,,,Y,,A,01,1,0,0,0,0,0,1,0,0,"- ","- ",37.02471923828125,-122.02934265136719,"SANTA CRUZ",UNINCORPORATED,-122.02940368652344,37.02471923828125
91840534,2022,2022-08-15,9720,2022-08-12,1030,021304,,5,1,9,4400,0,3,5,,2,300,"BROWNS VALLEY RD","DEER RIDGE TRAIL",1531.00,N,N,A,-,N,,,,,,,,,,N,2,0,1,1,A,-,03,22350,,N,F,A,A,A,H,-,A,D,0,,Y,,,Y,,L,04,1,0,0,0,0,0,1,0,0,"- ","- ",37.016189575195312,-121.78952789306641,"SANTA CRUZ",UNINCORPORATED,-121.78959655761719,37.016197204589844
91853580,2022,2022-08-30,9720,2022-08-11,2115,020977,,4,2,9,4400,0,1,3,,2,020,"SR-1 N/B TO SR-17 N/B","STATE ROUTE 17",57.00,E,N,A,-,Y,SCR,,17,,,0.060,H,,R,Y,2,0,5,1,A,-,01,23152,A,N,E,I,A,A,H,-,C,D,0,,,,,Y,Y,A,07,4,1,0,0,0,0,0,0,0,"- ","- ",36.990390777587891,-122.02101135253906,"SANTA CRUZ",UNINCORPORATED,-122.021240234375,36.990509033203125
91867582,2022,2022-09-19,9720,2022-09-04,1850,022044,,7,2,9,4400,0,3,5,,2,100,"MARTIN ST.","QUAIL DR.",200.00,W,N,A,-,N,,,,,,,,,,N,2,0,1,1,C,-,18,,,N,H,A,A,A,H,-,A,D,0,,Y,,,Y,,-,"- ",1,0,0,0,0,0,0,0,0,"- ","- ",37.044940948486328,-122.14830017089844,"SANTA CRUZ",UNINCORPORATED,-122.14867401123047,37.044780731201172
91874720,2022,2022-09-27,9720,2022-03-06,1250,021211,,7,1,9,4400,0,1,3,,1,017,"SR-17 N/B","EL RANCHO DR",1267.00,S,N,A,-,Y,SCR,,17,,,1.940,H,,R,Y,1,1,0,1,A,-,08,22107,,N,E,8,A,A,H,-,A,D,0,,,,,Y,,A,01,0,0,0,0,0,0,0,0,0,"- ","- ",37.015880584716797,-122.02574920654297,"SANTA CRUZ",UNINCORPORATED,-122.02581024169922,37.015853881835938
91876905,2022,2022-09-29,9720,2022-04-07,1055,021714,,4,1,9,4400,0,3,5,,2,100,"QUAIL HOLLOW ROAD","EAST ZAYANTE ROAD",98.00,N,N,A,-,N,,,,,,,,,,Y,1,1,0,1,A,-,08,22107,,N,E,I,A,A,H,-,A,D,0,,,,,Y,,A,07,0,0,0,0,0,0,0,0,0,"- ","- ",37.074378967285156,-122.05558776855469,"SANTA CRUZ",UNINCORPORATED,-122.05552673339844,37.074428558349609
91895627,2022,2022-10-20,9720,2022-10-08,2040,022140,,6,2,9,4400,0,1,3,,1,010,SR-1,"BONNY DOON RD",500.00,S,N,B,E,Y,SCR,,1,,,27.524,H,,R,Y,2,0,1,2,A,-,03,22350,,N,C,G,A,B,H,-,D,D,0,,Y,,,Y,,A,01,1,0,0,0,0,0,1,0,0,"- ","- ",36.999889373779297,-122.17935180664062,"SANTA CRUZ",UNINCORPORATED,-122.17931365966797,36.999919891357422
91895631,2022,2022-10-20,9720,2022-10-08,1615,020977,,6,2,9,4400,0,1,3,,1,010,"STATE ROUTE 236","VIA RATON",1584.00,N,N,A,-,Y,SCR,,236,,,16.460,H,,R,Y,2,0,3,1,A,-,03,22350,,N,E,I,A,A,H,-,A,D,0,,,,,Y,,A,01,2,0,1,0,0,0,0,0,0,"- ","- ",37.201519012451172,-122.16255950927734,"SANTA CRUZ",UNINCORPORATED,-122.16255950927734,37.201511383056641
91900639,2022,2022-10-27,9720,2022-10-15,0830,022907,,6,1,9,4400,0,3,5,,2,100,"FELTON EMPIRE RD","KRAZY ACRE LN",1056.00,E,N,A,-,N,,,,,,,,,,N,2,0,1,1,A,-,08,22107,,N,E,I,A,B,H,-,B,D,0,,,,,Y,,D,22,1,0,0,0,0,0,0,0,0,"- ","- ",37.050369262695312,-122.09239196777344,"SANTA CRUZ",UNINCORPORATED,-122.09649658203125,37.053798675537109
91919545,2022,2022-11-16,9720,2022-11-06,2500,023066,,7,4,9,4400,0,3,5,,2,300,"EUREKA CANYON RD","ALITOS DR",528.00,N,N,A,-,N,,,,,,,,,,Y,2,0,1,1,A,-,08,22107,,N,E,I,A,A,H,-,D,D,0,,,,,Y,,D,22,1,0,0,0,0,0,0,0,0,"- ","- ",36.993778228759766,-121.80461120605469,"SANTA CRUZ",UNINCORPORATED,-121.804443359375,36.993305206298828
91929175,2022,2022-11-29,9720,2022-07-23,1515,022545,,6,2,9,4400,0,3,5,,2,100,"ALBA RD","STODDARD RD",2640.00,E,N,A,-,N,,,,,,,,,,Y,1,1,1,2,A,-,05,21460,A,N,A,C,A,A,H,-,A,D,0,,,Y,,Y,,C,02,0,1,0,0,0,0,0,1,0,"- ","- ",37.096569061279297,-122.12364196777344,"SANTA CRUZ",UNINCORPORATED,-122.12335968017578,37.096611022949219
91934568,2022,2022-12-05,9720,2022-07-17,0228,022399,,7,3,9,4400,0,1,3,,1,015,SR-9,"CALIFORNIA DR",1584.00,N,N,A,-,Y,SCR,,9,,,10.381,H,,R,Y,1,1,0,1,A,-,01,23152,G,N,E,8,A,A,H,-,D,D,0,,,,,Y,Y,D,22,0,0,0,0,0,0,0,0,0,"- ","- ",37.098339080810547,-122.09786224365234,"SANTA CRUZ",UNINCORPORATED,-122.09792327880859,37.098289489746094
91945577,2022,2022-12-19,9720,2022-11-30,2130,022044,,3,2,9,4400,0,3,5,,2,200,"30TH AVE.","LEWIS CIR",50.00,W,N,A,-,N,,,,,,,,,,N,2,0,1,1,A,-,01,23152,A,N,F,A,A,A,H,-,C,D,0,,,Y,,Y,Y,C,02,1,0,0,0,0,0,0,0,1,"- ","- ",36.966091156005859,-121.97396850585938,"SANTA CRUZ",UNINCORPORATED,-121.97402954101562,36.965988159179688
91968920,2023,2023-01-16,9720,2023-01-06,1732,022879,,5,2,9,4400,0,1,3,,1,015,SR-9,"LOMOND ST.",0.00,,Y,A,-,Y,SCR,,9," "," ",12.870,H,,R,N,2,0,1,2,A,-,11,21954,A,N,G,B,D,A,H,-,D,D,0,Y,,,,Y,,N,60,1,0,0,0,1,0,0,0,0,"- ","- ",37.123329162597656,-122.12174224853516,"SANTA CRUZ",UNINCORPORATED,-122.12164306640625,37.123348236083984
9198634,2020,2021-03-15,4403,2020-12-18,0700,381,4-01,5,5,4,4403,0,0,0,,0,004,"GREEN VALLEY RD","CARNATION DR",0.00,,Y,A,-,N,,,,,,,,,,Y,2,0,1,2,A,-,12,21453,A,F,D,C,A,A,H,-,A,A,0,,,,,Y,,A,01,1,0,0,0,0,0,0,0,0,"- ","- ",,,"SANTA CRUZ",WATSONVILLE,-121.77140808105469,36.937538146972656
92014119,2023,2023-03-09,9720,2023-02-28,1535,023180,,2,2,9,4400,0,1,3,,1,017,"N/B SR-17","OLD SANTA CRUZ HWY",739.00,S,N,C,-,Y,SCR,,17," "," ",11.152,H,,R,Y,2,0,1,1,A,-,08,22107,,N,E,I,A,B,H,-,A,D,0,,,,,Y,,A,01,1,0,0,0,0,0,0,0,0,"- ","- ",37.126338958740234,-121.97360992431641,"SANTA CRUZ",UNINCORPORATED,-121.97374725341797,37.126255035400391
92028843,2023,2023-03-27,9720,2023-03-20,"655 ",019100,,1,1,9,4400,0,3,5,,2,300,"BUENA VISTA DR","MILLER AVE",0.00,,Y,B,-,N,,,,,,,,,,N,2,0,1,2,A,-,10,21950,A,N,G,B,B,B,H,-,A,A,0,Y,,,,Y,,A,07,1,0,0,0,1,0,0,0,0,"- ","- ",36.941581726074219,-121.78520965576172,"SANTA CRUZ",UNINCORPORATED,-121.78507232666016,36.941596984863281
92034091,2023,2023-03-30,9720,2023-03-23,1421,022140,,4,2,9,4400,0,1,3,,1,010,"SR-1 S/B","LA FONDA AVE",370.00,N,N,A,-,Y,SCR,,1," "," ",15.320,H,,L,Y,2,0,1,2,A,-,03,22350,,N,C,2,A,A,H,-,A,D,0,,,Y,,Y,,C,02,1,0,0,0,0,0,0,0,1,"- ","- ",36.98809814453125,-121.99436187744141,"SANTA CRUZ",UNINCORPORATED,-121.99436187744141,36.988071441650391
92055048,2023,2023-08-10,9720,2023-03-04,2220,021717,,6,3,9,4400,0,2,4,,1,032,"HOLOHAN RD.","GRIMMER RD.",1056.00,N,N,B,-,N,,,,,,,,,,Y,1,1,3,2,A,-,01,23152,A,N,A,C,A,A,H,-,D,D,0,,,,,Y,Y,A,07,3,0,0,0,0,0,0,0,0,"- ","- ",36.938819885253906,-121.75901031494141,"SANTA CRUZ",UNINCORPORATED,-121.75925445556641,36.938808441162109
92055054,2022,2023-07-03,9720,2022-11-10,1628,018171,,4,2,9,4400,0,1,3,,1,017,"SR-17 N/B",SR-1,255.00,S,N,A,-,Y,SCR,,1,,,17.063,H,,R,Y,1,1,1,1,A,-,08,22107,,N,E,I,A,A,H,-,A,D,0,,,,,Y,,A,01,0,1,0,0,0,0,0,0,0,"- ","- ",36.989139556884766,-122.02246856689453,"SANTA CRUZ",UNINCORPORATED,-122.02257537841797,36.98919677734375
92061616,2023,2023-05-04,9720,2023-04-25,1320,021248,,2,1,9,4400,0,2,4,,1,021,"SOQUEL DR","APTOS ST",528.00,E,N,A,-,N,,,,,,,,,,Y,2,0,1,2,A,-,09,21804,A,N,C,C,A,A,H,-,A,D,0,,,Y,,Y,,A,01,1,0,0,0,0,0,0,0,1,"- ","- ",36.975589752197266,-121.89430236816406,"SANTA CRUZ",UNINCORPORATED,-121.89673614501953,36.975601196289062
92070773,2023,2023-05-17,9720,2023-05-04,1729,023214,,4,2,9,4400,0,1,3,,1,035,SR-129,"CARLTON RD.",50.00,W,N,A,-,Y,SCR,,129," "," ",3.257,H,,R,Y,2,0,1,3,A,-,09,21802,A,F,F,A,A,A,H,-,A,A,0,,,Y,,Y,,D,22,1,0,0,0,0,0,0,0,1,"- ","- ",36.924350738525391,-121.69941711425781,"SANTA CRUZ",UNINCORPORATED,-121.69941711425781,36.924308776855469