CASE_ID,ACCIDENT_YEAR,PROC_DATE,JURIS,COLLISION_DATE,COLLISION_TIME,OFFICER_ID,REPORTING_DISTRICT,DAY_OF_WEEK,CHP_SHIFT,POPULATION,CNTY_CITY_LOC,SPECIAL_COND,BEAT_TYPE,CHP_BEAT_TYPE,CITY_DIVISION_LAPD,CHP_BEAT_CLASS,BEAT_NUMBER,PRIMARY_RD,SECONDARY_RD,DISTANCE,DIRECTION,INTERSECTION,WEATHER_1,WEATHER_2,STATE_HWY_IND,CALTRANS_COUNTY,CALTRANS_DISTRICT,STATE_ROUTE,ROUTE_SUFFIX,POSTMILE_PREFIX,POSTMILE,LOCATION_TYPE,RAMP_INTERSECTION,SIDE_OF_HWY,TOW_AWAY,COLLISION_SEVERITY,NUMBER_KILLED,NUMBER_INJURED,PARTY_COUNT,PRIMARY_COLL_FACTOR,PCF_CODE_OF_VIOL,PCF_VIOL_CATEGORY,PCF_VIOLATION,PCF_VIOL_SUBSECTION,HIT_AND_RUN,TYPE_OF_COLLISION,MVIW,PED_ACTION,ROAD_SURFACE,ROAD_COND_1,ROAD_COND_2,LIGHTING,CONTROL_DEVICE,CHP_ROAD_TYPE,PEDESTRIAN_ACCIDENT,BICYCLE_ACCIDENT,MOTORCYCLE_ACCIDENT,TRUCK_ACCIDENT,NOT_PRIVATE_PROPERTY,ALCOHOL_INVOLVED,STWD_VEHTYPE_AT_FAULT,CHP_VEHTYPE_AT_FAULT,COUNT_SEVERE_INJ,COUNT_VISIBLE_INJ,COUNT_COMPLAINT_PAIN,COUNT_PED_KILLED,COUNT_PED_INJURED,COUNT_BICYCLIST_KILLED,COUNT_BICYCLIST_INJURED,COUNT_MC_KILLED,COUNT_MC_INJURED,PRIMARY_RAMP,SECONDARY_RAMP,LATITUDE,LONGITUDE,COUNTY,CITY,POINT_X,POINT_Y
92108441,2023,2023-07-03,9720,2023-03-21,"545 ",022879,,2,3,9,4400,0,1,3,,1,017,"SR-17 N/B","EL RANCHO DRIVE",328.00,S,N,C,-,Y,SCR,,17," "," ",2.155,H,,R,Y,1,1,0,1,A,-,08,22107,,N,E,8,A,B,H,-,C,D,0,,,,,Y,,A,01,0,0,0,0,0,0,0,0,0,"- ","- ",37.018638610839844,-122.02748870849609,"SANTA CRUZ",UNINCORPORATED,-122.02765655517578,37.018627166748047
92109291,2023,2023-07-04,9720,2023-06-23,1620,023166,,5,2,9,4400,0,3,5,,2,300,"HOLOHAN RD.","LAKEN DR",38.00,W,N,A,-,N,,,,,,,,,,N,2,0,1,2,A,-,05,21460,A,F,A,C,A,A,H,-,A,D,0,,,Y,,Y,,C,02,1,0,0,0,0,0,0,0,1,"- ","- ",36.936260223388672,-121.74459075927734,"SANTA CRUZ",UNINCORPORATED,-121.74540710449219,36.936485290527344
92109691,2023,2023-07-05,9720,2023-06-25,"136 ",022879,,7,3,9,4400,0,2,4,,1,024,"E. CLIFF DR.","33RD AVE.",26.00,E,N,A,-,N,,,,,,,,,,N,2,0,1,1,A,-,01,23152,A,N,E,8,A,A,H,-,C,D,0,,,,,Y,Y,D,22,1,0,0,0,0,0,0,0,0,"- ","- ",36.955848693847656,-121.97165679931641,"SANTA CRUZ",UNINCORPORATED,-121.97168731689453,36.955921173095703
9211448,2020,2021-01-14,4401,2020-03-29,1711,527,4401,7,5,3,4401,0,0,0,,0,009,"PARK AV","WESLEY ST",390.00,W,N,-,-,N,,,,,,,,,,Y,2,0,2,1,A,-,01,23153,A,N,E,I,A,A,H,-,B,A,0,,,,,Y,Y,A,01,1,1,0,0,0,0,0,0,0,"- ","- ",,,"SANTA CRUZ",CAPITOLA,-121.94467163085938,36.976886749267578
92136986,2023,2023-08-07,9720,2023-07-26,1025,023316,,3,1,9,4400,0,3,5,,2,200,"SUMMIT ROAD","OLD SANTA CRUZ HIGHWAY",1056.00,E,N,A,-,N,,,,,,,,,,Y,2,0,1,1,A,-,01,23152,F,N,E,I,A,A,H,-,A,D,0,,,,,Y,,A,01,1,0,0,0,0,0,0,0,0,"- ","- ",37.134819030761719,-121.96510314941406,"SANTA CRUZ",UNINCORPORATED,-121.96528625488281,37.134925842285156
92137020,2023,2023-08-07,9720,2023-07-27,1520,022140,,4,2,9,4400,0,1,3,,1,015,SR-9,"EL SOLYO HEIGHTS DR",430.00,N,N,A,-,Y,SCR,,9," "," ",7.606,H,,R,N,2,0,1,2,A,-,08,22107,,N,F,A,A,A,H,-,A,D,0,,,Y,,Y,,C,02,1,0,0,0,0,0,0,0,1,"- ","- ",37.067131042480469,-122.08010864257812,"SANTA CRUZ",UNINCORPORATED,-122.08016204833984,37.067081451416016
92146744,2023,2023-08-17,9720,2023-08-08,1230,023316,,2,1,9,4400,0,1,3,,1,010,SR-1,"DIMEO LANE",0.00,,Y,B,-,Y,SCR,,1," "," ",22.707,H,,R,Y,2,0,3,2,A,-,09,21802,A,M,D,C,A,A,H,-,A,A,0,,,,,Y,,A,07,1,2,0,0,0,0,0,0,0,"- ","- ",36.964588165283203,-122.10487365722656,"SANTA CRUZ",UNINCORPORATED,-122.10489654541016,36.964565277099609
92151461,2023,2023-08-23,9720,2023-08-18,"125 ",019100,,5,3,9,4400,0,1,3,,2,030,"SR-1 S/B","BUENA VISTA DR",528.00,S,N,B,-,Y,SCR,,1," ",R,3.845,H,,L,Y,2,0,1,1,A,-,01,23152,A,N,E,I,A,A,H,-,D,D,0,,,,,Y,Y,A,01,1,0,0,0,0,0,0,0,0,"- ","- ",36.929939270019531,-121.80683135986328,"SANTA CRUZ",UNINCORPORATED,-121.80673980712891,36.930068969726562
92181078,2023,2023-09-27,9720,2023-09-17,1135,023245,,7,1,9,4400,0,1,3,,1,014,SR-9,"STAPP ROAD",1056.00,N,N,A,-,Y,SCR,,9," "," ",18.046,H,,R,Y,2,0,1,2,A,-,09,21804,A,N,D,C,A,A,H,-,A,D,0,,,Y,,Y,,A,01,1,0,0,0,0,0,0,0,1,"- ","- ",37.191318511962891,-122.14485931396484,"SANTA CRUZ",UNINCORPORATED,-122.14484405517578,37.191326141357422
92181092,2023,2023-09-27,9720,2023-09-17,1140,022400,,7,1,9,4400,0,1,3,,1,017,SR-17,"SUGARLOAF RD",0.00,,Y,A,-,Y,SCR,,17," "," ",8.703,H,,R,Y,2,0,1,2,A,-,03,22350,,N,D,C,A,A,H,-,A,D,0,,,Y,,Y,,C,02,1,0,0,0,0,0,0,0,1,"- ","- ",37.095230102539062,-121.97663116455078,"SANTA CRUZ",UNINCORPORATED,-121.97664642333984,37.095237731933594
92191717,2023,2023-10-05,9720,2023-09-24,1410,023214,,7,2,9,4400,0,1,3,,1,014,SR-9,SR-35,5808.00,S,N,A,-,Y,SCR,,9," "," ",25.717,H,,R,Y,2,0,3,2,A,-,05,21460,A,F,A,C,A,A,H,-,A,D,0,,,,,Y,,A,01,3,0,0,0,0,0,0,0,0,"- ","- ",37.2476806640625,-122.13842010498047,"SANTA CRUZ",UNINCORPORATED,-122.13837432861328,37.247657775878906
92197770,2023,2023-10-12,9720,2023-10-01,"253 ",022879,,7,3,9,4400,0,3,5,,2,100,"EMPIRE GRADE RD.","HELLER DR.",2112.00,N,N,A,-,N,,,,,,,,,,N,2,0,4,1,A,-,01,23152,A,N,E,I,A,A,H,-,D,D,0,,,,,Y,Y,A,01,3,1,0,0,0,0,0,0,0,"- ","- ",36.992511749267578,-122.06992340087891,"SANTA CRUZ",UNINCORPORATED,-122.07006072998047,36.993484497070312
92227921,2023,2023-11-03,9720,2023-10-22,1642,023214,,7,2,9,4400,0,3,5,,2,300,"BUENA VISTA DR.","LARKIN VALLEY RD.",1584.00,E,N,C,-,N,,,,,,,,,,Y,2,0,1,1,A,-,03,22350,,N,E,I,A,B,H,-,A,D,0,,,,,Y,,A,01,1,0,0,0,0,0,0,0,0,"- ","- ",36.939628601074219,-121.80330657958984,"SANTA CRUZ",UNINCORPORATED,-121.80340576171875,36.939296722412109
92274356,2023,2023-12-29,9720,2023-12-24,"904 ",023507,,7,1,9,4400,0,1,3,,1,010,"N/B SR-1","OLD COAST ROAD",30.00,S,N,A,-,Y,SCR,,1," "," ",28.388,H,,R,Y,2,0,1,1,A,-,08,22107,,N,E,I,A,A,H,-,A,D,0,,,,,Y,,A,07,1,0,0,0,0,0,0,0,0,"- ","- ",37.008941650390625,-122.19013977050781,"SANTA CRUZ",UNINCORPORATED,-122.19017028808594,37.008895874023438
92282094,2023,2024-01-08,9720,2023-09-22,1428,023186,,5,2,9,4400,0,1,3,,1,012,SR-236,"S REDWOOD DR",130.00,S,N,A,-,Y,SCR,,236," "," ",0.808,H,,R,Y,2,0,3,4,A,-,01,23152,A,N,G,B,E,A,D,-,A,A,0,Y,,,,Y,Y,A,07,1,2,0,0,1,0,0,0,0,"- ","- ",37.129978179931641,-122.13394165039062,"SANTA CRUZ",UNINCORPORATED,-122.13397979736328,37.129962921142578
92286804,2023,2024-01-15,9720,2023-12-30,2226,022545,,6,3,9,4400,0,2,4,,1,031,"FREEDOM BLVD","REDWOOD HEIGHTS RD",50.00,W,N,B,-,N,,,,,,,,,,Y,2,0,1,1,A,-,01,23152,A,N,E,8,A,B,H,-,D,D,0,,,,,Y,Y,A,01,1,0,0,0,0,0,0,0,0,"- ","- ",36.987728118896484,-121.84197235107422,"SANTA CRUZ",UNINCORPORATED,-121.84190368652344,36.987667083740234
92287749,2023,2024-01-16,9720,2023-12-11,1725,023516,,1,2,9,4400,0,1,3,,1,015,"SR-9 S/B","MOUNTAIN ST",6.00,N,N,B,-,Y,SCR,,9," "," ",12.780,H,,L,N,2,0,1,2,A,-,10,21950,A,N,G,B,B,A,H,-,C,D,0,Y,,,,Y,,-,"- ",1,0,0,0,1,0,0,0,0,"- ","- ",37.120578765869141,-122.12095642089844,"SANTA CRUZ",UNINCORPORATED,-122.12092590332031,37.120582580566406
92313032,2024,2024-02-13,9720,2024-02-01,1426,023657,,4,2,9,4400,0,1,3,,1,017,"N/B SR-17","EL RANCHO DRIVE",100.00,S,N,B,C,Y,SCR,,17," "," ",2.144,H,,R,Y,2,0,1,1,A,-,03,22350,,N,E,I,A,B,H,-,A,D,0,,,,,Y,,D,22,1,0,0,0,0,0,0,0,0,"- ","- ",37.018459320068359,-122.02767181396484,"SANTA CRUZ",UNINCORPORATED,-122.02763366699219,37.018463134765625
92322795,2024,2024-02-26,9720,2024-02-14,1910,023573,,3,2,9,4400,0,3,5,,2,100,"FELTON EMPIRE RD","KILN ROAD",2640.00,W,N,C,-,N,,,,,,,,,,Y,2,0,1,1,A,-,08,22107,,N,F,A,A,B,H,-,D,D,0,,,,,Y,,A,07,1,0,0,0,0,0,0,0,0,"- ","- ",37.056880950927734,-122.10224914550781,"SANTA CRUZ",UNINCORPORATED,,
92325095,2024,2024-02-28,9720,2024-01-28,1410,022976,,7,2,9,4400,0,1,3,,1,010,SR-1,"CEMENT PLANT ROAD",375.00,N,N,A,-,Y,SCR,,1," "," ",29.196,H,,R,Y,2,0,3,3,A,-,09,21801,A,N,A,C,A,A,H,-,A,D,0,,,,,Y,,A,07,1,1,1,0,0,0,0,0,0,"- ","- ",37.015369415283203,-122.20197296142578,"SANTA CRUZ",UNINCORPORATED,-122.20195007324219,37.015384674072266
92332145,2024,2024-03-07,9720,2024-02-27,1819,023245,,2,2,9,4400,0,1,3,,1,015,SR-9,"GLENGARRY ROAD",1003.00,S,N,A,-,Y,SCR,,9," "," ",4.548,H,,R,Y,2,0,5,5,A,-,08,22107,,N,H,6,A,A,H,-,D,D,0,,Y,,,Y,,A,01,4,0,1,0,0,0,4,0,0,"- ","- ",37.03070068359375,-122.06240844726562,"SANTA CRUZ",UNINCORPORATED,-122.06241607666016,37.030719757080078
92357664,2023,2024-08-23,9720,2023-11-11,1404,022400,,6,2,9,4400,0,1,3,,1,010,SR-1,"DIMEO LN",0.00,,Y,A,-,Y,SCR,,1," "," ",22.703,H,,R,N,1,1,0,2,A,-,09,21802,A,N,C,C,A,A,H,-,A,A,0,,,Y,,Y,,D,22,0,0,0,0,0,0,0,1,0,"- ","- ",36.964500427246094,-122.1048583984375,"SANTA CRUZ",UNINCORPORATED,-122.10483551025391,36.964527130126953
92359980,2024,2024-04-09,9720,2024-03-26,1726,023502,,2,2,9,4400,0,1,3,,1,015,SR-9,"GRAHAM HILL RD",220.00,S,N,A,-,Y,SCR,,9," "," ",6.381,H,,R,N,2,0,1,2,A,-,03,22350,,N,C,C,A,A,H,-,A,D,0,,,Y,,Y,,C,02,1,0,0,0,0,0,0,0,1,"- ","- ",37.051830291748047,-122.0732421875,"SANTA CRUZ",UNINCORPORATED,-122.0732421875,37.051830291748047
92366342,2024,2024-04-17,9720,2024-04-08,1440,023611,,1,2,9,4400,0,3,5,,2,300,"LARKIN VALLEY ROAD","XANTHUS DR",1000.00,S,N,A,-,N,,,,,,,,,,Y,2,0,1,1,A,-,03,22350,,N,E,I,A,A,H,-,A,D,0,,,,,Y,,A,01,1,0,0,0,0,0,0,0,0,"- ","- ",36.958610534667969,-121.85636138916016,"SANTA CRUZ",UNINCORPORATED,-121.85413360595703,36.957511901855469
92398449,2024,2024-08-14,9720,2024-05-11,1854,023387,,6,2,9,4400,0,1,3,,1,017,"SR-17 S/B","LA MADRONA DR",60.00,S,N,B,-,Y,SCR,,17," "," ",2.163,H,,L,N,2,0,1,1,A,-,03,22350,,N,F,A,A,B,H,-,A,D,0,,,Y,,Y,,C,02,1,0,0,0,0,0,0,0,1,"- ","- ",37.018741607666016,-122.02796936035156,"SANTA CRUZ",UNINCORPORATED,-122.02799224853516,37.018741607666016
92414358,2024,2024-06-13,9720,2024-03-28,1851,023657,,4,2,9,4400,0,1,3,,1,034,SR-152,"GAFFEY RD",1320.00,W,N,A,-,Y,SCR,,152," "," ",6.158,H,,R,Y,2,0,5,2,A,-,01,23152,A,N,A,C,A,A,H,-,B,D,0,,,,,Y,Y,A,01,1,4,0,0,0,0,0,0,0,"- ","- ",36.979278564453125,-121.71391296386719,"SANTA CRUZ",UNINCORPORATED,-121.71390533447266,36.979286193847656
92435844,2024,2024-07-11,9720,2024-05-17,1745,023316,,5,2,9,4400,0,2,4,,1,024,"E CLIFF DRIVE","25TH AVE",2.00,E,N,A,-,N,,,,,,,,,,Y,2,0,1,1,A,-,01,23152,G,M,E,8,A,A,H,-,A,D,0,,,,,Y,Y,A,01,1,0,0,0,0,0,0,0,0,"- ","- ",36.959159851074219,-121.98130798339844,"SANTA CRUZ",UNINCORPORATED,-121.98128509521484,36.959228515625
9246369,2021,2021-04-05,4401,2021-01-25,1814,521,4401,1,5,3,4401,0,0,0,,0,,"41ST AV","GROSS RD",247.00,S,N,A,-,N,,,,,,,,,,Y,2,0,1,2,A,-,09,21804,A,M,D,C,A,A,H,-,C,D,0,,,,,Y,,A,01,1,0,0,0,0,0,0,0,0,"- ","- ",,,"SANTA CRUZ",CAPITOLA,-121.96503448486328,36.980453491210938
9255400,2021,2021-05-11,4403,2021-04-16,1434,418,527,5,5,4,4403,0,0,0,,0,005,"AIRPORT BL","LOMA PRIETA AV",9.00,E,N,A,-,N,,,,,,,,,,,2,0,1,2,A,-,12,21453,A,N,G,B,B,A,H,-,A,A,0,Y,,,,Y,,A,01,1,0,0,0,1,0,0,0,0,"- ","- ",,,"SANTA CRUZ",WATSONVILLE,-121.78144073486328,36.935249328613281
9256372,2021,2021-07-22,4403,2021-05-29,1742,T0003,539,6,5,4,4403,0,0,0,,0,005,"GREEN VALLEY RD","FREEDOM BL",96.00,E,N,A,-,N,,,,,,,,,,N,1,1,0,1,A,-,01,21221,5,N,E,I,A,A,H,-,A,D,0,,,,,Y,Y,M,94,0,0,0,0,0,0,0,0,0,"- ","- ",,,"SANTA CRUZ",WATSONVILLE,-121.77318572998047,36.935256958007812
9299022,2021,2021-08-30,4402,2021-05-31,1626,137,4402,1,5,5,4402,0,0,0,,0,000,"RT 9","VERNON ST",2760.00,N,N,A,-,Y,SCR,5,9,-,-,1.050,H,-,N,Y,2,0,1,1,A,-,01,23153,A,F,E,J,A,A,H,-,B,D,0,,,,,Y,Y,D,22,1,0,0,0,0,0,0,0,0,"- ","- ",,,"SANTA CRUZ","SANTA CRUZ",-122.03681945800781,36.996246337890625
93097181,2024,2024-08-01,9720,2024-07-14,1648,023618,,7,2,9,4400,0,1,3,,1,015,SR-9,"MILL ST",300.00,N,N,A,-,Y,SCR,,9," "," ",9.681,H,,R,Y,2,0,3,2,A,-,01,23152,A,N,A,C,A,A,H,-,A,D,0,,,,,Y,Y,A,01,1,2,0,0,0,0,0,0,0,"- ","- ",37.089550018310547,-122.09300231933594,"SANTA CRUZ",UNINCORPORATED,-122.09300994873047,37.089530944824219
9316325,2021,2021-09-23,4402,2021-08-04,0000,131,4402,3,5,5,4402,0,0,0,,0,000,"OCEAN ST","FRANKLIN ST",63.00,S,N,A,-,N,,,,,,,,,,Y,2,0,2,2,C,-,18,,,N,G,B,F,A,H,-,D,D,0,Y,,,,Y,Y,-,"- ",1,1,0,0,1,0,0,0,0,"- ","- ",,,"SANTA CRUZ","SANTA CRUZ",-122.02295684814453,36.983684539794922
9320245,2021,2023-06-20,4403,2021-12-03,1524,281,2-20,5,5,4,4403,0,0,0,,0,002,"BEACH ST","RODRIGUEZ ST",0.00,,Y,A,-,N,,,,,,,,,,Y,1,1,0,2,A,-,10,21950,A,N,G,B,B,A,H,-,A,A,0,Y,,,,Y,Y,D,22,0,0,0,1,0,0,0,0,0,"- ","- ",,,"SANTA CRUZ",WATSONVILLE,-121.75807189941406,36.909397125244141
9321162,2023,2025-06-28,4402,2023-01-20,"613 ",153,4402,5,5,5,4402,0,0,0,,0,000,"RT 1","RT 9",0.00,,Y,A,-,Y,SCR,5,1,-,-,17.570,H,-,N,N,1,1,0,2,A,-,11,21453,D,N,G,B,D,A,H,-,C,A,0,Y,,,,Y,,N,60,0,0,0,1,0,0,0,0,0,"- ","- ",,,"SANTA CRUZ","SANTA CRUZ",-122.02996063232422,36.984424591064453
9343345,2021,2021-10-11,4402,2021-08-28,1354,148,4402,6,5,5,4402,0,0,0,,0,000,"PACIFIC AV","CATHCART ST",33.00,N,N,A,-,N,,,,,,,,,,N,2,0,1,2,A,-,03,22350,,N,H,G,A,A,C,E,A,C,0,,Y,,,Y,,L,04,1,0,0,0,0,0,1,0,0,"- ","- ",,,"SANTA CRUZ","SANTA CRUZ",-122.02550506591797,36.971786499023438
9343586,2021,2021-11-03,4403,2021-09-15,0421,419,109,3,5,4,4403,0,0,0,,0,001,"MAIN ST","CENTRAL AV",235.00,N,N,A,-,N,,,,,,,,,,Y,2,0,1,1,A,-,08,22107,,N,E,I,A,A,H,-,C,D,0,,,,,Y,,A,01,1,0,0,0,0,0,0,0,0,"- ","- ",,,"SANTA CRUZ",WATSONVILLE,-121.75518798828125,36.90875244140625
93767388,2024,2024-08-06,9720,2024-07-28,1220,022758,,7,1,9,4400,0,1,3,,1,013,"SR-35 (SUMMIT ROAD) S/B","MOUNTAIN CHARLIE RD",600.00,N,N,A,-,N,,,,,,,,,,N,2,0,1,1,A,-,03,22350,,N,F,A,A,B,H,-,A,A,0,,Y,,,Y,,L,04,1,0,0,0,0,0,1,0,0,"- ","- ",37.144851684570312,-121.98724365234375,"SANTA CRUZ",UNINCORPORATED,-121.98533630371094,37.145484924316406
93767430,2024,2024-08-07,9720,2024-07-31,1040,022044,,3,1,9,4400,0,3,5,,2,100,"SMITH GRADE RD","EMPIRE GRADE RD",1320.00,W,N,A,-,N,,,,,,,,,,N,2,0,1,1,A,-,03,22350,,N,E,I,A,A,H,-,A,D,0,,Y,,,Y,,L,04,1,0,0,0,0,0,1,0,0,"- ","- ",37.0224609375,-122.10608673095703,"SANTA CRUZ",UNINCORPORATED,-122.10272979736328,37.025547027587891
9422297,2022,2022-05-19,4403,2022-04-14,2321,419,223,4,5,4,4403,0,0,0,,0,002,"MAIN ST","PENNSYLVANIA DR",89.00,N,N,C,-,N,,,,,,,,,,,2,0,1,2,A,-,11,21954,A,N,G,B,D,B,H,-,C,D,0,Y,,,,Y,,N,60,1,0,0,0,1,0,0,0,0,"- ","- ",,,"SANTA CRUZ",WATSONVILLE,-121.77199554443359,36.916542053222656
9434897,2022,2022-05-05,4404,2022-04-04,1711,5100,4404,1,5,3,4404,0,0,0,,0,SOUTH,"MT HERMON RD","SCOTTS VALLEY DR",117.00,W,N,A,-,N,,,,,,,,,,Y,2,0,1,3,A,-,03,22350,,N,C,C,A,A,H,-,A,A,0,,,,,Y,,D,22,1,0,0,0,0,0,0,0,0,"- ","- ",37.043209075927734,-122.02523040771484,"SANTA CRUZ","SCOTTS VALLEY",-122.02536010742188,37.043460845947266
94375218,2024,2024-08-29,9720,2024-08-14,1530,023721,,3,2,9,4400,0,1,3,,1,012,SR-236,"LAUREL ST",40.00,N,N,A,-,Y,SCR,,236," "," ",0.150,H,,R,N,2,0,1,1,A,-,08,22107,,N,F,0,A,A,H,-,A,D,0,,,,,Y,,M,94,1,0,0,0,0,0,0,0,0,"- ","- ",37.12493896484375,-122.12490081787109,"SANTA CRUZ",UNINCORPORATED,-122.12489318847656,37.1248779296875
94376037,2024,2024-08-30,9720,2024-08-19,2030,023419,,1,2,9,4400,0,1,3,,1,015,SR-9,"FLAT ST",5.00,N,N,A,-,Y,SCR,,9," "," ",12.700,H,,R,N,2,0,1,2,A,-,08,22107,,N,D,C,A,A,H,-,D,D,0,,,Y,,Y,,C,02,1,0,0,0,0,0,0,0,1,"- ","- ",37.119560241699219,-122.12081909179688,"SANTA CRUZ",UNINCORPORATED,-122.12080383300781,37.119560241699219
94388607,2024,2024-09-10,9720,2024-08-28,1609,020640,,3,2,9,4400,0,3,5,,2,200,"BURNHAM CT.","RIO DEL MAR BLVD",205.00,W,N,B,-,N,,,,,,,,,,Y,2,0,2,1,A,-,21,22106,,N,E,8,A,A,H,-,A,D,0,,,,,Y,,D,22,2,0,0,0,0,0,0,0,0,"- ","- ",36.969051361083984,-121.90065765380859,"SANTA CRUZ",UNINCORPORATED,-121.90052795410156,36.969001770019531
94398121,2024,2024-09-18,9720,2024-09-05,1613,023502,,4,2,9,4400,0,2,4,,1,024,"CAPITOLA RD","16TH AVENUE",5.00,E,N,A,-,N,,,,,,,,,,N,2,0,1,2,A,-,03,22350,,N,A,C,A,A,H,-,A,D,0,,,Y,,Y,,C,02,1,0,0,0,0,0,0,0,1,"- ","- ",36.976158142089844,-121.98445892333984,"SANTA CRUZ",UNINCORPORATED,-121.98415374755859,36.976154327392578
94431799,2024,2024-10-15,9720,2024-10-06,"45  ",023618,,7,3,9,4400,0,1,3,,1,035,SR-129,"ROGGE LANE",830.00,W,N,A,-,Y,SCR,,129," "," ",7.041,H,,R,Y,2,0,2,1,A,-,01,23152,A,N,E,8,A,A,H,-,D,D,0,,,,,Y,Y,A,01,1,1,0,0,0,0,0,0,0,"- ","- ",36.903968811035156,-121.64206695556641,"SANTA CRUZ",UNINCORPORATED,-121.64207458496094,36.903926849365234
94443009,2024,2024-10-23,9720,2024-03-22,"150 ",023447,,5,3,9,4400,0,1,3,,2,030,"SR-1 N/B",SR-152,680.00,S,N,A,-,Y,SCR,,1," ",R,2.567,H,,R,N,1,1,0,2,A,-,11,21954,A,N,G,B,E,A,H,-,D,A,0,Y,,,,Y,,N,60,0,0,0,1,0,0,0,0,0,"- ","- ",36.918220520019531,-121.78917694091797,"SANTA CRUZ",UNINCORPORATED,-121.78920745849609,36.918209075927734
94453164,2024,2024-11-01,9720,2024-10-19,1740,023387,,6,2,9,4400,0,1,3,,1,015,SR-9,"MILL ST",300.00,N,N,A,-,Y,SCR,,9," "," ",9.693,H,,R,N,2,0,1,1,A,-,01,23152,A,N,F,0,A,A,H,-,A,D,0,,,Y,,Y,Y,C,02,1,0,0,0,0,0,0,0,1,"- ","- ",37.089618682861328,-122.09323883056641,"SANTA CRUZ",UNINCORPORATED,-122.09323120117188,37.089633941650391
9452645,2022,2022-06-07,4403,2022-05-15,1310,T0008,"3 06",7,5,4,4403,0,0,0,,0,003,"FREEDOM BL","MILES LN",5.00,N,N,A,-,N,,,,,,,,,,Y,2,0,1,1,A,-,01,23152,A,N,E,I,A,A,H,-,A,D,0,,,,,Y,Y,A,01,1,0,0,0,0,0,0,0,0,"- ","- ",,,"SANTA CRUZ",WATSONVILLE,-121.76166534423828,36.922943115234375
94539189,2025,2025-01-15,9720,2025-01-07,1530,023103,,2,2,9,4400,0,3,5,,2,300,"SAN ANDREAS ROAD","SEAWIND ROAD",160.00,E,N,A,-,N,,,,,,,,,,Y,2,0,1,1,A,-,01,23152,G,N,E,8,A,A,H,-,A,D,0,,,,,Y,Y,A,01,1,0,0,0,0,0,0,0,0,"- ","- ",36.931621551513672,-121.86062622070312,"SANTA CRUZ",UNINCORPORATED,-121.86039733886719,36.932472229003906
94546005,2024,2025-01-22,9720,2024-09-27,"550 ",023317,,5,3,9,4400,0,3,5,,2,200,"OPAL CLIFF DR","COURT DR",430.00,E,N,A,-,N,,,,,,,,,,N,1,1,1,2,B,-,22,,,N,H,B,E,A,H,-,B,D,0,Y,Y,,,Y,,M,91,1,0,0,1,0,0,1,0,0,"- ","- ",36.965919494628906,-121.960693359375,"SANTA CRUZ",UNINCORPORATED,-121.96080017089844,36.965896606445312
94606762,2025,2025-03-18,9720,2025-03-01,"150 ",023026,,6,3,9,4400,0,1,3,,1,010,SR-1,"SWANTON RD",5280.00,N,N,A,-,Y,SCR,,1," "," ",31.937,H,,R,N,2,0,1,1,A,-,08,22107,,N,E,J,A,A,H,-,D,D,0,,Y,,,Y,,L,04,1,0,0,0,0,0,1,0,0,"- ","- ",37.044689178466797,-122.23368835449219,"SANTA CRUZ",UNINCORPORATED,-122.23365783691406,37.044712066650391
94671792,2025,2025-05-01,9720,2025-04-17,"800 ",023331,,4,1,9,4400,0,2,4,,1,022,"SOQUEL SAN JOSE RD","MILLER HILL RD",150.00,N,N,B,-,N,,,,,,,,,,N,2,0,1,1,A,-,08,22107,,N,E,8,A,B,H,-,A,D,0,,,,,Y,,D,22,1,0,0,0,0,0,0,0,0,"- ","- ",37.112678527832031,-121.94535827636719,"SANTA CRUZ",UNINCORPORATED,-121.94646453857422,37.113010406494141
94738181,2025,2025-06-24,9720,2025-06-12,"238 ",023611,,4,3,9,4400,0,1,3,,1,017,"SR-17 N/B","PASATIEMPO DR",2492.00,S,N,A,-,Y,SCR,,17," "," ",0.268,H,,R,Y,2,0,1,1,A,-,03,22350,,N,F,0,A,A,H,-,C,D,0,,,Y,,Y,,C,02,1,0,0,0,0,0,0,0,1,"- ","- ",36.993080139160156,-122.01920318603516,"SANTA CRUZ",UNINCORPORATED,-122.01923370361328,36.993087768554688