CASE_ID,ACCIDENT_YEAR,PROC_DATE,JURIS,COLLISION_DATE,COLLISION_TIME,OFFICER_ID,REPORTING_DISTRICT,DAY_OF_WEEK,CHP_SHIFT,POPULATION,CNTY_CITY_LOC,SPECIAL_COND,BEAT_TYPE,CHP_BEAT_TYPE,CITY_DIVISION_LAPD,CHP_BEAT_CLASS,BEAT_NUMBER,PRIMARY_RD,SECONDARY_RD,DISTANCE,DIRECTION,INTERSECTION,WEATHER_1,WEATHER_2,STATE_HWY_IND,CALTRANS_COUNTY,CALTRANS_DISTRICT,STATE_ROUTE,ROUTE_SUFFIX,POSTMILE_PREFIX,POSTMILE,LOCATION_TYPE,RAMP_INTERSECTION,SIDE_OF_HWY,TOW_AWAY,COLLISION_SEVERITY,NUMBER_KILLED,NUMBER_INJURED,PARTY_COUNT,PRIMARY_COLL_FACTOR,PCF_CODE_OF_VIOL,PCF_VIOL_CATEGORY,PCF_VIOLATION,PCF_VIOL_SUBSECTION,HIT_AND_RUN,TYPE_OF_COLLISION,MVIW,PED_ACTION,ROAD_SURFACE,ROAD_COND_1,ROAD_COND_2,LIGHTING,CONTROL_DEVICE,CHP_ROAD_TYPE,PEDESTRIAN_ACCIDENT,BICYCLE_ACCIDENT,MOTORCYCLE_ACCIDENT,TRUCK_ACCIDENT,NOT_PRIVATE_PROPERTY,ALCOHOL_INVOLVED,STWD_VEHTYPE_AT_FAULT,CHP_VEHTYPE_AT_FAULT,COUNT_SEVERE_INJ,COUNT_VISIBLE_INJ,COUNT_COMPLAINT_PAIN,COUNT_PED_KILLED,COUNT_PED_INJURED,COUNT_BICYCLIST_KILLED,COUNT_BICYCLIST_INJURED,COUNT_MC_KILLED,COUNT_MC_INJURED,PRIMARY_RAMP,SECONDARY_RAMP,LATITUDE,LONGITUDE,COUNTY,CITY,POINT_X,POINT_Y
94740990,2025,2025-06-26,9720,2025-06-05,"723 ",019956,,4,1,9,4400,0,1,3,,1,017,SR-17,"CRESCENT DR",0.00,,Y,B,-,Y,SCR,,17," "," ",6.718,H,,R,Y,2,0,3,2,A,-,09,21802,A,N,D,C,A,A,H,-,A,A,0,,,,,Y,,A,01,1,1,1,0,0,0,0,0,0,"- ","- ",37.073680877685547,-121.98931884765625,"SANTA CRUZ",UNINCORPORATED,-121.98928070068359,37.073654174804688
9498221,2022,2022-10-19,4403,2022-09-12,1411,418,111,1,5,4,4403,0,0,0,,0,001,"UNION ST","RIVERSIDE DR",0.00,,Y,A,-,Y,SCR,5,129,-,-,0.060,I,5,E,,2,0,1,2,A,-,10,21950,A,F,D,B,B,A,H,-,A,A,0,Y,,,,Y,,D,22,1,0,0,0,1,0,0,0,0,"- ","- ",,,"SANTA CRUZ",WATSONVILLE,-121.75248718261719,36.907737731933594
9500825,2022,2022-10-12,4402,2022-09-22,1258,140,4402,4,5,5,4402,0,0,0,,0,000,"WATER ST","NORTH BRANCIFORTE",0.00,,Y,A,-,N,,,,,,,,,,N,2,0,1,2,A,-,12,21453,A,N,H,G,A,A,H,-,A,A,0,,Y,,,Y,,L,04,1,0,0,0,0,0,1,0,0,"- ","- ",,,"SANTA CRUZ","SANTA CRUZ",-122.0140380859375,36.981441497802734
9511246,2022,2023-02-01,4402,2022-12-25,1500,158,4402,7,5,5,4402,0,0,0,,0,000,"MISSION ST","NATURAL BRIDGES DR",0.00,,Y,A,-,N,,,,,,,,,,N,2,0,1,2,A,-,10,21950,A,N,G,B,B,A,H,-,A,D,0,Y,,,,Y,,A,01,1,0,0,0,1,0,0,0,0,"- ","- ",,,"SANTA CRUZ","SANTA CRUZ",-122.05760192871094,36.959785461425781
9512664,2022,2022-11-03,4403,2022-10-11,1154,417,2-23,2,5,4,4403,0,0,0,,0,002,"MAIN ST","PENNSYLVANIA DR",0.00,,Y,A,-,Y,SCR,5,152,-,T,1.906,I,5,E,N,2,0,1,2,A,-,10,21950,A,N,G,B,B,A,H,-,A,A,0,Y,,,,Y,,D,22,1,0,0,0,1,0,0,0,0,"- ","- ",,,"SANTA CRUZ",WATSONVILLE,-121.77169036865234,36.916488647460938
9522686,2022,2022-12-21,4401,2022-10-21,1630,523,4401,5,5,3,4401,0,0,0,,0,,"41ST AV","GROSS RD",260.00,S,N,A,-,N,,,,,,,,,,N,2,0,1,2,A,-,08,22107,,N,D,G,A,A,H,-,A,A,0,,Y,,,Y,Y,A,01,1,0,0,0,0,0,1,0,0,"- ","- ",,,"SANTA CRUZ",CAPITOLA,-121.96503448486328,36.980415344238281
9529076,2022,2022-11-29,4402,2022-10-14,1240,146,4402,5,5,5,4402,0,0,0,,0,000,"LAUREL ST","WALTI ST",8.00,W,N,B,-,N,,,,,,,,,,N,2,0,1,2,A,-,08,22107,,N,B,G,A,A,H,-,A,A,0,,Y,,,Y,,A,01,1,0,0,0,0,0,1,0,0,"- ","- ",,,"SANTA CRUZ","SANTA CRUZ",-122.03331756591797,36.968421936035156
9534052,2022,2023-02-06,4401,2022-12-09,1824,528,SANTA,5,5,3,4401,0,0,0,,0,007,"BAY AV","HILL ST",0.00,,Y,A,-,N,,,,,,,,,,N,2,0,1,2,A,-,08,22107,,N,G,B,B,A,H,-,C,A,0,Y,,,,Y,,D,22,1,0,0,0,1,0,0,0,0,"- ","- ",,,"SANTA CRUZ",CAPITOLA,-121.95550537109375,36.981098175048828
9539843,2022,2023-02-01,4402,2022-12-16,1439,152,4402,5,5,5,4402,0,0,0,,0,000,"SOQUEL AV","PARK WY",33.00,E,N,A,-,N,,,,,,,,,,N,2,0,1,2,A,-,06,21750,A,N,B,G,A,A,D,-,A,A,0,,Y,,,Y,,A,01,1,0,0,0,0,0,1,0,0,"- ","- ",,,"SANTA CRUZ","SANTA CRUZ",-121.99861907958984,36.981689453125
9560689,2023,2023-03-22,4402,2023-02-14,1238,178,4402,2,5,5,4402,0,0,0,,0,000,"FREDERICK ST","HANOVER ST",274.00,N,N,A,-,N,,,,,,,,,,Y,2,0,2,2,A,-,01,23153,F,N,B,E,A,A,H,-,A,D,0,,,,,Y,,A,01,2,0,0,0,0,0,0,0,0,"- ","- ",,,"SANTA CRUZ","SANTA CRUZ",-122.00431823730469,36.979709625244141
9616219,2023,2023-10-11,4402,2023-09-09,2200,148,4402,6,5,5,4402,0,0,0,,0,000,"MORRISSEY BL","HAMMOND AV",0.00,,Y,A,-,N,,,,,,,,,,N,2,0,1,2,A,-,03,22350,,N,D,G,A,A,H,-,C,A,0,,Y,,,Y,,D,22,1,0,0,0,0,0,1,0,0,"- ","- ",,,"SANTA CRUZ","SANTA CRUZ",-122.00563812255859,36.984310150146484
9637839,2023,2023-11-22,4401,2023-10-06,1333,530,4401,5,5,3,4401,0,0,0,,0,,"KENNEDY DR","SIR FRANCIS AV",127.00,W,N,A,-,N,,,,,,,,,,N,2,0,1,2,A,-,03,22350,,N,C,-,A,A,H,-,A,D,0,,Y,,,Y,,L,04,1,0,0,0,0,0,1,0,0,"- ","- ",,,"SANTA CRUZ",CAPITOLA,-121.94021606445312,36.9822998046875
9670697,2024,2024-03-15,4402,2024-01-22,1426,191,4402,1,5,5,4402,0,0,0,,0,000,"RT 1","LAUREL ST",38.00,N,N,A,-,Y,SCR,5,1,-,-,18.740,H,-,N,Y,2,0,2,2,A,-,03,22350,,N,C,C,A,A,H,-,A,D,0,,,,,Y,,A,01,1,1,0,0,0,0,0,0,0,"- ","- ",,,"SANTA CRUZ","SANTA CRUZ",-122.03741455078125,36.969444274902344
9680594,2024,2024-05-13,4403,2024-03-27,"652 ",341,5-26,3,5,4,4403,0,0,0,,0,005,"MAIN ST","HOLM RD",0.00,,Y,B,-,Y,SCR,5,152,-,T,0.330,I,5,W,Y,2,0,1,2,A,-,09,21802,A,N,D,D,A,B,H,-,B,A,0,,,,,Y,,A,01,1,0,0,0,0,0,0,0,0,"- ","- ",,,"SANTA CRUZ",WATSONVILLE,-121.78968048095703,36.920223236083984
9703181,2024,2024-07-30,4402,2024-05-27,1911,148,4402,1,5,5,4402,0,0,0,,0,000,"LAUREL ST","WALTI ST",35.00,W,N,A,-,N,,,,,,,,,,N,2,0,1,1,A,-,03,22350,,N,F,A,A,A,H,-,A,D,0,,Y,,,Y,Y,L,04,1,0,0,0,0,0,1,0,0,"- ","- ",,,"SANTA CRUZ","SANTA CRUZ",-122.03340911865234,36.968433380126953
9704011,2024,2024-07-22,4404,2024-05-24,1255,5600,4404,5,5,3,4404,0,0,0,,0,NORTH,"MT HERMON RD","LA MADRONA DR",0.00,,Y,A,-,N,,,,,,,,,,Y,2,0,1,2,A,-,12,21453,A,N,D,C,A,A,H,-,A,A,0,,,,,Y,,A,01,1,0,0,0,0,0,0,0,0,"- ","- ",37.037139892578125,-122.02200317382812,"SANTA CRUZ","SCOTTS VALLEY",-122.02204132080078,37.037044525146484
9713498,2024,2024-07-11,4403,2024-05-27,2100,417,401,1,5,4,4403,0,0,0,,0,004,"GREEN VALLEY RD","FREEDOM BL",270.00,N,N,A,-,N,,,,,,,,,,Y,2,0,1,2,A,-,09,21801,A,N,D,C,A,A,H,-,A,D,0,,,Y,,Y,,A,01,1,0,0,0,0,0,0,0,1,"- ","- ",,,"SANTA CRUZ",WATSONVILLE,-121.77285766601562,36.935657501220703
9734688,2024,2024-09-26,4403,2024-08-31,1415,357,403,6,5,4,4403,0,0,0,,0,004,"FREEDOM BL","CRESTVIEW DR",50.00,N,N,A,-,N,,,,,,,,,,N,2,0,1,2,A,-,05,21460,A,N,D,G,A,A,H,-,A,A,0,,Y,,,Y,,L,04,1,0,0,0,0,0,1,0,0,"- ","- ",,,"SANTA CRUZ",WATSONVILLE,-121.76471710205078,36.926570892333984
9753269,2024,2024-11-27,4402,2024-11-03,1504,178,4402,7,5,5,4402,0,0,0,,0,000,"RT 1","VAN NESS AV",150.00,W,N,A,-,Y,SCR,5,1,-,-,18.770,H,-,S,N,2,0,1,2,A,-,17,21200,A,F,B,B,F,A,H,-,A,D,0,Y,Y,,,Y,Y,L,04,1,0,0,0,1,0,0,0,0,"- ","- ",,,"SANTA CRUZ","SANTA CRUZ",-122.03767395019531,36.969043731689453
9753479,2024,2025-02-06,4402,2024-11-09,1839,196,4402,6,5,5,4402,0,0,0,,0,000,"OCEAN ST","RT 1",0.00,,Y,A,-,Y,SCR,5,1,-,-,17.294,R,4,N,Y,2,0,1,2,A,-,09,21801,A,N,D,G,A,A,H,-,C,D,0,,Y,,,Y,Y,A,01,1,0,0,0,0,0,1,0,0,"- ",NO,,,"SANTA CRUZ","SANTA CRUZ",-122.02545166015625,36.985824584960938
9758778,2024,2024-12-19,4402,2024-11-21,"122 ",141,4402,4,5,5,4402,0,0,0,,0,000,"OCEAN ST",BROADWAY,0.00,,Y,B,-,N,,,,,,,,,,Y,2,0,1,3,A,-,12,21453,A,N,D,C,A,A,D,-,C,A,0,,,,,Y,,A,01,1,0,0,0,0,0,0,0,0,"- ","- ",,,"SANTA CRUZ","SANTA CRUZ",-122.01828002929688,36.973323822021484
9763924,2024,2025-01-22,4401,2024-12-21,1738,528,4401,6,5,3,4401,0,0,0,,0,005,"41ST AV","MELTON ST",0.00,,N,C,-,N,,,,,,,,,,Y,2,0,1,2,A,-,01,23153,A,N,G,B,B,B,H,-,C,B,0,Y,,,,Y,Y,A,07,1,0,0,0,1,0,0,0,0,"- ","- ",,,"SANTA CRUZ",CAPITOLA,-121.96490478515625,36.968490600585938
9768208,2024,2025-02-24,4402,2024-12-05,1642,196,4402,4,5,5,4402,0,0,0,,0,000,"RT 9","VERNON ST",1800.00,N,N,A,-,Y,SCR,5,9,-,-,0.870,H,-,N,N,2,0,1,2,A,-,11,21954,A,F,G,B,D,A,H,-,A,D,0,Y,,,,Y,,N,60,1,0,0,0,1,0,0,0,0,"- ","- ",,,"SANTA CRUZ","SANTA CRUZ",-122.03500366210938,36.994407653808594
9786136,2024,2025-04-30,4403,2024-03-27,1708,396,2-21,3,5,4,4403,0,0,0,,0,002,"RIVERSIDE DR","RODRIGUEZ ST",0.00,,Y,C,-,Y,SCR,5,129,-,L,1.380,I,5,W,Y,1,1,0,1,A,-,08,22107,,N,E,I,A,B,H,-,A,A,0,,,,,Y,Y,A,01,0,0,0,0,0,0,0,0,0,"- ","- ",,,"SANTA CRUZ",WATSONVILLE,-121.75475311279297,36.906436920166016
9791892,2025,2025-07-29,4402,2025-06-26,1322,161,4402,4,5,5,4402,0,0,0,,0,000,"WATER ST","POPLAR AV",0.00,,Y,A,-,N,,,,,,,,,,N,2,0,1,2,A,-,10,21950,,N,G,B,B,A,H,-,A,A,0,Y,,,,Y,,D,22,1,0,0,0,1,0,0,0,0,"- ","- ",,,"SANTA CRUZ","SANTA CRUZ",-122.00818634033203,36.981395721435547
6290304,2014,2014-04-30,9720,2014-02-07,1327,20143,,5,1,9,4400,0,1,3,,1,015,"RT 9","FOREST ST",7.00,S,N,B,C,Y,SCR,5,9,-,-,12.920,I,5,S,N,1,1,0,2,A,-,10,21950,A,N,G,B,B,B,H,-,A,A,0,Y,,,,Y,,A,01,0,0,0,1,0,0,0,0,0,"- ","- ",37.123860000000001,-122.12181,"SANTA CRUZ",UNINCORPORATED,-122.12186257,37.124019310000001
6291302,2014,2014-10-06,9720,2014-04-25,2357,19636,,5,3,9,4400,0,2,4,,1,021,"SOQUEL DR","RODEO GULCH RD",148.00,W,N,A,-,N,,,,,,,,,,N,1,1,0,2,A,-,03,22350,,F,G,B,E,A,H,-,D,D,0,Y,,,,Y,,A,01,0,0,0,1,0,0,0,0,0,"- ","- ",36.987760000000002,-121.97013,"SANTA CRUZ",UNINCORPORATED,-121.97005647,36.987691890000001
6385295,2014,2016-03-05,9720,2014-02-02,0900,018635,,7,1,9,4400,0,1,3,,1,035,"RT 129","MURPHY CROSSING RD",2640.00,E,N,B,C,Y,SCR,5,129,-,-,5.100,H,-,W,Y,2,0,3,1,A,-,03,22350,,N,E,I,A,B,H,-,A,D,0,,,,,Y,,A,01,1,2,0,0,0,0,0,0,0,"- ","- ",36.914059999999999,-121.66916999999999,"SANTA CRUZ",UNINCORPORATED,-121.67075914999999,36.914202039999999
6433712,2014,2014-07-09,9720,2014-03-23,1953,19956,,7,2,9,4400,0,2,4,,1,021,"SOQUEL DR","MISSION DR",0.00,,Y,A,-,N,,,,,,,,,,N,2,0,1,2,A,-,10,21950,A,N,G,B,B,A,H,-,C,A,0,Y,,,,Y,,A,01,1,0,0,0,1,0,0,0,0,"- ","- ",36.989080000000001,-121.98066,"SANTA CRUZ",UNINCORPORATED,-121.98067989,36.989080029999997
6434362,2014,2016-04-07,9720,2014-04-03,0015,18457,,4,3,9,4400,0,1,3,,2,030,"RT 1","LARKIN VALLEY RD",528.00,S,N,A,-,Y,SCR,5,1,-,R,7.470,H,-,S,Y,2,0,1,1,A,-,01,23152,A,N,E,I,A,A,H,-,D,D,1,,,,,Y,Y,A,01,1,0,0,0,0,0,0,0,0,"- ","- ",36.959099999999999,-121.86134,"SANTA CRUZ",UNINCORPORATED,-121.86029771,36.958216819999997
6434467,2014,2016-03-05,9720,2014-03-27,1250,018328,,4,1,9,4400,0,1,3,,1,017,"RT 17","MOUNT HERMON RD",1584.00,S,N,B,-,Y,SCR,5,17,-,-,3.140,H,-,S,Y,2,0,3,1,A,-,07,21658,A,N,E,I,A,A,H,-,A,D,1,,,,,Y,,A,07,1,1,1,0,0,0,0,0,0,"- ","- ",37.03154,-122.02284,"SANTA CRUZ",UNINCORPORATED,-122.02266954,37.03193881
6468463,2014,2014-07-29,4402,2014-05-03,1545,141,SANTA,6,5,5,4402,0,0,0,,0,,"WEST CLIFF DR","COLUMBIA ST",1326.00,E,N,A,-,N,,,,,,,,,,N,2,0,1,2,A,-,03,22350,,N,C,C,A,A,H,-,B,D,0,,,Y,,Y,,C,02,1,0,0,0,0,0,0,0,1,"- ","- ",,,"SANTA CRUZ","SANTA CRUZ",-122.02913821,36.952267370000001
6494114,2014,2014-07-21,4401,2014-04-30,1220,527,4401,3,5,3,4401,0,0,0,,0,007,"BAY AV","CAPITOLA AV",0.00,,Y,A,-,N,,,,,,,,,,Y,2,0,2,3,C,-,18,,,N,C,C,A,B,H,-,A,A,0,,,,Y,Y,,-,"- ",1,0,1,0,0,0,0,0,0,"- ","- ",,,"SANTA CRUZ",CAPITOLA,-121.95312987,36.978670020000003
6505488,2014,2016-04-06,9720,2014-05-09,1630,018756,,5,2,9,4400,0,1,3,,1,017,"RT 17","GLENWOOD DR",300.00,N,N,A,-,Y,SCR,5,17,-,-,11.020,H,-,S,Y,2,0,1,1,A,-,08,22107,,N,E,I,A,A,H,-,A,A,0,,,,,Y,,A,01,1,0,0,0,0,0,0,0,0,"- ","- ",37.120869999999996,-121.97584000000001,"SANTA CRUZ",UNINCORPORATED,-121.97292077,37.123941219999999
6522005,2014,2014-07-22,9720,2014-04-24,1200,14653,,4,1,9,4400,0,2,4,,1,023,"17TH AV","CAPITOLA RD",528.00,N,N,A,-,N,,,,,,,,,,Y,2,0,1,2,A,-,01,23152,E,N,A,D,A,A,H,-,A,D,0,,,,,Y,,A,01,1,0,0,0,0,0,0,0,0,"- ","- ",36.583799999999997,-121.5857,"SANTA CRUZ",UNINCORPORATED,-121.98259975000001,36.977250859999998
6522010,2014,2014-07-22,9720,2014-04-10,0900,15170,,4,1,9,4400,0,3,5,,2,100,"BONNY DOON RD","ICE CREAM GRD",3168.00,S,N,A,-,N,,,,,,,,,,Y,2,0,1,1,A,-,08,22107,,N,F,A,A,A,H,-,A,D,0,,,Y,,Y,,C,02,1,0,0,0,0,0,0,0,1,"- ","- ",37.029989999999998,-122.15994000000001,"SANTA CRUZ",UNINCORPORATED,,
6522013,2014,2014-07-22,9720,2014-04-25,0320,020012,,5,3,9,4400,0,2,4,,1,016,"GRAHAM HILL RD","SUMMIT AV",2640.00,E,N,B,C,N,,,,,,,,,,Y,2,0,1,1,A,-,01,23152,A,N,E,I,A,B,H,-,C,D,0,,,,,Y,Y,A,07,1,0,0,0,0,0,0,0,0,"- ","- ",37.043439999999997,-122.05238,"SANTA CRUZ",UNINCORPORATED,-122.05256711,37.043614949999998
6528507,2014,2014-08-12,4402,2014-06-14,0211,149,4402,6,5,5,4402,0,0,0,,0,00E,"SOQUEL AV","LA FONDA AV",155.00,E,N,A,-,N,,,,,,,,,,N,2,0,1,1,D,-,00,,,N,E,I,A,A,H,-,C,D,0,,Y,,,Y,Y,-,"- ",1,0,0,0,0,0,1,0,0,"- ","- ",,,"SANTA CRUZ","SANTA CRUZ",-121.99440488,36.983435200000002
6528527,2014,2014-08-12,4402,2014-06-19,0121,133,4402,4,5,5,4402,0,0,0,,0,0DT,"SOQUEL AV","FRONT ST",48.00,W,N,-,-,N,,,,,,,,,,N,2,0,1,2,D,-,00,,,N,-,B,E,A,H,-,C,D,0,Y,,,,Y,Y,-,"- ",1,0,0,0,1,0,0,0,0,"- ","- ",,,"SANTA CRUZ","SANTA CRUZ",-122.02470043,36.973221350000003
6544842,2014,2014-08-12,9720,2014-06-09,1540,018071,,1,2,9,4400,0,3,5,,2,200,"DAY VALLEY RD","MCDONALD RD",2112.00,W,N,A,-,N,,,,,,,,,,N,2,0,1,2,A,-,06,21750,,F,B,G,A,A,H,-,A,D,0,,Y,,,Y,,D,22,1,0,0,0,0,0,1,0,0,"- ","- ",36.992989999999999,-121.86011999999999,"SANTA CRUZ",UNINCORPORATED,-121.86202587,36.992788920000002
6545628,2014,2014-08-12,9720,2014-06-10,2300,20261,,2,3,9,4400,0,3,5,,2,100,"QUAIL HOLLOW RD","VISTA ROBLES DR",2112.00,E,N,A,-,N,,,,,,,,,,N,2,0,1,2,D,-,00,,,F,G,B,E,A,H,-,D,D,0,Y,,,,Y,Y,-,"- ",1,0,0,0,1,0,0,0,0,"- ","- ",37.082549999999998,-122.06403,"SANTA CRUZ",UNINCORPORATED,-122.06412417999999,37.082648980000002
6579766,2014,2016-05-03,9720,2014-07-07,1623,018231,,1,2,9,4400,0,1,3,,2,020,"RT 1","SOQUEL DR",2640.00,S,N,A,-,Y,SCR,5,1,-,-,14.360,H,-,S,Y,2,0,1,2,A,-,03,22350,,N,C,C,A,A,H,-,A,D,1,,,Y,,Y,,C,02,1,0,0,0,0,0,0,0,1,"- ","- ",36.98583,-121.98922,"SANTA CRUZ",UNINCORPORATED,-121.97757717,36.984852760000003
6594703,2014,2014-09-04,9720,2014-07-23,0915,018508,,3,1,9,4400,0,3,5,,2,200,"SOQUEL AV","SOQUEL DR",180.00,E,N,A,-,N,,,,,,,,,,N,2,0,1,2,A,-,09,21804,A,N,H,G,A,A,H,-,A,D,0,,Y,,,Y,,L,04,1,0,0,0,0,0,1,0,0,"- ","- ",36.985970000000002,-121.98684,"SANTA CRUZ",UNINCORPORATED,-121.98709259,36.9858172
6597107,2014,2014-09-05,9720,2014-07-19,2200,020562,,6,3,9,4400,0,3,5,,2,300,"BUENA VISTA DR","MANFRE RD",1320.00,N,N,A,-,N,,,,,,,,,,Y,2,0,1,2,A,-,05,21460,A,F,A,C,A,A,H,-,D,D,0,,,,,Y,,D,22,1,0,0,0,0,0,0,0,0,"- ","- ",36.94032,-121.80231000000001,"SANTA CRUZ",UNINCORPORATED,-121.79783,36.940420000000003
6604113,2014,2016-05-03,9720,2014-08-17,1235,18239,,7,1,9,4400,0,3,5,,2,100,"SWANTON RD","RT 1",80.00,E,N,A,-,Y,SCR,5,1,-,-,30.440,I,6,N,Y,2,0,1,1,A,-,03,22350,,N,F,A,A,A,H,-,A,D,0,,,Y,,Y,,C,02,1,0,0,0,0,0,0,0,1,"- ","- ",37.0289,-122.21648999999999,"SANTA CRUZ",UNINCORPORATED,-122.21626929999999,37.028492530000001
6606152,2014,2015-12-18,9720,2014-05-13,1600,15699,,2,2,5,4402,0,1,3,,2,020,"RT 1","BRANCIFORTE AV",97.00,N,N,A,-,Y,SCR,5,1,-,-,16.260,H,-,S,Y,1,1,0,2,A,-,03,22350,,N,F,A,A,A,H,-,A,D,1,,,Y,,Y,Y,C,02,0,0,0,0,0,0,0,1,0,"- ","- ",36.591799999999999,-122.036,"SANTA CRUZ","SANTA CRUZ",-122.01131616000001,36.988493060000003
6642614,2014,2014-10-30,4401,2014-09-22,1641,523,4401,1,5,3,4401,0,0,0,,0,001,"CAPITOLA RD","CLARES ST",0.00,,Y,A,-,N,,,,,,,,,,N,2,0,1,2,A,-,09,21453,C,N,D,G,A,A,H,-,A,A,0,,Y,,,Y,,L,04,1,0,0,0,0,0,1,0,0,"- ","- ",,,"SANTA CRUZ",CAPITOLA,-121.96940999,36.97372009
6651111,2014,2014-10-10,4402,2014-09-19,0800,141,SANTA,5,5,5,4402,0,0,0,,0,,"CALIFORNIA ST","RIGG ST",0.00,,Y,A,-,N,,,,,,,,,,N,2,0,1,2,D,-,00,,,N,G,B,B,A,H,-,A,A,0,Y,,,,Y,,-,"- ",1,0,0,0,1,0,0,0,0,"- ","- ",,,"SANTA CRUZ","SANTA CRUZ",-122.03458998000001,36.96985007
6666009,2014,2015-04-02,4402,2014-09-05,2100,141,SANTA,5,5,5,4402,0,0,0,,0,,"OCEAN ST","FRANKLIN ST",167.00,N,N,A,-,N,,,,,,,,,,N,2,0,1,2,D,-,00,,,N,D,C,A,A,H,-,C,D,0,,,Y,,Y,,-,"- ",1,0,0,0,0,0,0,0,1,"- ","- ",,,"SANTA CRUZ","SANTA CRUZ",-122.02318811000001,36.984288540000001
6671465,2014,2014-11-12,4403,2014-09-26,1209,340,224,5,5,4,4403,0,0,0,,0,002,"OHLONE PKWY","MAIN ST",500.00,W,N,A,-,N,,,,,,,,,,N,2,0,1,2,A,-,11,21950,B,N,G,B,D,A,H,-,A,A,0,Y,,,,Y,,N,60,1,0,0,0,1,0,0,0,0,"- ","- ",,,"SANTA CRUZ",WATSONVILLE,-121.77762838,36.916190219999997
6671622,2014,2014-12-11,9720,2014-10-03,2500,018328,,5,4,9,4400,0,3,5,,2,200,"SCHULTIES RD","OLD SANTA CRUZ HWY",12514.00,W,N,A,-,N,,,,,,,,,,Y,2,0,1,1,A,-,08,22107,,N,F,A,A,A,H,-,A,D,0,,,,,Y,,D,22,1,0,0,0,0,0,0,0,0,"- ","- ",37.133569999999999,-121.97167,"SANTA CRUZ",UNINCORPORATED,-121.96505093,37.121942730000001
6718110,2014,2015-02-09,4402,2014-12-26,0645,196,4402,5,5,5,4402,0,0,0,,0,00E,"SOQUEL AV","HAGEMANN AV",0.00,,Y,A,-,N,,,,,,,,,,N,1,1,0,2,D,-,00,,,F,C,G,A,A,H,-,B,A,0,,Y,,,Y,,-,"- ",0,0,0,0,0,1,0,0,0,"- ","- ",,,"SANTA CRUZ","SANTA CRUZ",-122.00170988000001,36.981410019999998
6718136,2014,2016-01-06,9720,2014-08-09,0222,19978,,6,3,9,4400,0,2,4,,1,016,"GRAHAM HILL RD","TANGLEWOOD TRL",528.00,N,N,A,-,N,,,,,,,,,,Y,1,1,2,1,A,-,01,23152,A,N,E,I,A,A,H,-,D,D,0,,,,,Y,Y,A,01,2,0,0,0,0,0,0,0,0,"- ","- ",,,"SANTA CRUZ",UNINCORPORATED,-122.02888708,36.996400629999997
6718565,2017,2019-04-05,4403,2017-11-03,0526,324,1-09,5,5,4,4403,0,0,0,,0,001,"MAIN ST","LAKE AV",0.00,,Y,B,C,Y,SCR,5,152,-,T,2.803,I,5,E,Y,1,1,0,2,A,-,11,21456,B,N,G,B,B,B,H,-,C,A,0,Y,,,,Y,,N,60,0,0,0,1,0,0,0,0,0,"- ","- ",,,"SANTA CRUZ",WATSONVILLE,-121.75841302000001,36.911590920000002
6718566,2017,2019-04-05,4403,2017-09-11,1835,296,2-23,1,5,4,4403,0,0,0,,0,002,"MAIN ST","AUTO CENTER DR",0.00,,Y,B,-,Y,SCR,5,152,-,T,2.139,I,5,E,N,1,1,0,2,A,-,12,21453,A,N,H,G,A,A,H,-,A,A,0,,Y,,,Y,Y,L,04,0,0,0,0,0,1,0,0,0,"- ","- ",,,"SANTA CRUZ",WATSONVILLE,-121.76782156,36.915894809999998
6735544,2014,2015-02-05,4403,2014-12-17,1752,370,"1 12",3,5,4,4403,0,0,0,,0,001,"RIVERSIDE DR","MARCHANT ST",0.00,,Y,C,-,Y,,,,,,,,,,N,2,0,1,2,A,-,10,21950,A,F,G,B,B,B,H,-,C,D,0,Y,,,,Y,Y,-,99,1,0,0,0,1,0,0,0,0,"- ","- ",,,"SANTA CRUZ",WATSONVILLE,-121.75037996,36.909420060000002
6742468,2014,2015-01-27,9720,2014-11-29,2323,19978,,6,3,9,4400,0,3,5,,2,100,"GLENWOOD DR","SAND HILL RD",1584.00,N,N,B,-,N,,,,,,,,,,Y,2,0,1,1,A,-,03,22350,,N,E,I,A,B,H,-,D,D,0,,,,,Y,,A,07,1,0,0,0,0,0,0,0,0,"- ","- ",37.083530000000003,-122.00735,"SANTA CRUZ",UNINCORPORATED,-122.00711673000001,37.0836696
6742480,2014,2015-01-27,9720,2014-11-18,1420,16242,,2,2,9,4400,0,3,5,,2,200,"LOMA PRIETA WY","MOUNT BACHE RD",1584.00,N,N,A,-,N,,,,,,,,,,Y,2,0,2,1,A,-,08,22107,,N,F,A,A,A,H,-,A,A,0,,,,,Y,,A,07,1,0,1,0,0,0,0,0,0,"- ","- ",37.560000000000002,-121.5157,"SANTA CRUZ",UNINCORPORATED,-121.88557912,37.104619239999998
6748274,2014,2015-02-02,9720,2014-12-04,1110,18328,,4,1,9,4400,0,1,3,,1,034,"RT 152","DELANEY AV",528.00,W,N,B,-,Y,,,152,,,,,,,Y,2,0,1,2,A,-,05,21460,A,N,C,C,A,A,H,-,A,D,0,,,Y,,Y,,C,02,1,0,0,0,0,0,0,0,1,"- ","- ",36.951889999999999,-121.73108000000001,"SANTA CRUZ",UNINCORPORATED,-121.73130854,36.952099050000001