CASE_ID,ACCIDENT_YEAR,PROC_DATE,JURIS,COLLISION_DATE,COLLISION_TIME,OFFICER_ID,REPORTING_DISTRICT,DAY_OF_WEEK,CHP_SHIFT,POPULATION,CNTY_CITY_LOC,SPECIAL_COND,BEAT_TYPE,CHP_BEAT_TYPE,CITY_DIVISION_LAPD,CHP_BEAT_CLASS,BEAT_NUMBER,PRIMARY_RD,SECONDARY_RD,DISTANCE,DIRECTION,INTERSECTION,WEATHER_1,WEATHER_2,STATE_HWY_IND,CALTRANS_COUNTY,CALTRANS_DISTRICT,STATE_ROUTE,ROUTE_SUFFIX,POSTMILE_PREFIX,POSTMILE,LOCATION_TYPE,RAMP_INTERSECTION,SIDE_OF_HWY,TOW_AWAY,COLLISION_SEVERITY,NUMBER_KILLED,NUMBER_INJURED,PARTY_COUNT,PRIMARY_COLL_FACTOR,PCF_CODE_OF_VIOL,PCF_VIOL_CATEGORY,PCF_VIOLATION,PCF_VIOL_SUBSECTION,HIT_AND_RUN,TYPE_OF_COLLISION,MVIW,PED_ACTION,ROAD_SURFACE,ROAD_COND_1,ROAD_COND_2,LIGHTING,CONTROL_DEVICE,CHP_ROAD_TYPE,PEDESTRIAN_ACCIDENT,BICYCLE_ACCIDENT,MOTORCYCLE_ACCIDENT,TRUCK_ACCIDENT,NOT_PRIVATE_PROPERTY,ALCOHOL_INVOLVED,STWD_VEHTYPE_AT_FAULT,CHP_VEHTYPE_AT_FAULT,COUNT_SEVERE_INJ,COUNT_VISIBLE_INJ,COUNT_COMPLAINT_PAIN,COUNT_PED_KILLED,COUNT_PED_INJURED,COUNT_BICYCLIST_KILLED,COUNT_BICYCLIST_INJURED,COUNT_MC_KILLED,COUNT_MC_INJURED,PRIMARY_RAMP,SECONDARY_RAMP,LATITUDE,LONGITUDE,COUNTY,CITY,POINT_X,POINT_Y
6750087,2014,2015-01-30,9720,2014-12-05,0242,019636,,5,3,9,4400,0,3,5,,2,300,"PLEASANT VALLEY RD","DEL VALLE",1056.00,N,N,B,-,N,,,,,,,,,,Y,2,0,1,1,A,-,01,23152,A,N,E,I,A,B,H,-,D,D,0,,,,,Y,Y,A,01,1,0,0,0,0,0,0,0,0,"- ","- ",39.275509999999997,-121.19477000000001,"SANTA CRUZ",UNINCORPORATED,-121.83258785,36.99976273
6750091,2014,2015-01-30,9720,2014-12-04,1209,14653,,4,1,9,4400,0,2,4,,1,024,"CAPITOLA RD","HARBORVIEW CT",200.00,E,N,B,-,N,,,,,,,,,,Y,2,0,2,2,A,-,03,22350,,N,E,I,A,A,H,-,A,D,0,,,,,Y,,A,01,1,0,1,0,0,0,0,0,0,"- ","- ",36.584699999999998,-121.5941,"SANTA CRUZ",UNINCORPORATED,-121.99454561,36.979698239999998
6753041,2014,2015-01-13,9720,2014-10-04,0220,20805,,6,3,9,4400,0,1,3,,1,017,"RT 17","PASATIEMPO DR",7392.00,N,N,A,-,Y,,,17,,,,,,,Y,2,0,1,1,A,-,08,22107,,N,E,I,A,A,H,-,D,D,0,,,,,Y,Y,A,01,1,0,0,0,0,0,0,0,0,"- ","- ",37.020780000000002,-122.02727,"SANTA CRUZ",UNINCORPORATED,-122.02712473,37.020710350000002
6758148,2014,2015-01-22,9720,2014-11-13,1230,20807,,4,1,9,4400,0,2,4,,1,022,"SOQUEL SAN JOSE RD","OLSON RD",1500.00,N,N,B,-,N,,,,,,,,,,N,2,0,1,1,A,-,03,22350,,N,E,I,A,B,H,-,A,D,0,,,,,Y,,A,07,1,0,0,0,0,0,0,0,0,"- ","- ",37.061230000000002,-121.94099,"SANTA CRUZ",UNINCORPORATED,-121.94104102999999,37.06103719
6758152,2014,2015-01-22,9720,2014-11-13,1330,18635,,4,1,9,4400,0,2,4,,1,031,"FREEDOM BL","COMPTON TER",5.00,E,N,B,-,N,,,,,,,,,,Y,2,0,3,2,A,-,01,23152,A,N,D,C,A,B,H,-,A,D,0,,,,,Y,Y,A,01,1,1,1,0,0,0,0,0,0,"- ","- ",36.939979999999998,-121.78095999999999,"SANTA CRUZ",UNINCORPORATED,-121.78101722,36.940020869999998
6759684,2014,2015-01-27,9720,2014-11-21,1900,20259,,5,2,9,4400,0,1,3,,1,034,"RT 152","HOLOHAN RD",450.00,E,N,A,-,Y,,,152,,,,,,,N,2,0,1,2,A,-,05,21202,A,N,H,G,A,A,H,-,D,D,0,,Y,,,Y,,L,04,1,0,0,0,0,0,1,0,0,"- ","- ",36.937449999999998,-121.74296,"SANTA CRUZ",UNINCORPORATED,-121.74302295,36.937471469999998
6759712,2014,2015-01-27,9720,2014-11-18,1805,19636,,2,2,9,4400,0,1,3,,1,015,"RT 9","CLEAR CREEK RD",15.00,S,N,A,-,Y,,,9,,,,,,,N,2,0,1,2,A,-,10,21950,A,F,G,B,B,A,H,-,C,D,0,Y,,,,Y,,-,99,1,0,0,0,1,0,0,0,0,"- ","- ",37.103859999999997,-122.10428,"SANTA CRUZ",UNINCORPORATED,-122.10439894,37.103867489999999
6768788,2014,2015-02-04,9720,2014-12-16,1822,20019,,2,2,9,4400,0,1,3,,1,012,"RT 236","ACORN DR",528.00,S,N,B,C,Y,,,236,,,,,,,Y,2,0,1,1,A,-,03,22350,,N,E,I,A,B,H,-,D,D,0,,,,,Y,,A,01,1,0,0,0,0,0,0,0,0,"- ","- ",37.139989999999997,-122.15075,"SANTA CRUZ",UNINCORPORATED,-122.15075388,37.139968170000003
6775413,2014,2015-02-11,9720,2014-12-21,2041,19702,,7,2,9,4400,0,2,4,,1,021,"SOQUEL DR","CAPITOLA AV",0.00,,Y,B,-,N,,,,,,,,,,Y,2,0,1,2,A,-,11,21456,B,N,G,B,B,A,H,-,C,D,0,Y,,,,Y,,N,60,1,0,0,0,1,0,0,0,0,"- ","- ",36.987209999999997,-121.95121,"SANTA CRUZ",UNINCORPORATED,-121.95115991999999,36.987190069999997
6775438,2014,2016-06-18,9720,2014-12-06,2045,19702,,6,2,9,4400,0,1,3,,2,020,"RT 1","STATE PARD DR",2112.00,S,N,A,-,Y,SCR,5,1,-,-,10.140,H,-,S,Y,2,0,2,1,A,-,01,23152,A,N,E,I,A,A,H,-,D,D,1,,,,,Y,Y,A,01,1,1,0,0,0,0,0,0,0,"- ","- ",36.974980000000002,-121.89691000000001,"SANTA CRUZ",UNINCORPORATED,-121.90409997,36.975334949999997
6808002,2015,2016-10-03,9720,2015-01-29,0600,20562,,4,1,9,4400,0,1,3,,1,017,"RT 17","GLENWOOD DR",900.00,N,N,A,-,Y,SCR,5,17,-,-,10.810,H,-,S,Y,2,0,1,1,A,-,08,22107,,N,E,I,A,A,H,-,D,D,0,,,,,Y,,A,01,1,0,0,0,0,0,0,0,0,"- ","- ",37.122030000000002,-121.97342999999999,"SANTA CRUZ",UNINCORPORATED,-121.97452967,37.121640650000003
6829486,2015,2016-10-03,9720,2015-02-13,1640,019692,,5,2,9,4400,0,1,3,,1,017,"RT 17","MOUNT HERMON RD",275.00,N,N,A,-,Y,SCR,5,17,-,-,3.490,H,-,S,Y,2,0,1,1,A,-,01,23152,A,N,E,I,A,A,H,-,A,D,1,,,,,Y,Y,D,22,1,0,0,0,0,0,0,0,0,"- ","- ",37.036110000000001,-122.02086,"SANTA CRUZ",UNINCORPORATED,-122.02018581,37.036280169999998
6835099,2015,2015-03-12,9720,2015-02-03,0229,20019,,2,3,9,4400,0,3,5,,2,300,"AMESTI RD","BROWNS VALLEY RD",1056.00,S,N,A,-,N,,,,,,,,,,Y,2,0,3,1,A,-,01,23152,A,N,E,I,A,A,H,-,D,D,0,,,,,Y,Y,A,01,1,2,0,0,0,0,0,0,0,"- ","- ",36.984340000000003,-121.80929,"SANTA CRUZ",UNINCORPORATED,-121.80183221,36.986107220000001
6835198,2015,2016-09-13,9720,2015-02-01,1205,018976,,7,1,9,4400,0,1,3,,1,034,"RT 152","CASSERLY RD",10032.00,E,N,A,-,Y,SCR,5,152,-,-,5.640,H,-,E,Y,2,0,1,1,A,-,08,22107,,N,F,A,A,A,H,-,A,D,0,,,Y,,Y,,C,02,1,0,0,0,0,0,0,0,1,"- ","- ",36.975409999999997,-121.71451999999999,"SANTA CRUZ",UNINCORPORATED,-121.75684687,36.91028171
6866763,2015,2016-05-10,9720,2015-03-08,0359,19956,,7,3,9,4400,0,1,3,,1,012,"RT 236","ACORN DR",0.00,,Y,A,-,Y,SCR,5,236,-,-,2.161,I,5,S,Y,1,1,0,1,A,-,01,23152,A,N,E,I,A,A,H,-,D,D,0,,,,,Y,Y,A,01,0,0,0,0,0,0,0,0,0,"- ","- ",37.140059999999998,-122.15224000000001,"SANTA CRUZ",UNINCORPORATED,-122.15148302,37.139912270000004
6869853,2015,2016-10-03,9720,2015-02-20,2330,20143,,5,3,9,4400,0,1,3,,2,030,"RT 1","RT 129",2640.00,S,N,E,-,Y,SCR,5,1,-,R,0.220,H,-,S,Y,2,0,4,2,A,-,01,23152,A,N,C,C,A,A,H,-,C,D,1,,,,,Y,Y,A,07,1,0,3,0,0,0,0,0,0,"- ","- ",36.886620000000001,-121.77263000000001,"SANTA CRUZ",UNINCORPORATED,-121.77302764,36.887008530000003
6889427,2015,2015-05-01,4401,2015-04-04,1250,534,4401,6,5,3,4401,0,0,0,,0,007,"BAY AV","BAY AV 504",0.00,,-,A,-,N,,,,,,,,,,N,2,0,1,2,A,-,17,22517,,N,H,G,A,A,H,-,A,A,0,,Y,,,Y,,A,01,1,0,0,0,0,0,1,0,0,"- ","- ",,,"SANTA CRUZ",CAPITOLA,-121.95288241,36.978476669999999
6899208,2015,2016-11-03,9720,2015-04-01,1504,018053,,3,2,9,4400,0,1,3,,1,015,"RT 9","GRAHAM HILL RD",90.00,S,N,A,-,Y,SCR,5,9,-,-,6.440,H,-,S,Y,2,0,1,4,C,-,18,,,N,B,C,A,A,H,-,A,D,0,,,,,Y,,-,"- ",1,0,0,0,0,0,0,0,0,"- ","- ",37.052689999999998,-122.07321,"SANTA CRUZ",UNINCORPORATED,-122.07323916,37.052785999999998
6901647,2015,2015-05-07,4402,2015-04-14,1846,165,4402,2,5,5,4402,0,0,0,,0,000,"LAUREL ST","WASHINGTON ST",82.00,E,N,A,-,N,,,,,,,,,,Y,2,0,1,2,A,-,03,22350,,N,C,C,A,A,H,-,A,A,0,,,Y,,Y,,C,02,1,0,0,0,0,0,0,0,1,"- ","- ",,,"SANTA CRUZ","SANTA CRUZ",-122.02799217,36.968852329999997
6928829,2015,2015-06-11,4402,2015-05-19,1835,180,4402,2,5,5,4402,0,0,0,,0,00E,"FREDERICK ST","HANOVER ST",84.00,S,N,A,-,N,,,,,,,,,,N,2,0,1,2,A,-,08,22107,,N,D,G,A,A,H,-,A,D,0,,Y,,,Y,,L,04,1,0,0,0,0,0,1,0,0,"- ","- ",,,"SANTA CRUZ","SANTA CRUZ",-122.00405545,36.97874341
6937146,2015,2015-06-10,9720,2015-03-28,1620,19653,,6,2,9,4400,0,3,5,,2,200,"SOQUEL AV","7TH AV",308.00,E,N,A,-,N,,,,,,,,,,N,2,0,2,1,A,-,03,22350,,N,F,A,A,A,H,-,A,D,0,,,Y,,Y,Y,C,02,1,1,0,0,0,0,0,0,2,"- ","- ",36.985509999999998,-121.98878999999999,"SANTA CRUZ",UNINCORPORATED,-121.98883945,36.985622509999999
6939494,2015,2015-06-02,9720,2015-04-22,1558,018508,,3,2,9,4400,0,3,5,,2,100,"EMPIRE GRADE RD","PINE FLAT RD",800.00,S,N,A,-,N,,,,,,,,,,Y,2,0,1,2,A,-,05,21460,A,N,B,C,A,A,H,-,A,D,0,,,Y,,Y,,C,02,1,0,0,0,0,0,0,0,1,"- ","- ",37.072290000000002,-122.13133000000001,"SANTA CRUZ",UNINCORPORATED,-122.13159697,37.076962119999997
6946387,2015,2015-07-11,4403,2015-06-02,0754,296,306,2,5,4,4403,0,0,0,,0,003,"FREEDOM BL","STANFORD ST",0.00,,Y,B,-,N,,,,,,,,,,Y,2,0,1,2,A,-,09,21802,A,N,D,C,A,A,H,-,A,A,0,,,Y,,Y,,A,01,1,0,0,0,0,0,0,0,1,"- ","- ",,,"SANTA CRUZ",WATSONVILLE,-121.76075993000001,36.92036006
6981069,2015,2015-07-21,9720,2015-06-09,0000,19956,,2,3,9,4400,0,3,5,,2,200,"SUMNER AV","VIA NOVELLA",150.00,E,N,A,-,N,,,,,,,,,,Y,2,0,1,1,A,-,01,23152,A,N,A,I,A,A,H,-,D,A,0,,,,,Y,Y,D,22,1,0,0,0,0,0,0,0,0,"- ","- ",36.945349999999998,-121.87081999999999,"SANTA CRUZ",UNINCORPORATED,-121.8708,36.945369999999997
6981251,2015,2017-01-05,9720,2015-05-21,1739,019636,,4,2,9,4400,0,1,3,,1,017,"RT 17","LAUREL RD",115.00,N,N,B,-,Y,SCR,5,17,-,-,9.460,H,-,N,Y,2,0,2,1,A,-,03,22350,,N,E,I,A,B,H,-,A,D,0,,,,,Y,,A,01,1,1,0,0,0,0,0,0,0,"- ","- ",37.098050000000001,-121.97551,"SANTA CRUZ",UNINCORPORATED,-121.97498822999999,37.104514930000001
6981308,2015,2015-07-14,9720,2015-06-19,0920,018601,,5,1,9,4400,0,2,4,,1,021,"SOQUEL DR","N RODEO GULCH RD",0.00,,Y,A,-,N,,,,,,,,,,Y,2,0,1,2,A,-,09,21801,A,N,F,A,A,A,H,-,A,D,0,,,Y,,Y,,A,01,1,0,0,0,0,0,0,0,1,"- ","- ",36.987650000000002,-121.96953999999999,"SANTA CRUZ",UNINCORPORATED,-121.96955986,36.987610060000002
6981340,2015,2015-07-14,9720,2015-06-21,1655,018993,,7,2,9,4400,0,2,4,,1,022,"SOQUEL SAN JOSE RD","ALLRED LN",1320.00,S,N,A,-,N,,,,,,,,,,Y,2,0,3,2,A,-,05,21460,A,N,A,C,A,A,H,-,A,D,0,,,,,Y,,A,01,1,2,0,0,0,0,0,0,0,"- ","- ",37.029699999999998,-121.9481,"SANTA CRUZ",UNINCORPORATED,-121.94859592,37.027816059999999
7006531,2015,2015-12-30,4402,2015-10-17,2024,129,4402,6,5,5,4402,0,0,0,,0,00B,"MUNICIPAL WHARF","BEACH ST",1150.00,S,N,A,-,N,,,,,,,,,,Y,1,1,1,1,A,-,08,22107,,N,E,I,A,A,H,-,C,D,0,,,,,Y,,A,01,1,0,0,0,0,0,0,0,0,"- ","- ",,,"SANTA CRUZ","SANTA CRUZ",-122.02081203,36.960797229999997
7010804,2015,2015-08-06,4402,2015-06-30,2344,159,4402,2,5,5,4402,0,0,0,,0,00W,"WEST CLIFF DR","SAN JOSE AV",84.00,W,N,E,-,N,,,,,,,,,,Y,2,0,4,1,A,-,03,22350,A,N,E,I,A,A,H,-,C,D,0,,,,,Y,,A,07,2,2,0,0,0,0,0,0,0,"- ","- ",,,"SANTA CRUZ","SANTA CRUZ",-122.05058685,36.949685940000002
7016016,2015,2015-08-19,9720,2015-07-10,0400,020252,,5,3,9,4400,0,2,4,,1,016,"GRAHAM HILL RD","SIMS RD",1584.00,S,N,A,-,N,,,,,,,,,,Y,2,0,1,1,A,-,01,23152,A,N,E,I,A,A,H,-,D,D,0,,,,,Y,Y,A,07,1,0,0,0,0,0,0,0,0,"- ","- ",37.007129999999997,-122.03400000000001,"SANTA CRUZ",UNINCORPORATED,-122.0341227,37.007428590000004
7016056,2015,2015-08-19,9720,2015-07-04,1145,021045,,6,1,9,4400,0,3,5,,2,300,"MOUNT MADONNA RD","CASSERLY RD",6600.00,N,N,A,-,N,,,,,,,,,,N,2,0,1,1,A,-,08,22107,,N,F,A,A,A,H,-,A,D,0,,Y,,,Y,,L,04,1,0,0,0,0,0,1,0,0,"- ","- ",36.991030000000002,-121.7383,"SANTA CRUZ",UNINCORPORATED,-121.73679138,36.991323049999998
7016670,2015,2017-01-14,9720,2015-07-30,1320,018601,,4,1,9,4400,0,1,3,,1,010,"RT 1","SWANTON RD",528.00,N,N,A,-,Y,SCR,5,1,-,-,35.210,H,-,S,N,2,0,1,1,A,-,08,22107,,N,F,A,A,A,H,-,A,D,0,,Y,,,Y,,L,04,1,0,0,0,0,0,1,0,0,"- ","- ",37.086419999999997,-122.27051,"SANTA CRUZ",UNINCORPORATED,-122.2675273,37.083563550000001
7024817,2015,2017-01-28,9720,2015-08-01,1006,21045,,6,1,9,4400,0,1,3,,1,035,"RT 129","MURPHY CROSSING RD",1056.00,W,N,A,-,Y,SCR,5,129,-,-,4.410,H,-,E,Y,2,0,2,3,A,-,01,23152,A,N,A,C,A,A,H,-,A,D,0,,,,,Y,Y,A,01,1,0,1,0,0,0,0,0,0,"- ","- ",36.916150000000002,-121.68097,"SANTA CRUZ",UNINCORPORATED,-121.68213906,36.916688059999998
7031330,2015,2015-09-01,9720,2015-07-27,1430,15699,,1,2,9,4400,0,2,4,,1,021,"SOQUEL DR","PAUL SWEET RD",5.00,W,N,A,-,N,,,,,,,,,,N,2,0,1,2,A,-,08,22107,,N,H,G,A,A,H,-,A,D,0,,Y,,,Y,,A,01,1,0,0,0,0,0,1,0,0,"- ","- ",36.987850000000002,-121.98539,"SANTA CRUZ",UNINCORPORATED,-121.98527366,36.987841719999999
7032422,2015,2017-01-28,4403,2015-07-30,1351,0078,223,4,5,4,4403,0,0,0,,0,002,"MAIN ST","AUTO CENTER DR",21.00,S,N,A,-,Y,SCR,5,152,-,T,2.130,H,-,E,N,2,0,1,2,A,-,08,22108,,F,H,A,A,A,H,-,A,A,0,,Y,,,Y,,A,01,1,0,0,0,0,0,1,0,0,"- ","- ",,,"SANTA CRUZ",WATSONVILLE,-121.7679766,36.915920810000003
7035827,2015,2015-08-28,9720,2015-07-28,1400,021044,,2,2,9,4400,0,3,5,,2,100,"BEAR CREEK RD","MUSTANG MESA RD",150.00,W,N,A,-,N,,,,,,,,,,Y,2,0,1,2,A,-,05,21460,A,N,B,C,A,A,H,-,A,D,0,,,Y,,Y,,C,02,1,0,0,0,0,0,0,0,1,"- ","- ",37.16957,-122.06941999999999,"SANTA CRUZ",UNINCORPORATED,-122.06930905999999,37.169496909999999
7042844,2015,2017-01-13,9720,2015-08-09,1910,19702,,7,2,9,4400,0,1,3,,1,015,"RT 9","FALL CREEK RD",528.00,N,N,A,-,Y,SCR,5,9,-,-,7.030,H,-,N,N,2,0,1,2,A,-,06,21755,,N,B,C,A,A,H,-,A,D,0,,,Y,,Y,,C,02,1,0,0,0,0,0,0,0,1,"- ","- ",37.059989999999999,-122.07931000000001,"SANTA CRUZ",UNINCORPORATED,-122.07943663,37.059828950000004
7043039,2015,2015-09-16,9720,2015-08-19,0136,019898,,3,3,9,4400,0,2,4,,1,022,"SOQUEL SAN JOSE RD","LAUREL GLEN RD",528.00,N,N,A,-,N,,,,,,,,,,Y,2,0,1,1,A,-,01,23152,A,N,E,I,A,A,H,-,C,D,0,,,Y,,Y,Y,C,02,1,0,0,0,0,0,0,0,1,"- ","- ",37.038200000000003,-121.9442,"SANTA CRUZ",UNINCORPORATED,-121.94558489000001,37.033329340000002
7067543,2015,2017-01-14,4403,2015-08-18,1444,6647,1-11,2,5,4,4403,0,0,0,,0,001,"RIVERSIDE DR","BLACKBURN ST",0.00,,Y,A,-,Y,SCR,5,129,-,-,0.540,I,5,E,Y,2,0,1,2,A,-,08,22107,,F,B,C,A,A,H,-,A,A,0,,,Y,,Y,,A,01,1,0,0,0,0,0,0,0,1,"- ","- ",,,"SANTA CRUZ",WATSONVILLE,-121.74576977,36.912374640000003
7080061,2015,2015-09-29,4404,2015-09-14,1524,5450,N,1,5,3,4404,0,0,0,,0,,"GRANITE CREEK RD","MILE MARKER 0.26 ON GRANITE CREEK RD",78.00,N,N,B,-,N,,,,,,,,,,Y,2,0,1,2,A,-,03,22350,,N,A,C,A,B,H,-,A,D,0,,,,,Y,,A,08,1,0,0,0,0,0,0,0,0,"- ","- ",37.055430000000001,-121.99630000000001,"SANTA CRUZ","SCOTTS VALLEY",,
7092407,2015,2015-10-20,4402,2015-09-21,0554,149,4402,1,5,5,4402,0,0,0,,0,00E,"SOQUEL AV","S MORRISSEY BL",12.00,E,N,A,-,N,,,,,,,,,,Y,2,0,1,2,A,-,11,21461,5,N,G,B,B,A,H,-,C,A,0,Y,,,,Y,Y,N,60,1,0,0,0,1,0,0,0,0,"- ","- ",,,"SANTA CRUZ","SANTA CRUZ",-122.00682908,36.981352989999998
7097256,2015,2015-10-21,4403,2015-09-27,0007,381,4-34,7,5,4,4403,0,0,0,,0,004,"MARIN ST","SANTA CLARA ST",283.00,W,N,A,-,N,,,,,,,,,,Y,2,0,1,2,A,-,08,22107,,N,C,E,A,A,H,-,D,D,0,,,,,Y,Y,A,01,1,0,0,0,0,0,0,0,0,"- ","- ",,,"SANTA CRUZ",WATSONVILLE,-121.76683821,36.921427309999999
7116066,2015,2017-02-03,4403,2015-10-30,1253,370,5-27,5,5,4,4403,0,0,0,,0,005,"MAIN ST","HOLM RD",0.00,,Y,A,-,Y,SCR,5,152,-,T,0.330,I,5,W,Y,2,0,3,2,A,-,09,21802,A,N,D,C,A,A,H,-,A,A,0,,,,,Y,,A,01,3,0,0,0,0,0,0,0,0,"- ","- ",,,"SANTA CRUZ",WATSONVILLE,-121.79013605999999,36.92049111
7140461,2015,2016-01-05,4403,2015-11-20,1556,5454,"3  17",5,5,4,4403,0,0,0,,0,003,"MCKENZIE AV","TUTTLE AV",0.00,,Y,A,-,N,,,,,,,,,,Y,2,0,1,2,A,-,03,22350,,N,G,B,E,A,H,-,A,D,0,Y,,,,Y,,I,11,1,0,0,0,1,0,0,0,0,"- ","- ",,,"SANTA CRUZ",WATSONVILLE,-121.74236999,36.92158002
7148972,2015,2016-08-09,4403,2015-12-20,1725,361,41,7,5,4,4403,0,0,0,,0,004,"FREEDOM BL","LANDIS AV",0.00,,Y,C,-,N,,,,,,,,,,N,2,0,2,3,A,-,10,21950,A,F,G,B,D,B,A,-,C,D,0,Y,,,,Y,,-,,2,0,0,0,2,0,0,0,0,"- ","- ",,,"SANTA CRUZ",WATSONVILLE,-121.77208988,36.93393004
7195574,2016,2017-02-07,4403,2016-02-12,1141,381,4-30,5,5,4,4403,0,0,0,,0,004,"CLIFFORD AV","MAIN ST",212.00,E,N,A,-,Y,SCR,5,152,-,T,1.650,H,-,E,N,1,1,0,1,B,-,22,,,N,H,G,A,A,H,-,A,D,0,,Y,,,Y,,L,04,0,0,0,0,0,1,0,0,0,"- ","- ",,,"SANTA CRUZ",WATSONVILLE,-121.77622359999999,36.91732906
7205679,2016,2016-03-16,4402,2016-02-06,1303,165,4402,6,5,5,4402,0,0,0,,0,000,"LAUREL ST","FRONT ST",75.00,E,N,A,-,N,,,,,,,,,,Y,2,0,1,2,C,-,18,,,N,A,G,A,A,H,-,A,D,0,,Y,,,Y,,-,"- ",1,0,0,0,0,0,1,0,0,"- ","- ",,,"SANTA CRUZ","SANTA CRUZ",-122.02353252,36.969374999999999
7206019,2016,2016-03-22,4402,2016-01-28,1330,165,4402,4,5,5,4402,0,0,0,,0,,"BAY ST","KING ST",0.00,,Y,B,-,N,,,,,,,,,,Y,2,0,1,2,A,-,09,21801,A,N,D,C,A,A,H,-,A,A,0,,,Y,,Y,,A,01,1,0,0,0,0,0,0,0,1,"- ","- ",,,"SANTA CRUZ","SANTA CRUZ",-122.04307996,36.968150029999997
7206373,2016,2016-03-22,4402,2016-02-22,1523,192,4402,1,5,5,4402,0,0,0,,0,,"WALNUT AV","LINCOLN ST",125.00,N,N,A,-,N,,,,,,,,,,N,2,0,1,1,A,-,03,22350,,N,H,-,A,A,H,-,A,D,0,,Y,,,Y,,L,04,1,0,0,0,0,0,1,0,0,"- ","- ",,,"SANTA CRUZ","SANTA CRUZ",-122.03324056,36.971897040000002
8003735,2016,2016-03-30,4403,2016-03-04,2206,281,525,5,5,4,4403,0,0,0,,0,005,"GREEN VALLEY RD","SILVER LEAF DR",0.00,,Y,B,C,N,,,,,,,,,,Y,2,0,1,2,D,-,00,,,N,G,B,E,B,H,-,C,A,0,Y,,,,Y,Y,-,"- ",1,0,0,0,1,0,0,0,0,"- ","- ",,,"SANTA CRUZ",WATSONVILLE,-121.78545988,36.915090030000002
8085010,2016,2017-02-04,4403,2016-06-09,1100,381,315,4,5,4,4403,0,0,0,,0,003,"LAKE AV","MADISON ST",34.00,E,N,A,-,Y,SCR,5,152,-,-,0.480,H,-,E,N,2,0,1,3,A,-,03,22350,,N,C,E,A,A,H,-,A,D,0,,,,,Y,,A,01,1,0,0,0,0,0,0,0,0,"- ","- ",,,"SANTA CRUZ",WATSONVILLE,-121.75688909,36.910249880000002
8099782,2016,2016-08-11,4403,2016-07-12,1518,370,4-03,2,5,4,4403,0,0,0,,0,004,"FREEDOM BL","MARIPOSA AV",6.00,N,N,A,-,N,,,,,,,,,,N,2,0,1,2,A,-,09,21804,A,N,H,G,A,A,H,-,A,D,0,,Y,,,Y,,L,04,1,0,0,0,0,0,1,0,0,"- ","- ",,,"SANTA CRUZ",WATSONVILLE,-121.76693227,36.928973220000003
8113096,2016,2016-09-07,4402,2016-08-14,2019,137,4402,7,5,5,4402,0,0,0,,0,00E,"BUTTON ST","PLYMOUTH ST",388.00,S,N,A,-,N,,,,,,,,,,Y,2,0,1,3,A,-,08,22107,,N,F,D,A,A,H,-,C,D,0,,,,,Y,,A,01,1,0,0,0,0,0,0,0,0,"- ","- ",,,"SANTA CRUZ","SANTA CRUZ",-122.02229,36.987079999999999
8120125,2016,2016-09-13,4403,2016-09-05,1552,381,539,1,5,4,4403,0,0,0,,0,005,"FREEDOM BL","ROACHE RD",70.00,S,N,A,-,N,,,,,,,,,,N,2,0,1,2,A,-,10,21950,A,N,G,B,C,A,H,-,A,D,0,Y,,,,Y,,A,01,1,0,0,0,1,0,0,0,0,"- ","- ",,,"SANTA CRUZ",WATSONVILLE,-121.77631768000001,36.937445250000003
8121921,2016,2017-03-06,4403,2016-09-03,2022,281,3-16,6,5,4,4403,0,0,0,,0,003,"LAKE AV","PALM AV",0.00,,Y,A,-,Y,SCR,5,152,-,-,0.890,I,5,W,N,2,0,1,2,A,-,10,21950,A,F,G,B,B,A,H,-,C,D,0,Y,,,,Y,,A,08,1,0,0,0,1,0,0,0,0,"- ","- ",,,"SANTA CRUZ",WATSONVILLE,-121.74768292,36.920080669999997
8125908,2016,2016-09-27,4403,2016-09-12,0914,381,"5 39",1,5,4,4403,0,0,0,,0,005,"AIRPORT BL","LOMA PRIETA AV",0.00,,Y,B,-,N,,,,,,,,,,N,2,0,1,2,A,-,05,21650,1,N,G,G,A,A,H,-,A,A,0,,Y,,,Y,,L,04,1,0,0,0,0,0,1,0,0,"- ","- ",,,"SANTA CRUZ",WATSONVILLE,-121.78146989,36.935240059999998
8129643,2016,2016-09-23,4403,2016-09-12,1259,381,5-39,1,5,4,4403,0,0,0,,0,005,"AIRPORT BL","FREEDOM BL",75.00,E,N,B,-,N,,,,,,,,,,N,2,0,1,3,A,-,03,22350,,N,C,C,A,A,H,-,A,A,0,,,,,Y,,A,07,1,0,0,0,0,0,0,0,0,"- ","- ",,,"SANTA CRUZ",WATSONVILLE,-121.77782229,36.938540529999997
8151417,2016,2017-02-23,4402,2016-09-28,2247,174,4402,3,5,5,4402,0,0,0,,0,00C,"RT 1","RT 9",0.00,,Y,B,-,Y,SCR,5,1,-,-,17.560,I,5,N,Y,2,0,1,2,A,-,"- ",,,N,G,B,B,A,H,-,C,A,0,Y,,,,Y,,N,60,1,0,0,0,1,0,0,0,0,"- ","- ",,,"SANTA CRUZ","SANTA CRUZ",-122.0298081,36.984500220000001
8167043,2018,2018-06-12,4402,2018-01-05,2228,167,4402,5,5,5,4402,0,0,0,,0,000,"RT 1","RT 9",0.00,,Y,C,-,Y,SCR,5,1,-,-,17.560,I,5,N,Y,1,1,0,2,A,-,11,21950,B,N,G,B,B,B,H,-,C,A,0,Y,,,,Y,Y,N,60,0,0,0,1,0,0,0,0,0,"- ","- ",,,"SANTA CRUZ","SANTA CRUZ",-122.02980804443359,36.984500885009766