CASE_ID,ACCIDENT_YEAR,PROC_DATE,JURIS,COLLISION_DATE,COLLISION_TIME,OFFICER_ID,REPORTING_DISTRICT,DAY_OF_WEEK,CHP_SHIFT,POPULATION,CNTY_CITY_LOC,SPECIAL_COND,BEAT_TYPE,CHP_BEAT_TYPE,CITY_DIVISION_LAPD,CHP_BEAT_CLASS,BEAT_NUMBER,PRIMARY_RD,SECONDARY_RD,DISTANCE,DIRECTION,INTERSECTION,WEATHER_1,WEATHER_2,STATE_HWY_IND,CALTRANS_COUNTY,CALTRANS_DISTRICT,STATE_ROUTE,ROUTE_SUFFIX,POSTMILE_PREFIX,POSTMILE,LOCATION_TYPE,RAMP_INTERSECTION,SIDE_OF_HWY,TOW_AWAY,COLLISION_SEVERITY,NUMBER_KILLED,NUMBER_INJURED,PARTY_COUNT,PRIMARY_COLL_FACTOR,PCF_CODE_OF_VIOL,PCF_VIOL_CATEGORY,PCF_VIOLATION,PCF_VIOL_SUBSECTION,HIT_AND_RUN,TYPE_OF_COLLISION,MVIW,PED_ACTION,ROAD_SURFACE,ROAD_COND_1,ROAD_COND_2,LIGHTING,CONTROL_DEVICE,CHP_ROAD_TYPE,PEDESTRIAN_ACCIDENT,BICYCLE_ACCIDENT,MOTORCYCLE_ACCIDENT,TRUCK_ACCIDENT,NOT_PRIVATE_PROPERTY,ALCOHOL_INVOLVED,STWD_VEHTYPE_AT_FAULT,CHP_VEHTYPE_AT_FAULT,COUNT_SEVERE_INJ,COUNT_VISIBLE_INJ,COUNT_COMPLAINT_PAIN,COUNT_PED_KILLED,COUNT_PED_INJURED,COUNT_BICYCLIST_KILLED,COUNT_BICYCLIST_INJURED,COUNT_MC_KILLED,COUNT_MC_INJURED,PRIMARY_RAMP,SECONDARY_RAMP,LATITUDE,LONGITUDE,COUNTY,CITY,POINT_X,POINT_Y
8180865,2016,2016-12-05,4402,2016-11-10,1750,165,4402,4,5,5,4402,0,0,0,,0,000,"SOQUEL AV","PINE ST",0.00,,Y,B,-,N,,,,,,,,,,N,2,0,1,2,A,-,10,21950,A,N,G,B,B,-,H,-,C,A,0,Y,,,,Y,,A,01,1,0,0,0,1,0,0,0,0,"- ","- ",,,"SANTA CRUZ","SANTA CRUZ",-122.01404995999999,36.977980070000001
8201519,2017,2017-03-28,4402,2017-03-13,2033,163,4402,1,5,5,4402,0,0,0,,0,,"MURRAY ST","BROOK AV",60.00,W,N,A,-,N,,,,,,,,,,N,2,0,2,2,A,-,11,21954,A,N,G,J,E,A,H,-,C,D,0,Y,Y,,,Y,Y,N,60,1,1,0,0,1,0,1,0,0,"- ","- ",,,"SANTA CRUZ","SANTA CRUZ",-122.00969790000001,36.966855770000002
8205605,2016,2017-01-12,4402,2016-12-22,1011,165,4402,4,5,5,4402,0,0,0,,0,,"WEST CLIFF DR","PACIFIC AV",125.00,W,N,B,-,N,,,,,,,,,,N,2,0,1,1,A,-,03,22350,,N,F,A,A,A,B,-,A,D,0,,Y,,,Y,,L,04,1,0,0,0,0,0,1,0,0,"- ","- ",,,"SANTA CRUZ","SANTA CRUZ",-122.02601284000001,36.96451132
8286999,2016,2017-01-23,4402,2016-04-27,1515,812,,3,5,5,4402,0,0,0,,0,,"HIGH ST","COOLIDGE DR",0.00,,Y,A,-,N,,,,,,,,,,N,2,0,1,2,A,-,09,21804,A,N,D,G,A,A,H,-,A,A,0,,Y,,,Y,,A,01,1,0,0,0,0,0,1,0,0,"- ","- ",36.974910000000001,-122.01141,"SANTA CRUZ","SANTA CRUZ",-122.05375997,36.977220029999998
8296121,2017,2017-02-08,4402,2017-01-21,2349,168,4402,6,5,5,4402,0,0,0,,0,00E,"SEABRIGHT AV","PINE ST",100.00,N,N,C,-,N,,,,,,,,,,Y,2,0,1,3,A,-,01,23153,,N,C,E,A,B,H,-,C,D,0,,,,,Y,Y,A,01,1,0,0,0,0,0,0,0,0,"- ","- ",,,"SANTA CRUZ","SANTA CRUZ",-122.00806609999999,36.971084509999997
8298466,2017,2017-02-16,4402,2017-01-21,2349,183,4402,6,5,5,4402,0,0,0,,0,00E,"SOQUEL AV","FOREST AV",21.00,E,N,C,-,N,,,,,,,,,,N,2,0,1,2,A,-,05,21650,,N,A,G,A,B,H,-,C,D,0,,Y,,,Y,Y,A,08,1,0,0,0,0,0,1,0,0,"- ","- ",,,"SANTA CRUZ","SANTA CRUZ",-122.00038839,36.981545310000001
8299684,2017,2017-03-06,4403,2017-01-25,1645,381,5-27,3,5,4,4403,0,0,0,,0,005,"AIRPORT BL","HOLM RD",0.00,,Y,A,-,N,,,,,,,,,,Y,2,0,1,4,A,-,09,21802,A,F,D,C,A,A,H,-,A,A,0,,,,,Y,,A,01,1,0,0,0,0,0,0,0,0,"- ","- ",,,"SANTA CRUZ",WATSONVILLE,-121.78742988,36.932070029999998
8312424,2017,2017-06-27,4403,2017-02-11,1031,381,3-15,6,5,4,4403,0,0,0,,0,003,"RIVERSIDE DR","BLACKBURN ST",84.00,E,N,A,-,Y,SCR,5,129,-,-,0.550,H,-,E,Y,2,0,1,2,A,-,09,21804,A,N,H,G,A,A,H,-,A,D,0,,Y,,,Y,,L,04,1,0,0,0,0,0,1,0,0,"- ","- ",,,"SANTA CRUZ",WATSONVILLE,-121.74560581999999,36.912424909999999
8317731,2017,2017-03-09,4404,2017-01-30,0712,5150,4404,1,5,3,4404,0,0,0,,0,25217,"SCOTTS VALLEY DR","CIVIC CENTER DR",47.00,S,N,A,-,N,,,,,,,,,,N,2,0,1,1,A,-,03,22350,,N,F,A,A,A,H,-,A,A,0,,,Y,,Y,,C,02,1,0,0,0,0,0,0,0,1,"- ","- ",37.048389999999998,-122.01687,"SANTA CRUZ","SCOTTS VALLEY",-122.01689892,37.048268090000001
8363594,2017,2019-04-09,4402,2017-05-01,2036,177,4402,1,5,5,4402,0,0,0,,0,00W,"WEST CLIFF DR","COLUMBIA ST",1584.00,E,N,A,-,N,,,,,,,,,,Y,1,1,0,2,A,-,11,21954,A,F,G,B,D,A,H,-,D,D,0,Y,,,,Y,Y,N,60,0,0,0,1,0,0,0,0,0,"- ","- ",,,"SANTA CRUZ","SANTA CRUZ",-122.02826432000001,36.952273579999996
8374539,2017,2017-06-02,4402,2017-05-15,1040,130,4402,1,5,5,4402,0,0,0,,0,00W,"BETHANY CURVE","PENDEGAST AV",12.00,N,N,A,-,N,,,,,,,,,,Y,2,0,2,2,A,-,09,21802,A,N,D,C,A,A,H,-,A,A,0,,,,,Y,,A,07,1,0,1,0,0,0,0,0,0,"- ","- ",,,"SANTA CRUZ","SANTA CRUZ",-122.04099223999999,36.95917292
8378203,2017,2017-06-16,4402,2017-06-06,2500,180,4402,2,5,5,4402,0,0,0,,0,,BROADWAY,"PENNSYLVANIA AV",18.00,W,N,A,-,N,,,,,,,,,,Y,2,0,1,2,A,-,01,23153,,N,D,E,A,A,H,-,A,D,0,,,,,Y,Y,A,01,1,0,0,0,0,0,0,0,0,"- ","- ",,,"SANTA CRUZ","SANTA CRUZ",-122.01176135999999,36.975055349999998
8378214,2017,2017-06-16,4402,2017-05-27,1158,165,4402,6,5,5,4402,0,0,0,,0,000,"OCEAN ST","GRAHAM HILL RD",50.00,S,N,A,-,N,,,,,,,,,,Y,2,0,1,1,D,-,00,,,N,F,I,A,A,H,-,A,D,0,,,Y,,Y,,-,"- ",1,0,0,0,0,0,0,0,1,"- ","- ",,,"SANTA CRUZ","SANTA CRUZ",-122.02691,36.988939999999999
8387068,2017,2018-02-12,4401,2017-06-09,1714,520,,5,5,3,4401,0,0,0,,0,008,"KENNEDY DR","PONSELLE LN",455.00,N,N,A,-,N,,,,,,,,,,Y,2,0,1,1,A,-,03,22350,,N,E,I,A,A,H,-,A,D,0,,,Y,,Y,Y,C,02,1,0,0,0,0,0,0,0,1,"- ","- ",,,"SANTA CRUZ",CAPITOLA,-121.94394645,36.983688409999999
8387429,2017,2018-02-12,4402,2017-06-14,2352,177,4402,3,5,5,4402,0,0,0,,0,00W,"LAUREL ST","WALTI ST",157.00,N,N,A,-,N,,,,,,,,,,Y,2,0,3,2,A,-,05,21650,,N,A,C,A,A,H,-,C,D,0,,,,,Y,,A,01,1,0,2,0,0,0,0,0,0,"- ","- ",,,"SANTA CRUZ","SANTA CRUZ",-122.03381684999999,36.968502880000003
8404814,2018,2020-05-21,4403,2018-03-06,0650,335,223,2,5,4,4403,0,0,0,,0,002,"HARKINS SLOUGH RD","BAYVIEW DR",912.00,S,N,A,-,N,,,,,,,,,,Y,1,1,0,2,A,-,11,21954,A,N,G,B,D,A,H,-,B,D,0,Y,,,,Y,,N,60,0,0,0,1,0,0,0,0,0,"- ","- ",,,"SANTA CRUZ",WATSONVILLE,-121.77094268798828,36.913314819335938
8419020,2017,2017-08-02,4403,2017-07-18,0505,335,240,2,5,4,4403,0,0,0,,0,002,"LEE RD","BEACH ST",735.00,N,N,A,-,N,,,,,,,,,,Y,2,0,1,2,A,-,05,21202,A,N,C,G,A,A,H,-,C,D,0,,Y,,,Y,Y,L,04,1,0,0,0,0,0,1,0,0,"- ","- ",,,"SANTA CRUZ",WATSONVILLE,-121.77942410999999,36.899007840000003
8451928,2017,2018-05-31,4403,2017-09-01,0516,381,4-31,5,5,4,4403,0,0,0,,0,004,"MAIN ST","AUTO CENTER DR",158.00,S,N,A,B,Y,SCR,5,152,-,T,2.170,H,-,W,N,2,0,1,2,A,-,11,21954,A,F,G,B,D,A,H,-,C,D,0,Y,,,,Y,,N,60,1,0,0,0,1,0,0,0,0,"- ","- ",,,"SANTA CRUZ",WATSONVILLE,-121.76718696,36.915790860000001
8465616,2018,2019-03-21,4403,2018-12-24,1442,335,"1 09",1,5,4,4403,0,0,0,,0,001,"MAIN ST","BEACH ST",0.00,,Y,C,-,Y,SCR,5,152,-,T,2.928,I,5,W,Y,1,1,0,2,A,-,10,21950,A,N,G,B,B,B,H,-,A,A,0,Y,,,,Y,,D,22,0,0,0,1,0,0,0,0,0,"- ","- ",,,"SANTA CRUZ",WATSONVILLE,-121.75689697265625,36.910247802734375
8486240,2017,2018-07-13,4403,2017-10-12,0622,296,"3 16",4,5,4,4403,0,0,0,,0,003,"LAKE AV","PALM AV",0.00,,Y,A,-,Y,SCR,5,152,-,-,0.890,I,5,W,N,2,0,1,2,A,-,10,21950,A,N,G,B,B,A,H,-,C,A,0,Y,,,,Y,,A,01,1,0,0,0,1,0,0,0,0,"- ","- ",,,"SANTA CRUZ",WATSONVILLE,-121.74768292,36.920080669999997
8502662,2017,2018-01-04,4402,2017-11-07,0745,167,4402,2,5,5,4402,0,0,0,,0,000,"SOQUEL AV","TREVETHAN AV",2.00,E,N,A,-,N,,,,,,,,,,N,2,0,2,3,A,-,10,21950,A,N,G,B,B,A,H,-,A,A,0,Y,,,,Y,,D,22,1,1,0,0,2,0,0,0,0,"- ","- ",,,"SANTA CRUZ","SANTA CRUZ",-122.00170321,36.981410709999999
8518462,2017,2017-12-22,4402,2017-11-14,1610,140,4402,2,5,5,4402,0,0,0,,0,,BROADWAY,"RIVERSIDE AV",5.00,E,N,A,-,N,,,,,,,,,,N,2,0,2,3,A,-,10,21950,A,N,G,B,B,A,H,-,A,D,0,Y,,,,Y,,A,01,2,0,0,0,2,0,0,0,0,"- ","- ",,,"SANTA CRUZ","SANTA CRUZ",-122.02158566,36.971737509999997
8518496,2017,2017-12-20,4402,2017-10-25,2142,167,4402,3,5,5,4402,0,0,0,,0,000,"BEACH ST","CLIFF ST",200.00,E,N,A,-,N,,,,,,,,,,N,2,0,1,1,A,-,08,22107,,N,F,A,A,A,H,-,C,D,0,,Y,,,Y,Y,L,04,1,0,0,0,0,0,1,0,0,"- ","- ",,,"SANTA CRUZ","SANTA CRUZ",-122.01954748999999,36.964376190000003
8523667,2017,2018-01-04,4402,2017-12-02,0317,141,SANTA,6,5,5,4402,0,0,0,,0,000,"RIVER ST","SOQUEL AV",185.00,N,N,A,-,N,,,,,,,,,,Y,2,0,1,2,A,-,01,23152,A,N,C,E,A,A,H,-,C,D,0,,,,,Y,Y,A,01,1,0,0,0,0,0,0,0,0,"- ","- ",,,"SANTA CRUZ","SANTA CRUZ",-122.02368941,36.973952410000003
8580400,2018,2018-03-22,4402,2018-03-06,1850,163,4402,2,5,5,4402,0,0,0,,0,00E,"SOQUEL AV","OCEAN ST",130.00,E,N,A,-,N,,,,,,,,,,Y,2,0,1,3,A,-,03,22350,,N,C,C,A,A,H,-,C,A,0,,,,,Y,,A,01,1,0,0,0,0,0,0,0,0,"- ","- ",,,"SANTA CRUZ","SANTA CRUZ",-122.01851654052734,36.974716186523438
8601799,2018,2018-08-22,4402,2018-04-11,1900,179,4402,3,5,5,4402,0,0,0,,0,000,"RT 1","WESTERN DR",0.00,,Y,B,C,Y,SCR,5,1,-,-,20.090,I,5,N,Y,2,0,2,2,A,-,12,21453,A,N,D,C,A,B,H,-,B,A,0,,,,,Y,,A,01,1,0,1,0,0,0,0,0,0,"- ","- ",,,"SANTA CRUZ","SANTA CRUZ",-122.05667877197266,36.960914611816406
8608808,2018,2018-05-07,4402,2018-04-20,0751,139,4402,5,5,5,4402,0,0,0,,0,000,"DARWIN ST","GAULT ST",180.00,N,N,A,-,N,,,,,,,,,,N,2,0,1,1,A,-,21,22106,,N,G,B,A,A,H,-,A,D,0,,,,,Y,,D,22,1,0,0,0,0,0,0,0,0,"- ","- ",,,"SANTA CRUZ","SANTA CRUZ",-122.00746917724609,36.979965209960938
8610312,2018,2018-05-04,4403,2018-04-04,0758,335,527,3,5,4,4403,0,0,0,,0,005,"AIRPORT BL","HOLM RD",13.00,E,N,A,-,N,,,,,,,,,,Y,2,0,1,2,A,-,10,21950,A,N,G,B,B,A,H,-,A,D,0,Y,,,,Y,,A,01,1,0,0,0,1,0,0,0,0,"- ","- ",,,"SANTA CRUZ",WATSONVILLE,-121.78739166259766,36.932090759277344
8611216,2018,2018-05-29,4403,2018-04-17,1855,281,34,2,5,4,4403,0,0,0,,0,003,"CRESTVIEW DR","BREWINGTON AV",294.00,E,N,A,-,N,,,,,,,,,,N,2,0,1,1,C,-,18,,,N,H,A,A,A,H,-,A,D,0,,,,,Y,,-,"- ",1,0,0,0,0,0,0,0,0,"- ","- ",,,"SANTA CRUZ",WATSONVILLE,-121.75875091552734,36.928123474121094
8632089,2018,2018-07-13,4402,2018-05-11,0724,140,4402,5,5,5,4402,0,0,0,,0,,"CENTER ST","PACIFIC AV",0.00,,Y,B,-,N,,,,,,,,,,N,2,0,1,2,A,-,09,21803,A,N,D,G,A,A,H,-,A,D,0,,Y,,,Y,,D,22,1,0,0,0,0,0,1,0,0,"- ","- ",,,"SANTA CRUZ","SANTA CRUZ",,
8638934,2018,2018-07-30,4401,2018-05-17,1437,482,4401,4,5,3,4401,0,0,0,,0,007,"HILL ST","ROSEDALE AV",177.00,W,N,A,-,N,,,,,,,,,,N,2,0,1,2,A,-,05,21650,1,N,D,G,A,A,H,-,A,D,0,,Y,,,Y,,L,04,1,0,0,0,0,0,1,0,0,"- ","- ",,,"SANTA CRUZ",CAPITOLA,-121.95070648193359,36.981330871582031
8648046,2018,2020-05-22,4403,2018-06-24,0427,381,2-23,7,5,4,4403,0,0,0,,0,002,"MAIN ST",CROSSROADS,0.00,,Y,B,-,Y,SCR,5,152,-,T,1.384,I,6,E,Y,1,1,0,1,A,-,03,22350,,N,E,I,A,A,H,-,C,A,0,,,,,Y,,A,01,0,0,0,0,0,0,0,0,0,"- ","- ",,,"SANTA CRUZ",WATSONVILLE,-121.78079223632812,36.918125152587891
8710761,2018,2019-01-10,4403,2018-10-09,1245,0459,526,2,5,4,4403,0,0,0,,0,005,"MAIN ST","GREEN VALLEY RD",16.00,S,N,A,-,Y,SCR,5,152,-,T,1.195,I,5,W,N,2,0,1,2,A,-,05,21650,1,N,D,G,A,A,H,-,A,A,0,,Y,,,Y,,L,04,1,0,0,0,0,0,1,0,0,"- ","- ",,,"SANTA CRUZ",WATSONVILLE,-121.78385162353516,36.918659210205078
8734022,2018,2018-11-13,4403,2018-10-09,2115,324,539,2,5,4,4403,0,0,0,,0,005,"FREEDOM BL","EMME LN",8.00,S,N,B,-,N,,,,,,,,,,N,2,0,1,2,A,-,11,21950,B,N,G,B,D,A,H,-,C,D,0,Y,,,,Y,,N,60,1,0,0,0,1,0,0,0,0,"- ","- ",,,"SANTA CRUZ",WATSONVILLE,-121.78081512451172,36.939895629882812
8746493,2018,2018-12-19,4403,2018-11-02,0930,381,"2  23",5,5,4,4403,0,0,0,,0,002,"HARKINS SLOUGH RD","OHLONE PKWY",323.00,W,N,A,-,N,,,,,,,,,,N,2,0,1,2,A,-,16,24002,A,N,G,B,F,A,H,-,A,D,0,Y,,,,Y,,B,07,1,0,0,0,1,0,0,0,0,"- ","- ",,,"SANTA CRUZ",WATSONVILLE,-121.77947998046875,36.915153503417969
8749594,2018,2019-01-24,4403,2018-10-27,2050,6110,526,6,5,4,4403,0,0,0,,0,005,"GREEN VALLEY RD","MAIN ST",0.00,,Y,A,-,Y,SCR,5,152,-,T,1.195,I,5,W,Y,2,0,1,2,A,-,12,21453,A,N,D,C,A,A,H,-,C,A,0,,,,,Y,,A,01,1,0,0,0,0,0,0,0,0,"- ","- ",,,"SANTA CRUZ",WATSONVILLE,-121.78385162353516,36.918659210205078
8756500,2018,2018-12-19,4402,2018-06-16,1306,820,,6,5,5,4402,0,0,0,,0,,"HAGAR DR","HAGAR DR 350",40.00,N,N,F,-,N,,,,,,,,,,N,2,0,1,1,A,-,03,22350,,N,H,I,A,B,G,-,A,D,0,,Y,,,Y,,L,04,1,0,0,0,0,0,1,0,0,"- ","- ",36.981418609619141,-122.04911041259766,"SANTA CRUZ","SANTA CRUZ",-122.05524444580078,36.998027801513672
8762870,2018,2018-12-27,4402,2018-11-13,1857,184,4402,2,5,5,4402,0,0,0,,0,,"HIGH ST","TOSCA TER",0.00,,Y,A,-,N,,,,,,,,,,N,2,0,1,2,D,-,00,,,N,G,B,D,A,H,-,C,D,0,Y,,,,Y,,-,"- ",1,0,0,0,1,0,0,0,0,"- ","- ",,,"SANTA CRUZ","SANTA CRUZ",-122.05979919433594,36.98052978515625
8764309,2018,2019-01-04,4402,2018-11-11,1534,124,4402,7,5,5,4402,0,0,0,,0,000,"WEST CLIFF DR","ALMAR AV",0.00,,Y,A,-,N,,,,,,,,,,Y,2,0,1,2,A,-,06,21750,A,N,D,C,A,A,H,-,A,D,0,,,Y,,Y,,C,02,1,0,0,0,0,0,0,0,1,"- ","- ",,,"SANTA CRUZ","SANTA CRUZ",-122.04205322265625,36.952388763427734
8773631,2018,2019-02-15,4404,2018-12-19,0544,5150,4404,3,5,3,4404,0,0,0,,0,00S,"MT HERMON RD","EL RANCHO DR",40.00,S,N,B,-,Y,SCR,5,17,-,-,2.176,R,4,N,Y,2,0,1,2,A,-,09,21801,A,N,A,C,A,A,H,-,C,A,0,,,Y,,Y,,A,01,1,0,0,0,0,0,0,0,1,"- ","- ",37.034030914306641,-122.02117919921875,"SANTA CRUZ","SCOTTS VALLEY",-122.02779388427734,37.018966674804688
8791817,2019,2019-02-15,4403,2019-01-02,1046,335,525,3,5,4,4403,0,0,0,,0,005,"MAIN ST","GREEN VALLEY RD",60.00,N,N,A,-,Y,SCR,5,152,-,T,0.660,H,-,E,Y,2,0,1,2,A,-,03,22350,,N,D,C,A,A,H,-,A,A,0,,,,Y,Y,Y,A,07,1,0,0,0,0,0,0,0,0,"- ","- ",,,"SANTA CRUZ",WATSONVILLE,-121.78601837158203,36.919002532958984
8799841,2019,2019-02-14,4403,2019-01-22,1632,381,109,2,5,4,4403,0,0,0,,0,001,"RODRIGUEZ ST","2ND ST",0.00,,Y,A,-,N,,,,,,,,,,Y,2,0,1,2,A,-,12,22450,A,N,D,G,A,A,H,-,A,A,0,,Y,,,Y,,L,04,1,0,0,0,0,0,1,0,0,"- ","- ",,,"SANTA CRUZ",WATSONVILLE,-121.75679779052734,36.908321380615234
8800686,2019,2019-04-16,4403,2019-02-01,2152,4059,527,5,5,4,4403,0,0,0,,0,005,"AIRPORT BL","FREEDOM BL",244.00,E,N,C,-,N,,,,,,,,,,N,2,0,1,2,A,-,11,21954,A,N,G,B,D,B,H,-,D,D,0,Y,,,,Y,Y,N,60,1,0,0,0,1,0,0,0,0,"- ","- ",,,"SANTA CRUZ",WATSONVILLE,-121.77758026123047,36.938961029052734
8808240,2019,2019-06-18,4402,2019-05-01,1404,165,4402,3,5,5,4402,0,0,0,,0,000,"OCEAN ST","KENNAN ST",120.00,S,N,A,-,N,,,,,,,,,,N,1,1,0,2,A,-,08,22107,,N,C,G,A,A,H,-,A,D,0,,Y,,,Y,,L,04,0,0,0,0,0,1,0,0,0,"- ","- ",,,"SANTA CRUZ","SANTA CRUZ",-122.02243041992188,36.982410430908203
8834238,2019,2019-04-11,4402,2019-03-15,1100,169,SANTA,5,5,5,4402,0,0,0,,0,,"LA FONDA AV","SOQUEL AV",587.00,N,N,A,-,N,,,,,,,,,,Y,2,0,4,4,A,-,03,22350,,N,G,E,A,A,H,-,A,D,0,,,,,Y,,A,01,1,2,1,0,0,0,0,0,0,"- ","- ",,,"SANTA CRUZ","SANTA CRUZ",-121.99576568603516,36.984653472900391
8872583,2019,2019-06-10,4402,2019-04-12,0851,165,4402,5,5,5,4402,0,0,0,,0,000,BROADWAY,"ROBERTS AV",125.00,E,N,A,-,N,,,,,,,,,,N,2,0,1,2,A,-,17,22517,,N,H,G,A,A,H,-,A,D,0,,Y,,,Y,,A,01,1,0,0,0,0,0,1,0,0,"- ","- ",,,"SANTA CRUZ","SANTA CRUZ",-122.02005767822266,36.972454071044922
8884551,2019,2019-06-25,4402,2019-06-09,1252,194,4402,7,5,5,4402,0,0,0,,0,00W,"MISSION ST","BURKETT ST",91.00,W,N,A,-,N,,,,,,,,,,N,2,0,1,1,C,-,18,,,N,F,J,A,A,H,-,A,D,0,,Y,,,Y,,-,"- ",1,0,0,0,0,0,1,0,0,"- ","- ",,,"SANTA CRUZ","SANTA CRUZ",-122.05929565429688,36.959827423095703
8910838,2020,2022-06-14,4403,2020-02-25,2056,358,"3 6",2,5,4,4403,0,0,0,,0,003,"FREEDOM BL","MILES LN",322.00,W,N,A,-,N,,,,,,,,,,N,1,1,0,2,A,-,11,21954,A,F,G,B,D,A,H,-,C,D,0,Y,,,,Y,Y,N,60,0,0,0,1,0,0,0,0,0,"- ","- ",,,"SANTA CRUZ",WATSONVILLE,-121.76211547851562,36.923667907714844
8911701,2020,2021-01-27,4403,2020-07-20,1255,381,2-20,1,5,4,4403,0,0,0,,0,002,"BEACH ST","RODRIGUEZ ST",90.00,E,N,A,-,N,,,,,,,,,,N,2,0,1,1,C,-,18,,,N,E,I,A,A,H,-,A,D,0,,Y,,,Y,,-,"- ",1,0,0,0,0,0,1,0,0,"- ","- ",,,"SANTA CRUZ",WATSONVILLE,-121.75778961181641,36.909610748291016
8913386,2019,2020-01-31,4402,2019-07-10,1423,141,SANTA,3,5,5,4402,0,0,0,,0,4402,"OCEAN ST","OCEAN ST EXT",0.00,,Y,A,-,Y,SCR,5,1,-,-,17.331,R,4,S,Y,2,0,1,2,A,-,09,21801,A,N,D,C,A,A,H,-,A,D,0,,,Y,,Y,,A,01,1,0,0,0,0,0,0,0,1,"- ","- ",,,"SANTA CRUZ","SANTA CRUZ",-122.02604675292969,36.985462188720703
8939426,2019,2019-12-26,4401,2019-10-31,1715,527,4401,4,5,3,4401,0,0,0,,0,003,"38TH AV","BROMMER ST",0.00,,Y,A,-,N,,,,,,,,,,N,1,1,0,2,A,-,08,22107,,N,G,B,B,A,H,-,A,A,0,Y,,,,Y,,D,22,0,0,0,1,0,0,0,0,0,"- ","- ",,,"SANTA CRUZ",CAPITOLA,-121.96734619140625,36.970241546630859
8939711,2023,2025-06-28,4401,2023-11-18,2023,523,4401,6,5,3,4401,0,0,0,,0,,"CROSSROADS LP","BAY AV",0.00,,Y,C,-,N,,,,,,,,,,N,1,1,0,2,A,-,03,22350,,F,G,B,-,B,H,-,C,A,0,Y,,,,Y,,A,01,0,0,0,1,0,0,0,0,0,"- ","- ",,,"SANTA CRUZ",CAPITOLA,,
8985603,2019,2020-02-28,4402,2019-10-10,1249,165,4402,4,5,5,4402,0,0,0,,0,,"RT 1","WESTERN DR",0.00,,Y,B,-,Y,SCR,5,1,-,-,20.090,I,5,N,Y,2,0,1,2,A,-,09,21800,D,N,D,C,A,A,H,-,A,B,0,,,Y,,Y,,C,02,1,0,0,0,0,0,0,0,1,"- ","- ",,,"SANTA CRUZ","SANTA CRUZ",-122.05667877197266,36.960914611816406
8986536,2019,2019-12-18,4402,2019-10-12,1410,181,4402,6,5,5,4402,0,0,0,,0,00C,"RIVER ST","FERN ST",92.00,S,N,A,-,N,,,,,,,,,,N,2,0,1,1,A,-,03,22350,,N,F,A,A,A,B,-,A,D,0,,,Y,,Y,,C,02,1,0,0,0,0,0,0,0,1,"- ","- ",,,"SANTA CRUZ","SANTA CRUZ",-122.03004455566406,36.985736846923828
90014266,2015,2015-10-19,9720,2015-08-29,1920,018976,,6,2,9,4400,0,2,4,,1,032,"HOLOHAN RD","LAKEN DR",1056.00,W,N,A,-,N,,,,,,,,,,Y,2,0,1,1,A,-,08,22107,,N,E,I,A,A,H,-,B,D,0,,,,,Y,,A,01,1,0,0,0,0,0,0,0,0,"- ","- ",36.936860000000003,-121.74784,"SANTA CRUZ",UNINCORPORATED,-121.74867996,36.937250450000001
90015452,2015,2015-10-19,9720,2015-08-31,2142,020562,,1,2,9,4400,0,3,5,,2,100,SR-9,"SHINGLE MILL RD",50.00,S,N,A,-,Y,,,9,,,,,,,Y,2,0,1,1,A,-,01,23152,E,N,E,I,A,A,H,-,D,D,0,,,,,Y,,A,01,1,0,0,0,0,0,0,0,0,"- ","- ",37.248820000000002,-122.15423,"SANTA CRUZ",UNINCORPORATED,-122.15417859,37.24880795
90016911,2015,2015-10-19,9720,2015-08-30,1100,018083,,7,1,9,4400,0,3,5,,2,200,"HIGHLAND WAY","SPANISH RANCH RD",9504.00,E,N,A,-,N,,,,,,,,,,N,2,0,1,1,A,-,03,22350,,N,F,A,A,A,A,-,A,D,0,,Y,,,Y,,L,04,1,0,0,0,0,0,1,0,0,"- ","- ",37.096899999999998,-121.87905000000001,"SANTA CRUZ",UNINCORPORATED,-121.87916078000001,37.096876700000003
90017803,2015,2015-10-19,9720,2015-09-05,1550,019653,,6,2,9,4400,0,1,3,,1,035,SR-129,"MURPHY CROSSING RD",7920.00,E,N,A,-,Y,,,129,,,,,,,Y,2,0,1,1,A,-,08,22107,,N,E,I,A,A,H,-,A,D,0,,,Y,,Y,,C,02,1,0,0,0,0,0,0,0,1,"- ","- ",36.905410000000003,-121.61351000000001,"SANTA CRUZ",UNINCORPORATED,-121.61310648,36.905992959999999
90018243,2015,2015-10-19,9720,2015-09-06,0919,18239,,7,1,9,4400,0,1,3,,1,010,SR-1,"BONNY DOON RD",528.00,S,N,A,-,Y,,,1,,,,,,,N,2,0,1,1,A,-,03,22350,,N,E,I,A,A,D,-,A,D,0,,Y,,,Y,,L,04,1,0,0,0,0,0,1,0,0,"- ","- ",36.999789999999997,-122.17908,"SANTA CRUZ",UNINCORPORATED,-122.17911346,36.99975105
90018655,2015,2015-10-19,9720,2015-09-07,0055,019692,,1,3,9,4400,0,2,4,,1,016,"GRAHAM HILL RD","LOCKWOOD LN",1056.00,N,N,A,-,N,,,,,,,,,,Y,2,0,1,1,A,-,01,23152,A,N,E,I,A,A,H,-,D,D,0,,,Y,,Y,Y,C,02,1,0,0,0,0,0,0,0,1,"- ","- ",37.041939999999997,-122.04722,"SANTA CRUZ",UNINCORPORATED,-122.04405742,37.039409360000001
90019363,2015,2015-10-19,9720,2015-09-10,2308,018394,,4,3,9,4400,0,2,4,,1,032,"HOLOHAN RD","GRIMMER RD",528.00,N,N,A,-,N,,,,,,,,,,Y,2,0,1,1,A,-,01,23152,A,N,E,I,A,A,H,-,D,D,0,,,,,Y,Y,D,23,1,0,0,0,0,0,0,0,0,"- ","- ",36.939149999999998,-121.75673,"SANTA CRUZ",UNINCORPORATED,-121.75741417,36.939135790000002