CASE_ID,ACCIDENT_YEAR,PROC_DATE,JURIS,COLLISION_DATE,COLLISION_TIME,OFFICER_ID,REPORTING_DISTRICT,DAY_OF_WEEK,CHP_SHIFT,POPULATION,CNTY_CITY_LOC,SPECIAL_COND,BEAT_TYPE,CHP_BEAT_TYPE,CITY_DIVISION_LAPD,CHP_BEAT_CLASS,BEAT_NUMBER,PRIMARY_RD,SECONDARY_RD,DISTANCE,DIRECTION,INTERSECTION,WEATHER_1,WEATHER_2,STATE_HWY_IND,CALTRANS_COUNTY,CALTRANS_DISTRICT,STATE_ROUTE,ROUTE_SUFFIX,POSTMILE_PREFIX,POSTMILE,LOCATION_TYPE,RAMP_INTERSECTION,SIDE_OF_HWY,TOW_AWAY,COLLISION_SEVERITY,NUMBER_KILLED,NUMBER_INJURED,PARTY_COUNT,PRIMARY_COLL_FACTOR,PCF_CODE_OF_VIOL,PCF_VIOL_CATEGORY,PCF_VIOLATION,PCF_VIOL_SUBSECTION,HIT_AND_RUN,TYPE_OF_COLLISION,MVIW,PED_ACTION,ROAD_SURFACE,ROAD_COND_1,ROAD_COND_2,LIGHTING,CONTROL_DEVICE,CHP_ROAD_TYPE,PEDESTRIAN_ACCIDENT,BICYCLE_ACCIDENT,MOTORCYCLE_ACCIDENT,TRUCK_ACCIDENT,NOT_PRIVATE_PROPERTY,ALCOHOL_INVOLVED,STWD_VEHTYPE_AT_FAULT,CHP_VEHTYPE_AT_FAULT,COUNT_SEVERE_INJ,COUNT_VISIBLE_INJ,COUNT_COMPLAINT_PAIN,COUNT_PED_KILLED,COUNT_PED_INJURED,COUNT_BICYCLIST_KILLED,COUNT_BICYCLIST_INJURED,COUNT_MC_KILLED,COUNT_MC_INJURED,PRIMARY_RAMP,SECONDARY_RAMP,LATITUDE,LONGITUDE,COUNTY,CITY,POINT_X,POINT_Y
90023960,2015,2015-10-19,9720,2015-09-20,0950,18239,,7,1,9,4400,0,1,3,,1,015,SR-9,"SAN LORENZO WAY",340.00,N,N,A,-,Y,,,9,,,,,,,Y,2,0,2,2,A,-,09,21804,A,N,D,C,A,A,H,-,A,D,0,,,Y,,Y,,A,07,2,0,0,0,0,0,0,0,2,"- ","- ",37.058230000000002,-122.07743000000001,"SANTA CRUZ",UNINCORPORATED,-122.07743901000001,37.058209329999997
90029387,2015,2015-10-19,9720,2015-09-24,1800,019702,,4,2,9,4400,0,1,3,,2,020,"SR-1 N/B FROM STATE PARK DRIVE","OLD DOMINION CT",70.00,W,N,A,-,Y,,,1,,,,R,,N,N,2,0,1,2,A,-,10,21950,A,N,G,B,C,A,H,-,A,A,0,Y,,,,Y,,A,01,1,0,0,0,1,0,0,0,0,"- ","- ",36.978839999999998,-121.90967999999999,"SANTA CRUZ",UNINCORPORATED,-121.90967999999999,36.978839999999998
90041542,2015,2015-10-30,9720,2015-10-11,0555,020677,,7,3,9,4400,0,1,3,,2,020,"SR-1 N/B TO SOQUEL DR.","SOQUEL DR",500.00,S,N,A,-,Y,,,1,,,,R,,N,Y,2,0,1,1,A,-,01,23152,A,N,E,J,A,A,H,-,C,D,0,,,,,Y,Y,A,01,1,0,0,0,0,0,0,0,0,"- ","- ",36.987259999999999,-121.98399999999999,"SANTA CRUZ",UNINCORPORATED,-121.98399999999999,36.987259999999999
90048324,2015,2015-11-10,9720,2015-10-07,1625,019978,,3,2,9,4400,0,3,5,,2,100,"HUTCHINSON RD","OAK FLAT RD",500.00,N,N,A,-,N,,,,,,,,,,N,2,0,1,2,D,-,00,,,N,H,G,A,A,H,-,A,D,0,,Y,,,Y,,-,"- ",1,0,0,0,0,0,1,0,0,"- ","- ",37.075400000000002,-122,"SANTA CRUZ",UNINCORPORATED,-121.99985358000001,37.131972490000003
90051879,2015,2015-11-16,9720,2015-10-31,1947,021116,,6,2,9,4400,0,2,4,,1,024,"CHANTICLEER AVE","CAPITOLA RD",0.00,,Y,A,-,N,,,,,,,,,,N,2,0,1,2,A,-,11,21954,A,N,G,B,D,A,H,-,C,A,0,Y,,,,Y,,N,60,1,0,0,0,1,0,0,0,0,"- ","- ",36.975569999999998,-121.98068000000001,"SANTA CRUZ",UNINCORPORATED,-121.98061994,36.975590080000003
9005792,2019,2020-03-02,4402,2019-09-21,1330,171,4402,6,5,5,4402,0,0,0,,0,000,"MURRAY ST","MOTT AV",14.00,W,N,A,-,N,,,,,,,,,,N,2,0,1,2,A,-,09,21802,A,N,H,G,A,A,H,-,A,D,0,,Y,,,Y,,L,04,1,0,0,0,0,0,1,0,0,"- ","- ",,,"SANTA CRUZ","SANTA CRUZ",-122.00904846191406,36.966999053955078
90079045,2015,2015-12-21,9720,2015-11-02,2500,018601,,1,4,9,4400,0,3,5,,2,100,"E. ZAYANTE RD.","W. ZAYANTE RD.",224.00,N,N,A,-,N,,,,,,,,,,Y,1,1,0,1,A,-,01,23152,F,N,E,I,A,A,H,-,D,D,0,,,,,Y,Y,A,01,0,0,0,0,0,0,0,0,0,"- ","- ",37.060360000000003,-122.0577,"SANTA CRUZ",UNINCORPORATED,-122.05817584,37.059922
90084444,2015,2015-12-29,9720,2015-11-01,1801,021045,,7,2,9,4400,0,2,4,,1,032,"HOLOHAN RD","GREEN VALLEY RD",1904.00,E,N,A,-,N,,,,,,,,,,Y,1,2,1,2,A,-,01,23152,E,N,A,C,A,A,H,-,C,D,0,,,,,Y,,D,22,1,0,0,0,0,0,0,0,0,"- ","- ",36.939830000000001,-121.76439999999999,"SANTA CRUZ",UNINCORPORATED,-121.7632069,36.939617640000002
90088031,2015,2016-01-05,9720,2015-11-30,0802,021116,,1,1,9,4400,0,1,3,,1,034,SR-152,"CARLTON RD",2112.00,E,N,A,-,Y,,,152,,,,,,,Y,2,0,2,2,A,-,05,21460,A,N,A,C,A,A,H,-,A,D,0,,,,,Y,,A,01,1,0,1,0,0,0,0,0,0,"- ","- ",36.961030000000001,-121.72230999999999,"SANTA CRUZ",UNINCORPORATED,-121.72226609000001,36.961001539999998
90092796,2015,2016-01-11,9720,2015-11-10,1550,019956,,2,2,9,4400,0,3,5,,2,100,"EAST ZAYANTE RD","QUAIL HOLLOW RD",10.00,S,N,A,-,N,,,,,,,,,,Y,1,1,0,2,A,-,05,21460,A,N,A,C,A,A,H,-,A,D,0,,,Y,,Y,,C,02,0,0,0,0,0,0,0,1,0,"- ","- ",37.074210000000001,-122.05534,"SANTA CRUZ",UNINCORPORATED,-122.05524144,37.07426856
9010284,2019,2020-01-03,4403,2019-10-27,0459,406,"3 6",7,5,4,4403,0,0,0,,0,003,"FREEDOM BL","STANFORD ST",43.00,N,N,A,-,N,,,,,,,,,,N,2,0,1,3,A,-,08,22107,,F,G,B,E,A,H,-,C,D,0,Y,,,,Y,,D,22,1,0,0,0,1,0,0,0,0,"- ","- ",,,"SANTA CRUZ",WATSONVILLE,-121.76079559326172,36.920475006103516
90139969,2016,2016-03-21,9720,2016-02-28,1836,021161,,7,2,9,4400,0,2,4,,1,031,"FREEDOM BLVD","VALENCIA RD",200.00,S,N,A,-,N,,,,,,,,,,Y,2,0,1,2,A,-,03,22350,,N,G,B,E,A,B,-,D,D,0,Y,,,,Y,,A,01,1,0,0,0,1,0,0,0,0,"- ","- ",36.983040000000003,-121.86382,"SANTA CRUZ",UNINCORPORATED,-121.86466539,36.98103716
90143377,2016,2016-03-24,9720,2016-03-15,0847,015170,,2,1,9,4400,0,1,3,,1,017,"SR-17 N/B","MT HERMON RD",1056.00,S,N,A,-,Y,,,17,,,,,,N,Y,2,0,1,1,A,-,08,22107,,N,F,A,A,A,H,-,A,D,0,,,Y,,Y,,C,02,1,0,0,0,0,0,0,0,1,"- ","- ",37.03116,-122.02278,"SANTA CRUZ",UNINCORPORATED,-122.02281066,37.03116558
90150626,2016,2016-04-05,9720,2016-03-16,1450,018394,,3,2,9,4400,0,3,5,,2,300,"LARKIN VALLEY RD","WHITE RD",528.00,N,N,A,-,N,,,,,,,,,,Y,2,0,1,1,A,-,03,22350,,N,E,I,A,A,H,-,A,D,0,,,,,Y,,A,01,1,0,0,0,0,0,0,0,0,"- ","- ",36.957520000000002,-121.85439,"SANTA CRUZ",UNINCORPORATED,-121.85332305,36.957625890000003
90164243,2016,2016-04-25,9720,2016-03-17,1950,020562,,4,2,9,4400,0,2,4,,1,024,"EAST CLIFF DR.","MORAN LAKE BEACH",254.00,W,N,A,-,N,,,,,,,,,,N,2,0,1,2,A,-,03,22350,,N,G,B,E,A,H,-,D,D,0,Y,,,,Y,Y,A,07,1,0,0,0,1,0,0,0,0,"- ","- ",36.9572,-121.979,"SANTA CRUZ",UNINCORPORATED,-121.97863966,36.95724156
90164566,2016,2016-05-04,9720,2016-04-14,1205,018743,,4,1,9,4400,0,1,3,,1,010,SR-1,"COAST ROAD",1584.00,S,N,A,-,Y,,,1,,,,,,,N,2,0,1,2,A,-,09,21801,A,N,D,G,A,A,H,-,A,D,0,,Y,,,Y,,A,01,1,0,0,0,0,0,1,0,0,"- ","- ",36.962069999999997,-122.08517000000001,"SANTA CRUZ",UNINCORPORATED,-122.08517375,36.962132840000002
90184227,2016,2016-05-23,9720,2016-05-07,1805,018071,,6,2,9,4400,0,2,4,,1,021,"SOQUEL DR","APTOS ST",528.00,E,N,A,-,N,,,,,,,,,,N,2,0,1,1,A,-,17,21200,,N,E,I,A,A,H,-,A,D,0,,Y,,,Y,Y,L,04,1,0,0,0,0,0,1,0,0,"- ","- ",36.975720000000003,-121.89802,"SANTA CRUZ",UNINCORPORATED,-121.89673734,36.975602219999999
90185356,2015,2016-05-23,9720,2015-10-26,1155,015349,,1,1,9,4400,0,3,5,,2,300,"MT. MADONNA ROAD","HAZEL DELL RD",5808.00,N,N,A,-,N,,,,,,,,,,Y,1,1,2,1,A,-,03,22350,,N,F,A,A,A,H,-,A,D,0,,,,Y,Y,,F,26,0,1,1,0,0,0,0,0,0,"- ","- ",36.9998,-121.73054,"SANTA CRUZ",UNINCORPORATED,-121.73095505000001,37.000391980000003
90185647,2016,2016-05-24,9720,2016-05-10,0835,015170,,2,1,9,4400,0,3,5,,2,100,"EMPIRE GRADE RD","MC GIVERN WAY",518.00,S,N,B,-,N,,,,,,,,,,Y,2,0,2,3,A,-,05,21460,,N,A,C,A,A,H,-,A,D,0,,,,,Y,,A,01,1,1,0,0,0,0,0,0,0,"- ","- ",37.472200000000001,-122.7974,"SANTA CRUZ",UNINCORPORATED,-122.11529598,37.053197969999999
90193272,2016,2016-06-02,9720,2016-05-28,2230,021227,,6,3,9,4400,0,3,5,,2,200,"SUMNER AVE","VIA NOVELLA",150.00,S,N,A,-,N,,,,,,,,,,Y,2,0,3,1,A,-,03,22350,,N,E,I,A,A,H,-,C,D,0,,,,,Y,Y,A,01,1,1,1,0,0,0,0,0,0,"- ","- ",36.986460000000001,-121.9547,"SANTA CRUZ",UNINCORPORATED,-121.8708,36.945369999999997
90193354,2016,2016-06-02,9720,2016-05-31,1140,018083,,2,1,9,4400,0,3,5,,2,200,"MESA DRIVE","VIENNA DRIVE",190.00,E,N,A,-,N,,,,,,,,,,N,2,0,1,1,A,-,03,22350,,N,F,A,A,A,A,G,A,D,0,,Y,,,Y,,L,04,1,0,0,0,0,0,1,0,0,"- ","- ",36.988199999999999,-121.91763,"SANTA CRUZ",UNINCORPORATED,-121.91734984,36.988189149999997
90197625,2016,2016-06-09,9720,2016-05-29,1830,021211,,7,2,9,4400,0,1,3,,2,020,"SR-1 N/B","EMELINE AVE",1056.00,N,N,A,-,Y,,,1,,,,,,N,Y,2,0,1,1,A,-,01,23152,A,N,E,I,A,A,H,-,A,D,0,,,,,Y,Y,A,01,1,0,0,0,0,0,0,0,0,"- ","- ",36.990729999999999,-122.02221,"SANTA CRUZ",UNINCORPORATED,-122.02226349999999,36.99073198
90205142,2016,2016-06-20,9720,2016-06-11,0955,021270,,6,1,9,4400,0,2,4,,1,021,"SOQUEL DR","RIO DEL MAR BLVD",528.00,W,N,A,-,N,,,,,,,,,,N,2,0,1,1,A,-,03,22350,,N,F,A,A,A,H,-,A,D,0,,Y,,,Y,,L,04,1,0,0,0,0,0,1,0,0,"- ","- ",36.9756,-121.88639000000001,"SANTA CRUZ",UNINCORPORATED,-121.88635945,36.975636899999998
90208220,2016,2016-07-13,9720,2016-06-16,1955,020562,,4,2,9,4400,0,1,3,,1,017,"SR-17 N/B","ALTA VISTA LN",200.00,S,N,A,-,Y,,,17,,,,,,N,Y,2,0,2,1,A,-,01,23153,A,N,E,I,A,A,H,-,A,D,0,,,,,Y,Y,A,07,1,1,0,0,0,0,0,0,0,"- ","- ",37.126660000000001,-121.9739,"SANTA CRUZ",UNINCORPORATED,-121.97403721000001,37.126475370000001
90213043,2016,2016-06-30,9720,2016-06-17,0810,021270,,5,1,9,4400,0,1,3,,1,034,SR-152,"CARLTON RD",2640.00,E,N,A,-,Y,,,152,,,,,,,Y,2,0,3,2,A,-,05,21460,A,N,A,C,A,A,H,-,A,D,0,,,,,Y,,A,07,2,0,1,0,0,0,0,0,0,"- ","- ",36.960940000000001,-121.72230999999999,"SANTA CRUZ",UNINCORPORATED,-121.72230755,36.96093802
90226978,2016,2016-07-20,9720,2016-05-30,1635,019589,,1,2,5,4402,0,1,3,,2,020,"SR-1 N/B TO SR-17 N/B","EMELINE AVE",891.00,N,N,A,-,Y,,,1,,,,R,,N,Y,1,1,0,1,A,-,01,23152,A,N,E,I,A,A,H,-,A,D,0,,,,,Y,Y,A,01,0,0,0,0,0,0,0,0,0,"- ","- ",36.99044,-122.02076,"SANTA CRUZ","SANTA CRUZ",-122.02076,36.99044
90227152,2016,2016-07-21,9720,2016-07-11,2316,021044,,1,3,9,4400,0,3,5,,2,300,"ROBAK DR","MAR MONTE AVE",0.00,,Y,A,-,N,,,,,,,,,,Y,2,0,1,1,A,-,12,22450,A,N,E,I,A,A,H,-,D,A,0,,,,,Y,,D,22,1,0,0,0,0,0,0,0,0,"- ","- ",36.943829999999998,-121.85496999999999,"SANTA CRUZ",UNINCORPORATED,-121.85501996000001,36.943640090000002
90233219,2016,2016-07-29,9720,2016-07-17,0334,019702,,7,3,9,4400,0,1,3,,2,020,"SR-1 N/B","STATE PARD DR",5280.00,N,N,A,-,Y,,,1,,,,,,N,Y,2,0,1,1,A,-,01,23152,A,N,E,I,A,A,H,-,A,D,0,,,,,Y,Y,D,22,1,0,0,0,0,0,0,0,0,"- ","- ",36.981279999999998,-121.91658,"SANTA CRUZ",UNINCORPORATED,-121.91657877999999,36.981282819999997
90235615,2016,2016-08-02,9720,2016-07-23,0123,019702,,6,3,9,4400,0,3,5,,2,200,"BRANCIFORTE DR","FAST LN",4224.00,N,N,A,-,N,,,,,,,,,,Y,2,0,1,1,A,-,03,22350,,N,E,I,A,A,H,-,D,D,0,,,,,Y,,A,01,1,0,0,0,0,0,0,0,0,"- ","- ",37.034210000000002,-121.98707,"SANTA CRUZ",UNINCORPORATED,-121.98416593,37.043517819999998
90236249,2016,2016-08-03,9720,2016-07-22,0948,021230,,5,1,9,4400,0,1,3,,1,035,SR-129,"CARLTON RD",528.00,E,N,A,-,Y,,,129,,,,,,,Y,2,0,2,2,A,-,01,23152,A,N,C,C,A,A,H,-,A,D,0,,,,,Y,Y,A,01,1,0,1,0,0,0,0,0,0,"- ","- ",36.924140000000001,-121.6977,"SANTA CRUZ",UNINCORPORATED,-121.69769868,36.924147589999997
90241759,2016,2016-08-10,9720,2016-07-30,1530,020805,,6,2,9,4400,0,1,3,,1,034,SR-152,"RED HAWK PLACE",528.00,E,N,A,-,Y,,,152,,,,,,,Y,2,0,1,1,A,-,08,22107,,N,E,I,A,A,H,-,A,D,0,,,Y,,Y,,C,02,1,0,0,0,0,0,0,0,1,"- ","- ",36.975099999999998,-121.7149,"SANTA CRUZ",UNINCORPORATED,-121.71490102999999,36.975046640000002
90249267,2016,2016-08-22,9720,2016-02-20,2300,020562,,6,3,9,4400,0,1,3,,2,020,"SR-1 S/B","CAPITOLA AVE",1.00,N,N,A,-,Y,,,1,,,,,,S,N,1,1,0,2,C,-,18,,,N,G,B,E,A,H,-,D,D,0,Y,,,,Y,,-,"- ",0,0,0,1,0,0,0,0,0,"- ","- ",36.983629999999998,-121.95223,"SANTA CRUZ",UNINCORPORATED,-121.95223043999999,36.983634940000002
90260789,2016,2016-09-05,9720,2016-08-31,0811,021321,,3,1,9,4400,0,3,5,,2,300,"LARKIN VALLEY ROAD","SR-1 N/B TO LARKIN VALLEY ROAD",0.00,,Y,A,-,N,,,,,,,,,,Y,2,0,1,2,A,-,09,21802,A,N,B,C,A,A,H,-,A,A,0,,,Y,,Y,,A,01,1,0,0,0,0,0,0,0,1,"- ","- ",36.92577,-121.79749,"SANTA CRUZ",UNINCORPORATED,-121.86177582000001,36.962760379999999
90269964,2016,2016-09-19,9720,2016-09-03,1950,020640,,6,2,9,4400,0,2,4,,1,021,"SOQUEL DR","RESEARCH PARK DR",25.00,E,N,A,-,N,,,,,,,,,,N,2,0,1,2,A,-,03,22350,,F,G,B,D,A,H,-,C,A,0,Y,,,,Y,,A,01,1,0,0,0,1,0,0,0,0,"- ","- ",36.987380000000002,-121.9683,"SANTA CRUZ",UNINCORPORATED,-121.96838807,36.987350069999998
90272901,2016,2016-09-21,9720,2016-09-08,1745,020245,,4,2,9,4400,0,2,4,,1,021,"TROUT GULCH RD","CATHEDRAL DR",0.00,,Y,A,-,N,,,,,,,,,,Y,2,0,1,2,A,-,01,23152,A,M,B,C,A,A,H,-,A,D,0,,,,,Y,Y,A,07,1,0,0,0,0,0,0,0,0,"- ","- ",36.97869,-121.89915000000001,"SANTA CRUZ",UNINCORPORATED,-121.89914991000001,36.978710020000001
90292728,2016,2016-10-17,9720,2016-09-24,2324,021211,,6,3,9,4400,0,3,5,,2,100,"MOUNT HERMON RD","GRAHAM HILL RD",528.00,E,N,A,-,N,,,,,,,,,,Y,2,0,1,2,A,-,03,22350,,N,F,A,A,A,H,-,D,D,0,,,Y,,Y,,C,02,1,0,0,0,0,0,0,0,1,"- ","- ",37.053579999999997,-122.06928000000001,"SANTA CRUZ",UNINCORPORATED,-122.06963441000001,37.053298429999998
90298185,2016,2016-10-21,9720,2016-10-06,1735,020562,,4,2,9,4400,0,2,4,,1,021,"SOQUEL DR","JAUNELL RD",0.00,,Y,A,-,N,,,,,,,,,,Y,2,0,1,2,A,-,09,21802,A,N,D,C,A,A,H,-,B,A,0,,,Y,,Y,,A,08,1,0,0,0,0,0,0,0,1,"- ","- ",36.973390000000002,-121.88042,"SANTA CRUZ",UNINCORPORATED,-121.88052994,36.97338001
90301516,2016,2016-10-26,9720,2016-10-14,1130,021230,,5,1,9,4400,0,1,3,,1,034,SR-152,"RED HAWK PL.",70.00,W,N,B,C,Y,,,152,,,,,,,Y,2,0,1,1,A,-,01,23152,A,N,E,J,A,B,H,-,D,D,0,,,,,Y,Y,A,01,1,0,0,0,0,0,0,0,0,"- ","- ",36.974440000000001,-121.71965,"SANTA CRUZ",UNINCORPORATED,-121.71963846,36.974437539999997
90316169,2016,2016-11-10,9720,2016-10-28,1200,021387,,5,1,9,4400,0,1,3,,1,017,"SR-17 S/B","MOUNT HERMON RD",686.00,N,N,B,C,Y,,,17,,,,,,S,Y,2,0,1,2,A,-,03,22350,,N,C,C,A,B,H,-,A,D,0,,,,,Y,,A,01,1,0,0,0,0,0,0,0,0,"- ","- ",37.036879999999996,-122.01909000000001,"SANTA CRUZ",UNINCORPORATED,-122.0190925,37.036884180000001
90328541,2016,2016-11-23,9720,2016-11-21,2255,021178,,1,3,9,4400,0,1,3,,1,015,SR-9,"BROWN GABLES RD",112.00,N,N,A,-,Y,,,9,,,,,,,Y,2,0,1,1,A,-,08,22107,,N,E,I,A,A,H,-,D,D,0,,,,,Y,,A,01,1,0,0,0,0,0,0,0,0,"- ","- ",37.092799999999997,-122.0963,"SANTA CRUZ",UNINCORPORATED,-122.09634997000001,37.09278329
90342954,2016,2016-12-13,9720,2016-11-14,1955,021248,,1,2,9,4400,0,1,3,,1,014,SR-9,"MADRONA RD",130.00,N,N,A,-,Y,,,9,,,,,,,Y,2,0,4,2,A,-,01,23152,A,N,D,C,A,A,H,-,D,D,0,,,,,Y,Y,D,22,2,1,1,0,0,0,0,0,0,"- ","- ",37.151679999999999,-122.13529,"SANTA CRUZ",UNINCORPORATED,-122.13530311,37.151725890000002
90345256,2016,2016-12-15,9720,2016-11-20,1145,018071,,7,1,9,4400,0,3,5,,2,200,"GLEN CANYON RD","BEEL DR",0.00,,Y,B,C,N,,,,,,,,,,N,2,0,1,2,A,-,09,21801,A,N,D,G,A,B,H,-,A,D,0,,Y,,,Y,,A,07,1,0,0,0,0,0,1,0,0,"- ","- ",37.003740000000001,-122.00963,"SANTA CRUZ",UNINCORPORATED,-122.00972998,37.002970060000003
90375897,2017,2017-01-24,9720,2017-01-20,1520,020640,,5,2,9,4400,0,1,3,,1,015,SR-9,"GLEN ARBOR RD",1450.00,N,N,B,C,Y,,,9,,,,,,,Y,2,0,1,1,C,-,18,,,N,E,J,A,B,H,-,A,A,0,,,,,Y,,-,"- ",1,0,0,0,0,0,0,0,0,"- ","- ",37.077939999999998,-122.08241,"SANTA CRUZ",UNINCORPORATED,-122.08322244,37.078131910000003
90376964,2017,2017-01-25,9720,2017-01-17,1420,021549,,2,2,9,4400,0,2,4,,1,024,"PORTOLA DR","41ST AVE",300.00,W,N,A,-,N,,,,,,,,,,N,2,0,1,1,A,-,08,22107,,N,F,A,A,A,H,-,A,D,0,,Y,,,Y,,L,04,1,0,0,0,0,0,1,0,0,"- ","- ",36.96349,-121.96597,"SANTA CRUZ",UNINCORPORATED,-121.96591256000001,36.963439999999999
90385512,2017,2017-02-03,9720,2017-01-31,1810,020562,,2,2,9,4400,0,1,3,,1,034,SR-152,"HOLOHAN RD",311.00,W,N,A,-,Y,,,152,,,,,,,Y,2,0,1,2,A,-,08,22107,,N,D,G,A,A,H,-,D,D,0,,Y,,,Y,,L,04,1,0,0,0,0,0,1,0,0,"- ","- ",36.936,-121.74333,"SANTA CRUZ",UNINCORPORATED,-121.7433291,36.935999879999997
90386582,2016,2017-02-06,9720,2016-10-26,1830,021053,,3,2,9,4400,0,1,3,,1,010,SR-1,"SWANTON RD",2640.00,N,N,A,-,Y,,,1,,,,,,,Y,1,1,0,2,A,-,01,23152,A,N,A,C,A,A,H,-,D,D,0,,,,Y,Y,Y,A,08,0,0,0,0,0,0,0,0,0,"- ","- ",37.088270000000001,-122.27278,"SANTA CRUZ",UNINCORPORATED,-122.27281383,37.08824542
90413067,2016,2017-03-15,9720,2016-12-28,0425,021367,,3,3,9,4400,0,3,5,,2,200,"N RODEO GULCH RD","SOQUEL DR",1584.00,N,N,A,-,N,,,,,,,,,,Y,1,1,0,2,A,-,08,22107,,N,A,C,A,A,H,-,D,D,0,,,,,Y,,A,07,0,0,0,0,0,0,0,0,0,"- ","- ",36.991900000000001,-121.9704,"SANTA CRUZ",UNINCORPORATED,-121.9703651,36.991683829999999
90413218,2016,2017-03-15,9720,2016-12-11,2040,020413,,7,2,4,4403,0,2,4,,1,031,"FREEDOM BLVD","SCURICH LN",10.00,E,N,B,-,N,,,,,,,,,,Y,1,1,0,2,A,-,01,23152,E,F,C,G,A,A,H,-,D,D,0,,Y,,,Y,Y,A,01,0,0,0,0,0,1,0,0,0,"- ","- ",36.951180000000001,-121.79507,"SANTA CRUZ",WATSONVILLE,-121.79537773,36.951349370000003
90415521,2017,2017-03-20,9720,2017-03-12,1020,18239,,7,1,9,4400,0,2,4,,1,023,"17TH AVE.","CAPITOLA RD.",110.00,S,N,A,-,N,,,,,,,,,,Y,2,0,1,4,A,-,05,21460,A,N,A,C,A,A,H,-,A,D,0,,,,,Y,,A,07,1,0,0,0,0,0,0,0,0,"- ","- ",36.975439999999999,-121.98316,"SANTA CRUZ",UNINCORPORATED,-121.98310766,36.975546090000002
90423978,2017,2017-04-05,9720,2017-03-23,1740,018231,,4,2,9,4400,0,3,5,,2,200,"SOQUEL AVE","17TH AVE",20.00,W,N,A,-,N,,,,,,,,,,Y,2,0,1,1,A,-,03,22350,,N,F,A,A,A,H,-,A,D,0,,,Y,,Y,,C,02,1,0,0,0,0,0,0,0,1,"- ","- ",36.985729999999997,-121.98196,"SANTA CRUZ",UNINCORPORATED,-121.98172526,36.985666680000001
90430584,2017,2017-04-10,9720,2017-04-02,0300,020413,,7,3,9,4400,0,1,3,,1,034,SR-152,"BEVERLY DR",27.00,W,N,A,-,Y,,,152,,,,,,,Y,2,0,2,1,A,-,08,22107,,N,E,I,A,A,H,-,C,D,0,,,,,Y,,A,01,1,0,1,0,0,0,0,0,0,"- ","- ",36.933010000000003,-121.7437,"SANTA CRUZ",UNINCORPORATED,-121.74361184,36.93299055
90448700,2017,2017-05-03,9720,2017-04-22,1455,021248,,6,2,9,4400,0,3,5,,2,100,"JAMISON CREEK RD","BIG BASIN WAY",2323.00,W,N,A,-,N,,,,,,,,,,Y,2,0,1,2,A,-,03,22350,,N,F,A,A,A,H,-,A,D,0,,,Y,,Y,,C,02,1,0,0,0,0,0,0,0,1,"- ","- ",37.149619999999999,-122.16468999999999,"SANTA CRUZ",UNINCORPORATED,-122.16427723,37.149660310000002
90449569,2016,2017-05-04,9720,2016-09-05,2040,020413,,1,2,9,4400,0,1,3,,1,010,SR-1,"COAST RD",352.00,S,N,A,-,Y,,,,,,,,,,Y,1,1,3,3,A,-,01,23152,A,N,B,C,A,A,H,-,D,D,0,,,,,Y,Y,D,22,1,0,2,0,0,0,0,0,0,"- ","- ",36.959859999999999,-122.07702999999999,"SANTA CRUZ",UNINCORPORATED,-122.19753298000001,37.01244595
90462034,2016,2017-05-23,9720,2016-11-19,1940,021230,,6,2,9,4400,0,1,3,,1,034,SR-152,"CONDIT LN",370.00,W,N,B,C,Y,,,152,,,,,,,N,1,1,0,2,A,-,11,21954,A,N,G,B,D,B,H,-,C,D,0,Y,,,,Y,,N,60,0,0,0,1,0,0,0,0,0,"- ","- ",36.926650000000002,-121.74553,"SANTA CRUZ",UNINCORPORATED,-121.74558338,36.92666766
90468271,2017,2017-07-20,9720,2017-02-28,1624,020562,,2,2,9,4400,0,1,3,,1,010,SR-1,"COAST RD",1584.00,N,N,A,-,Y,,,1,,,,,,,Y,1,3,0,2,A,-,05,21460,A,N,A,C,A,A,H,-,A,D,0,,,,,Y,,A,01,0,0,0,0,0,0,0,0,0,"- ","- ",36.96143,-122.09443,"SANTA CRUZ",UNINCORPORATED,-122.09442928999999,36.961436059999997
90468752,2017,2017-06-01,9720,2017-05-30,1430,021387,,2,2,9,4400,0,1,3,,1,012,SR-236,SR-9,5280.00,W,N,A,-,Y,,,236,,,,,,,N,2,0,1,2,A,-,05,21650,,N,A,G,A,A,H,-,A,D,0,,Y,,,Y,,L,04,1,0,0,0,0,0,1,0,0,"- ","- ",37.197360000000003,-122.16379999999999,"SANTA CRUZ",UNINCORPORATED,-122.16378340999999,37.197422830000001