CASE_ID,ACCIDENT_YEAR,PROC_DATE,JURIS,COLLISION_DATE,COLLISION_TIME,OFFICER_ID,REPORTING_DISTRICT,DAY_OF_WEEK,CHP_SHIFT,POPULATION,CNTY_CITY_LOC,SPECIAL_COND,BEAT_TYPE,CHP_BEAT_TYPE,CITY_DIVISION_LAPD,CHP_BEAT_CLASS,BEAT_NUMBER,PRIMARY_RD,SECONDARY_RD,DISTANCE,DIRECTION,INTERSECTION,WEATHER_1,WEATHER_2,STATE_HWY_IND,CALTRANS_COUNTY,CALTRANS_DISTRICT,STATE_ROUTE,ROUTE_SUFFIX,POSTMILE_PREFIX,POSTMILE,LOCATION_TYPE,RAMP_INTERSECTION,SIDE_OF_HWY,TOW_AWAY,COLLISION_SEVERITY,NUMBER_KILLED,NUMBER_INJURED,PARTY_COUNT,PRIMARY_COLL_FACTOR,PCF_CODE_OF_VIOL,PCF_VIOL_CATEGORY,PCF_VIOLATION,PCF_VIOL_SUBSECTION,HIT_AND_RUN,TYPE_OF_COLLISION,MVIW,PED_ACTION,ROAD_SURFACE,ROAD_COND_1,ROAD_COND_2,LIGHTING,CONTROL_DEVICE,CHP_ROAD_TYPE,PEDESTRIAN_ACCIDENT,BICYCLE_ACCIDENT,MOTORCYCLE_ACCIDENT,TRUCK_ACCIDENT,NOT_PRIVATE_PROPERTY,ALCOHOL_INVOLVED,STWD_VEHTYPE_AT_FAULT,CHP_VEHTYPE_AT_FAULT,COUNT_SEVERE_INJ,COUNT_VISIBLE_INJ,COUNT_COMPLAINT_PAIN,COUNT_PED_KILLED,COUNT_PED_INJURED,COUNT_BICYCLIST_KILLED,COUNT_BICYCLIST_INJURED,COUNT_MC_KILLED,COUNT_MC_INJURED,PRIMARY_RAMP,SECONDARY_RAMP,LATITUDE,LONGITUDE,COUNTY,CITY,POINT_X,POINT_Y
90469172,2017,2017-06-01,9720,2017-05-22,1653,021540,,1,2,9,4400,0,2,4,,1,031,"FREEDOM BLVD","CORRALITOS RD",1056.00,W,N,A,-,N,,,,,,,,,,Y,2,0,1,1,A,-,01,23152,A,M,E,I,A,A,H,-,A,D,0,,,Y,,Y,Y,C,02,1,0,0,0,0,0,0,0,1,"- ","- ",36.963439999999999,-121.80949,"SANTA CRUZ",UNINCORPORATED,-121.81144252,36.965856940000002
90486904,2017,2017-06-26,9720,2017-06-14,2220,021227,,3,3,9,4400,0,3,5,,2,100,"MOUNT HERMON RD","SYCAMORE LN",230.00,S,N,A,-,N,,,,,,,,,,Y,2,0,2,2,A,-,00,23153,F,N,A,C,A,A,H,-,D,D,0,,,,,Y,,D,22,2,0,0,0,0,0,0,0,0,"- ","- ",37.055759999999999,-122.05925999999999,"SANTA CRUZ",UNINCORPORATED,,
90512651,2017,2017-07-31,9720,2017-07-22,0030,020413,,6,3,9,4400,0,2,4,,1,022,"SOQUEL SAN JOSE RD","MILLER HILL RD",1056.00,N,N,A,-,N,,,,,,,,,,Y,2,0,1,1,A,-,01,23152,A,N,E,I,A,A,H,-,D,D,0,,,,,Y,Y,A,01,1,0,0,0,0,0,0,0,0,"- ","- ",37.113509999999998,-121.95041000000001,"SANTA CRUZ",UNINCORPORATED,-121.94868203,37.1115791
9051566,2020,2020-10-19,4402,2020-01-01,2246,190,4402,3,5,5,4402,0,0,0,,0,000,"RT 1","RT 9",0.00,,Y,A,-,Y,SCR,5,1,-,-,17.590,H,-,N,N,2,0,1,2,A,-,11,21950,B,N,G,B,B,A,H,-,C,A,0,Y,,,,Y,,N,60,1,0,0,0,1,0,0,0,0,"- ","- ",,,"SANTA CRUZ","SANTA CRUZ",-122.029898,36.984493999999998
90517154,2017,2017-08-07,9720,2017-07-30,0918,021387,,7,1,9,4400,0,1,3,,1,010,SR-1,"SWANTON RD",4224.00,N,N,A,-,Y,,,,,,,,,,Y,2,0,1,2,A,-,01,23152,A,F,C,G,A,A,H,-,A,D,0,,Y,,,Y,Y,A,01,1,0,0,0,0,0,1,0,0,"- ","- ",37.033670000000001,-122.22653,"SANTA CRUZ",UNINCORPORATED,-122.27545609000001,37.093979750000003
90529855,2017,2017-08-24,9720,2017-08-16,1525,021333,,3,2,9,4400,0,1,3,,1,010,"RT 1","DIMEO LN",1056.00,N,N,A,-,Y,,,1,,,,,,,N,2,0,1,2,A,-,08,22107,,N,C,G,A,A,H,-,A,D,0,,Y,,,Y,,-,"- ",1,0,0,0,0,0,1,0,0,"- ","- ",36.966459999999998,-122.10955,"SANTA CRUZ",UNINCORPORATED,-122.10955387,36.96644852
90536416,2017,2017-08-29,9720,2017-08-25,0928,018083,,5,1,9,4400,0,2,4,,1,021,"SOQUEL DRIVE","RIO DEL MAR BLVD",19.00,W,N,A,-,N,,,,,,,,,,N,2,0,1,2,A,-,10,21950,A,N,G,B,B,A,H,-,A,A,0,Y,,,,Y,,A,07,1,0,0,0,1,0,0,0,0,"- ","- ",36.976509999999998,-121.88521,"SANTA CRUZ",UNINCORPORATED,-121.88515738,36.97644459
90537223,2017,2017-08-30,9720,2017-08-20,2025,021714,,7,2,9,4400,0,3,5,,2,300,"BUENA VISTA DR","MANFRE RD",1056.00,W,N,A,-,N,,,,,,,,,,N,2,0,1,2,A,-,11,21954,A,N,G,B,E,A,H,-,C,D,0,Y,,,,Y,Y,N,60,1,0,0,0,1,0,0,0,0,"- ","- ",36.940339999999999,-121.80023,"SANTA CRUZ",UNINCORPORATED,-121.80144147999999,36.940312480000003
90551610,2017,2017-09-19,9720,2017-09-08,0800,021248,,5,1,9,4400,0,2,4,,1,021,"SOQUEL DR","DAUBENBISS AVE",0.00,,Y,A,-,N,,,,,,,,,,N,2,0,1,2,A,-,08,22107,,N,D,G,A,A,H,-,A,A,0,,Y,,,Y,,D,22,1,0,0,0,0,0,1,0,0,"- ","- ",36.987699999999997,-121.95843000000001,"SANTA CRUZ",UNINCORPORATED,-121.95828988,36.987830080000002
90552839,2017,2017-09-21,9720,2017-09-19,1430,021717,,2,2,9,4400,0,1,3,,1,017,"SR-17 S/B","LAUREL RD",1584.00,N,N,A,-,Y,,,17,,,,,,S,Y,2,0,1,2,A,-,03,22350,,N,B,C,A,A,H,-,A,D,0,,,Y,,Y,,C,02,1,0,0,0,0,0,0,0,1,"- ","- ",37.107399999999998,-121.97703,"SANTA CRUZ",UNINCORPORATED,-121.97699952000001,37.107421209999998
90574553,2017,2017-10-19,9720,2017-10-06,1806,021549,,5,2,9,4400,0,1,3,,1,012,SR-236,"OAK ST",130.00,E,N,A,-,Y,,,,,,,,,,N,2,0,1,2,A,-,01,23152,A,N,B,G,A,A,H,-,B,D,0,,Y,,,Y,Y,M,47,1,0,0,0,0,0,1,0,0,"- ","- ",37.750570000000003,-122.7402,"SANTA CRUZ",UNINCORPORATED,,
90579740,2017,2017-10-26,9720,2017-10-16,0639,021918,,1,1,9,4400,0,1,3,,1,010,"SR-1 N/B","SCARONI RD",3696.00,S,N,A,-,Y,,,1,,,,,,N,N,2,0,1,2,A,-,08,22107,,N,H,G,A,A,H,-,D,D,0,,Y,,,Y,,L,04,1,0,0,0,0,0,1,0,0,"- ","- ",36.971409999999999,-122.12578000000001,"SANTA CRUZ",UNINCORPORATED,-122.12579878,36.971378569999999
90583512,2017,2017-10-31,9720,2017-10-15,1315,021248,,7,1,9,4400,0,3,5,,2,200,"26TH AVE","HAMPSTEAD WAY",141.00,S,N,A,-,N,,,,,,,,,,N,2,0,1,2,A,-,17,22517,,N,B,E,A,A,C,-,A,D,0,,Y,,,Y,,A,07,1,0,0,0,0,0,1,0,0,"- ","- ",36.960900000000002,-121.97837,"SANTA CRUZ",UNINCORPORATED,-121.97832584,36.960906530000003
90586345,2017,2017-11-02,9720,2017-10-16,1245,021248,,1,1,9,4400,0,3,5,,2,100,"EMPIRE GRADE RD","ALBA RD",2112.00,N,N,A,-,N,,,,,,,,,,Y,2,0,1,1,A,-,08,22107,,N,F,A,A,A,H,-,A,D,0,,,Y,,Y,,C,02,1,0,0,0,0,0,0,0,1,"- ","- ",37.108310000000003,-122.14489,"SANTA CRUZ",UNINCORPORATED,-122.14540667,37.108394449999999
90590435,2017,2017-11-08,9720,2017-11-06,0813,014653,,1,1,9,4400,0,2,4,,1,023,"17TH AVE","CAPITOLA RD",431.00,S,N,A,-,N,,,,,,,,,,N,2,0,1,2,A,-,17,21208,B,N,C,G,A,A,H,-,A,D,0,,Y,,,Y,,L,04,1,0,0,0,0,0,1,0,0,"- ","- ",36.974600000000002,-121.98345999999999,"SANTA CRUZ",UNINCORPORATED,-121.98336384,36.974688489999998
9059454,2020,2020-05-09,4402,2020-02-04,1518,126,4402,2,5,5,4402,0,0,0,,0,,"EAST CLIFF DR","ALHAMBRA AV",175.00,W,N,A,-,N,,,,,,,,,,Y,2,0,2,1,A,-,03,22350,,N,E,I,A,A,H,-,A,D,0,,,,,Y,,A,01,1,0,1,0,0,0,0,0,0,"- ","- ",,,"SANTA CRUZ","SANTA CRUZ",-122.01088714599609,36.964225769042969
90598040,2017,2017-11-20,9720,2017-11-11,0356,021561,,6,3,9,4400,0,1,3,,1,015,"SCENIC WAY",SR-9,1056.00,W,N,A,-,N,,,,,,,,,,Y,2,0,1,1,A,-,01,23152,A,N,F,A,A,B,H,-,D,D,0,,,,,Y,Y,A,01,1,0,0,0,0,0,0,0,0,"- ","- ",37.08372,-122.0896,"SANTA CRUZ",UNINCORPORATED,-122.08974627000001,37.083390569999999
90617814,2017,2019-04-26,9720,2017-10-02,1658,015170,,1,2,9,4400,0,2,4,,1,016,"GRAHAM HILL RD",SR-9,0.00,,Y,A,-,Y,,,,,,,,,,N,1,1,0,2,A,-,10,21950,,N,G,B,B,A,H,-,A,A,0,Y,,,,Y,,E,22,0,0,0,1,0,0,0,0,0,"- ","- ",37.052970000000002,-122.07311,"SANTA CRUZ",UNINCORPORATED,-122.07325987,37.053080029999997
90625906,2017,2017-12-25,9720,2017-12-11,1630,021714,,1,2,9,4400,0,3,5,,2,100,"LOMPICO RD","E. ZAYANTE RD.",2112.00,N,N,A,-,N,,,,,,,,,,Y,2,0,1,2,A,-,08,22107,,N,B,C,A,A,H,-,A,D,0,,,,,Y,,A,01,1,0,0,0,0,0,0,0,0,"- ","- ",37.090490000000003,-122.05332,"SANTA CRUZ",UNINCORPORATED,-122.05237858,37.088375509999999
90625917,2017,2017-12-25,9720,2017-12-19,1555,021227,,2,2,9,4400,0,1,3,,2,020,"SR-1 S/B","PARK AVE",1056.00,S,N,A,-,Y,,,1,,,,,,S,Y,2,0,1,1,A,-,08,22107,,N,F,J,A,A,H,-,A,D,0,,,Y,,Y,,C,02,1,0,0,0,0,0,0,0,1,"- ","- ",36.983800000000002,-121.93237000000001,"SANTA CRUZ",UNINCORPORATED,-121.93236708000001,36.983840489999999
90630174,2017,2018-01-01,9720,2017-12-01,2320,021548,,5,3,9,4400,0,3,5,,2,300,"WHITING RD.","SERPA LN.",400.00,S,N,A,-,N,,,,,,,,,,Y,2,0,1,1,A,-,01,23152,A,N,E,I,A,A,H,-,D,D,0,,,,,Y,Y,A,01,1,0,0,0,0,0,0,0,0,"- ","- ",36.959229999999998,-121.73475000000001,"SANTA CRUZ",UNINCORPORATED,-121.73424438000001,36.959578710000002
90630176,2017,2018-01-01,9720,2017-12-22,1409,021321,,5,2,9,4400,0,2,4,,1,021,"SOQUEL DR","STATE PARD DR",150.00,S,N,A,-,N,,,,,,,,,,Y,2,0,1,2,A,-,09,21801,A,N,A,C,A,A,H,-,A,D,0,,,Y,,Y,,A,07,1,0,0,0,0,0,0,0,1,"- ","- ",36.979649999999999,-121.90837000000001,"SANTA CRUZ",UNINCORPORATED,-121.90819412,36.979556590000001
90632815,2017,2018-01-04,9720,2017-12-22,2140,021860,,5,2,9,4400,0,3,5,,2,300,"SUMNER AVENUE","VIA NOVELLA",160.00,S,N,A,-,N,,,,,,,,,,Y,2,0,1,1,A,-,01,23152,A,N,E,I,A,A,H,-,D,D,0,,,,,Y,Y,A,01,1,0,0,0,0,0,0,0,0,"- ","- ",36.945329999999998,-121.87079,"SANTA CRUZ",UNINCORPORATED,-121.8708,36.945369999999997
90647801,2018,2018-01-25,9720,2018-01-18,0724,021877,,4,1,9,4400,0,1,3,,2,020,"SB SR-1","PARK AVE",5.00,S,N,B,-,Y,,,1,,,,,,,N,2,0,1,2,A,-,09,21802,A,N,D,G,A,A,H,-,A,A,0,,Y,,,Y,,L,04,1,0,0,0,0,0,1,0,0,"- ","- ",36.9835205078125,-121.93695068359375,"SANTA CRUZ",UNINCORPORATED,-121.93695068359375,36.983909606933594
90649695,2018,2018-01-29,9720,2018-01-20,1137,021714,,6,1,9,4400,0,1,3,,1,015,"SR-9 S/B","EL SOLYO HEIGHTS DR",385.00,N,N,A,-,Y,,,9,,,,,,S,Y,2,0,1,2,A,-,01,23152,A,N,A,C,A,A,H,-,A,D,0,,,,,Y,Y,A,01,1,0,0,0,0,0,0,0,0,"- ","- ",37.067031860351562,-122.080078125,"SANTA CRUZ",UNINCORPORATED,-122.08008575439453,37.067020416259766
90652371,2018,2018-01-31,9720,2018-01-24,1330,021940,,3,1,9,4400,0,1,3,,2,020,"SR-1 N/B","SOQUEL DR",893.00,N,N,A,-,Y,,,,,,,,,,Y,2,0,1,5,A,-,07,21658,A,N,B,C,A,A,H,-,A,D,0,,,,,Y,,A,01,1,0,0,0,0,0,0,0,0,"- ","- ",36.988311767578125,-121.99741363525391,"SANTA CRUZ",UNINCORPORATED,-121.98919677734375,36.987640380859375
90655384,2018,2018-02-28,9720,2018-02-01,1145,021877,,4,1,9,4400,0,3,5,,2,300,"LARKIN VALLEY RD.","N/B SR-1 ON RAMP",0.00,,Y,A,-,N,,,,,,,,,,N,2,0,2,2,A,-,09,21801,A,N,D,G,A,A,H,-,A,D,0,,Y,,,Y,,A,01,1,1,0,0,0,0,2,0,0,"- ","- ",36.96221923828125,-121.86074829101562,"SANTA CRUZ",UNINCORPORATED,-121.8622,36.961860000000001
90657092,2018,2018-02-07,9720,2018-01-26,1930,020413,,5,2,9,4400,0,2,4,,1,022,"SOQUEL SAN JOSE RD","LITTLE CREEK RD",200.00,S,N,A,-,N,,,,,,,,,,Y,2,0,1,1,A,-,01,23152,A,M,E,I,A,A,H,-,D,D,0,,,,,Y,Y,A,01,1,0,0,0,0,0,0,0,0,"- ","- ",37.002780914306641,-121.95511627197266,"SANTA CRUZ",UNINCORPORATED,-121.95481109619141,37.002902984619141
90663214,2018,2018-02-16,9720,2018-02-09,1935,021840,,5,2,9,4400,0,3,5,,2,100,"BEAR CREEK RD",SR-35,16.00,W,N,A,-,N,,,,,,,,,,Y,2,0,1,1,A,-,08,22107,,N,E,I,A,A,H,-,D,D,0,,,,,Y,,A,01,1,0,0,0,0,0,0,0,0,"- ","- ",37.166820526123047,-122.02619934082031,"SANTA CRUZ",UNINCORPORATED,-122.02613067626953,37.16680908203125
90670812,2018,2018-03-13,9720,2018-02-24,2237,021714,,6,3,9,4400,0,1,3,,1,017,"SR-17 N/B","GLENWOOD CUTOFF",528.00,S,N,A,-,Y,,,17,,,,,,N,Y,2,0,1,1,A,-,08,22107,,N,E,I,A,A,H,-,D,D,0,,,,,Y,,A,01,1,0,0,0,0,0,0,0,0,"- ","- ",37.098560333251953,-121.97550964355469,"SANTA CRUZ",UNINCORPORATED,-121.97544860839844,37.098617553710938
90670968,2018,2018-02-27,9720,2018-02-17,1735,021833,,6,2,9,4400,0,3,5,,2,200,"SOQUEL AVENUE","SOQUEL DR",367.00,E,N,A,-,N,,,,,,,,,,N,2,0,1,2,A,-,01,23152,F,N,G,B,D,A,H,-,A,D,0,Y,,,,Y,,A,01,1,0,0,0,1,0,0,0,0,"- ","- ",36.986251831054688,-121.98648834228516,"SANTA CRUZ",UNINCORPORATED,-121.98663330078125,36.986175537109375
90672161,2018,2018-02-28,9720,2018-02-17,1830,014931,,6,2,9,4400,0,1,3,,2,030,"SR-1 N/B","LARKIN VALLEY RD",1056.00,S,N,A,-,Y,,,1,,,,,,N,Y,2,0,5,2,A,-,01,23152,A,N,C,C,A,A,H,-,D,D,0,,,,,Y,Y,A,08,1,4,0,0,0,0,0,0,0,"- ","- ",36.957740783691406,-121.85929107666016,"SANTA CRUZ",UNINCORPORATED,-121.85931396484375,36.957717895507812
90677325,2018,2018-03-07,9720,2018-02-26,1215,021248,,1,1,9,4400,0,1,3,,1,017,"SR-17 S/B","GLENWOOD DR",1584.00,S,N,B,C,Y,,,17,,,,,,S,Y,2,0,1,1,A,-,08,22107,,N,E,I,A,B,H,-,A,D,0,,,,,Y,,A,01,1,0,0,0,0,0,0,0,0,"- ","- ",37.116249084472656,-121.975830078125,"SANTA CRUZ",UNINCORPORATED,-121.97578430175781,37.116256713867188
90681575,2018,2019-04-09,9720,2018-03-07,1858,019288,,3,2,9,4400,0,2,4,,1,023,"7TH AVE","CARMEL ST",100.00,N,N,A,-,N,,,,,,,,,,N,1,1,0,2,A,-,03,22350,,N,G,B,D,A,H,-,C,D,0,Y,,,,Y,Y,A,01,0,0,0,1,0,0,0,0,0,"- ","- ",36.965400695800781,-121.99829864501953,"SANTA CRUZ",UNINCORPORATED,-121.99832153320312,36.965473175048828
90685998,2018,2018-03-20,9720,2018-03-11,1810,021877,,7,2,9,4400,0,1,3,,1,015,SR-9,"HOLIDAY LN",360.00,S,N,A,-,Y,,,9,,,,,,,Y,2,0,1,2,A,-,01,23152,A,N,B,C,A,A,H,-,A,D,0,,,Y,,Y,Y,C,02,1,0,0,0,0,0,0,0,1,"- ","- ",37.077720642089844,-122.08365631103516,"SANTA CRUZ",UNINCORPORATED,-122.08370971679688,37.077800750732422
90686333,2018,2018-03-21,9720,2018-03-12,2209,021840,,1,3,9,4400,0,1,3,,2,020,"SR-1 N/B","FREEDOM BLVD",1056.00,N,N,C,-,Y,,,1,,,,,,N,Y,2,0,1,1,A,-,08,22107,,N,E,I,A,B,H,-,D,D,0,,,,,Y,Y,A,01,1,0,0,0,0,0,0,0,0,"- ","- ",36.971839904785156,-121.87666320800781,"SANTA CRUZ",UNINCORPORATED,-121.87666320800781,36.971836090087891
90689029,2018,2018-03-26,9720,2018-03-17,0730,021215,,6,1,9,4400,0,1,3,,1,017,"SR-17 N/B","EL RANCHO DR",140.00,S,N,B,C,Y,,,17,,,,,,N,Y,2,0,1,1,A,-,03,22350,,N,E,I,A,B,H,-,A,D,0,,,,,Y,,A,07,1,0,0,0,0,0,0,0,0,"- ","- ",37.019271850585938,-122.02771759033203,"SANTA CRUZ",UNINCORPORATED,-122.02773284912109,37.019271850585938
90689188,2018,2018-03-26,9720,2018-03-16,1431,021540,,5,2,9,4400,0,1,3,,2,020,"N/B SR-1 FROM MORRISSEY BLVD","MORRISSEY BLVD",528.00,S,N,A,-,Y,,,,,,,,,,Y,2,0,2,1,A,-,03,22350,,N,E,J,A,A,H,-,A,D,0,,,,,Y,,A,07,1,0,1,0,0,0,0,0,0,"- ","- ",36.988590240478516,-122.00177001953125,"SANTA CRUZ",UNINCORPORATED,,
90689194,2017,2018-03-26,9720,2017-11-10,0355,021548,,5,3,9,4400,0,3,5,,2,200,"SUMNER AVE","CLUBHOUSE DR",1056.00,W,N,A,-,N,,,,,,,,,,Y,1,1,0,1,A,-,03,22350,,N,E,J,A,A,H,-,D,D,0,,,,,Y,,D,22,0,0,0,0,0,0,0,0,0,"- ","- ",36.959809999999997,-121.88533,"SANTA CRUZ",UNINCORPORATED,-121.88510868,36.959554949999998
90698990,2018,2018-04-04,9720,2018-03-21,0745,022011,,3,1,9,4400,0,1,3,,2,030,"SR-1 S/B TO SR -129","SR- 129",1056.00,N,N,C,-,Y,,,1,,,,R,,S,Y,2,0,1,1,A,-,08,22107,,N,F,A,A,B,H,-,A,D,0,,,,Y,Y,,G,27,1,0,0,0,0,0,0,0,0,"- ","- ",36.895301818847656,-121.77529907226562,"SANTA CRUZ",UNINCORPORATED,-121.77529907226562,36.895301818847656
90700022,2018,2018-04-06,9720,2018-03-27,1638,017568,,2,2,9,4400,0,1,3,,2,020,"SR-1 N/B","FREEDOM BLVD",600.00,N,N,A,-,Y,,,1,,,,,,N,Y,2,0,1,2,A,-,03,22350,,N,C,C,A,A,H,-,A,D,0,,,Y,,Y,,C,02,1,0,0,0,0,0,0,0,1,"- ","- ",36.972450256347656,-121.87835693359375,"SANTA CRUZ",UNINCORPORATED,-121.87836456298828,36.972431182861328
90704001,2018,2018-04-12,9720,2018-03-30,1320,021940,,5,1,9,4400,0,1,3,,1,034,"SR-152 W/B","BELLA VISTA LN",1584.00,W,N,A,-,Y,,,152,,,,,,W,N,2,0,1,1,A,-,03,22350,,N,E,J,A,A,H,-,A,D,0,,,Y,,Y,,C,02,1,0,0,0,0,0,0,0,1,"- ","- ",36.990188598632812,-121.71627044677734,"SANTA CRUZ",UNINCORPORATED,-121.71622467041016,36.990234375
90706989,2018,2018-11-09,9720,2018-04-05,1344,021988,,4,1,9,4400,0,3,5,,2,200,"SOQUEL SAN JOSE RD","SOQUEL DR",116.00,N,N,A,-,N,,,,,,,,,,Y,2,0,1,4,A,-,05,21460,A,F,B,C,A,A,H,-,A,A,0,,,,,Y,,A,01,1,0,0,0,0,0,0,0,0,"- ","- ",36.988468170166016,-121.95736694335938,"SANTA CRUZ",UNINCORPORATED,-121.95733642578125,36.988441467285156
90711834,2018,2018-04-24,9720,2018-04-16,0743,014931,,1,1,9,4400,0,1,3,,2,030,"SR-1 N/B","LARKIN VALLEY RD",1584.00,S,N,B,-,Y,,,1,,,,,,N,Y,2,0,5,4,A,-,03,22350,,N,C,C,A,B,H,-,A,D,0,,,,Y,Y,,F,26,1,0,4,0,0,0,0,0,0,"- ","- ",36.956508636474609,-121.85817718505859,"SANTA CRUZ",UNINCORPORATED,-121.85812377929688,36.956569671630859
90741958,2018,2018-06-06,9720,2018-05-30,1642,020640,,3,2,9,4400,0,2,4,,1,031,"FREEDOM BLVD","MARINER WAY",82.00,N,N,A,-,N,,,,,,,,,,Y,2,0,3,2,A,-,03,22350,,N,C,C,A,A,H,-,A,A,0,,,,,Y,,D,22,1,2,0,0,0,0,0,0,0,"- ","- ",36.975719451904297,-121.86955261230469,"SANTA CRUZ",UNINCORPORATED,-121.86955261230469,36.975719451904297
90744252,2018,2018-06-08,9720,2018-06-01,1535,021211,,5,2,9,4400,0,2,4,,1,032,"GREEN VALLEY RD","DUTCHMAN RD",0.00,,Y,A,-,N,,,,,,,,,,Y,2,0,1,2,A,-,09,21802,A,N,A,C,A,A,H,-,A,A,0,,,Y,,Y,,A,01,1,0,0,0,0,0,0,0,1,"- ","- ",36.960399627685547,-121.76490020751953,"SANTA CRUZ",UNINCORPORATED,-121.76496124267578,36.96044921875
90748181,2018,2018-06-14,9720,2018-06-05,2325,021940,,2,3,9,4400,0,1,3,,2,020,"SOQUEL DRIVE","APTOS WARF RD",187.00,W,N,A,-,N,,,,,,,,,,Y,2,0,1,2,A,-,01,23152,A,N,D,C,A,A,H,-,C,D,0,,,,,Y,Y,A,01,1,0,0,0,0,0,0,0,0,"- ","- ",36.976848602294922,-121.90544891357422,"SANTA CRUZ",UNINCORPORATED,-121.90552520751953,36.976875305175781
90748384,2018,2018-06-14,9720,2018-06-02,1232,021211,,6,1,9,4400,0,3,5,,2,300,"SAN ANDREAS RD","BUENA VISTA DR",353.00,S,N,A,-,N,,,,,,,,,,Y,2,0,4,2,A,-,01,23152,A,N,A,C,A,A,H,-,A,D,0,,,,,Y,Y,D,22,2,0,2,0,0,0,0,0,0,"- ","- ",36.917499542236328,-121.83329772949219,"SANTA CRUZ",UNINCORPORATED,-121.83417510986328,36.918079376220703
90755594,2018,2018-06-26,9720,2018-06-17,1326,021969,,7,1,9,4400,0,1,3,,1,014,SR-9,"UPPER SR-236",19536.00,N,N,A,-,Y,,,9,,,,,,,Y,2,0,2,1,A,-,03,22350,,N,E,I,A,A,H,-,A,D,0,,,Y,,Y,,C,02,1,1,0,0,0,0,0,0,2,"- ","- ",37.249050140380859,-122.15386962890625,"SANTA CRUZ",UNINCORPORATED,-122.15386199951172,37.2490234375
90756346,2018,2018-06-26,9720,2018-06-20,1540,019956,,3,2,9,4400,0,1,3,,1,017,"SR-17 N/B","LAUREL RD",2112.00,N,N,A,-,Y,,,17,,,,,,N,Y,2,0,1,2,A,-,03,22350,,F,B,C,A,A,H,-,A,D,0,,,,,Y,,D,22,1,0,0,0,0,0,0,0,0,"- ","- ",37.108779907226562,-121.97695922851562,"SANTA CRUZ",UNINCORPORATED,-121.97701263427734,37.108795166015625
90762214,2018,2018-07-03,9720,2018-06-25,1920,021790,,1,2,9,4400,0,1,3,,1,014,SR-9,"STAPP RD",528.00,S,N,A,-,Y,,,9,,,,,,,Y,2,0,1,2,A,-,05,21460,A,N,D,C,A,A,H,-,B,D,0,,,Y,,Y,,C,02,1,0,0,0,0,0,0,0,1,"- ","- ",37.187698364257812,-122.14290618896484,"SANTA CRUZ",UNINCORPORATED,-122.14292144775391,37.187690734863281
90766813,2018,2018-07-11,9720,2018-07-03,1907,018650,,2,2,9,4400,0,2,4,,1,024,"7TH AVE","BROMMER ST",3.00,S,N,A,-,N,,,,,,,,,,N,2,0,1,2,A,-,10,21950,A,N,G,B,B,A,H,-,A,A,0,Y,,,,Y,,A,01,1,0,0,0,1,0,0,0,0,"- ","- ",36.972400665283203,-121.99579620361328,"SANTA CRUZ",UNINCORPORATED,-121.99578094482422,36.972461700439453
90772826,2018,2018-10-30,9720,2018-07-04,1850,021940,,3,2,9,4400,0,1,3,,1,010,SR-1,"DIMEO LANE",3960.00,N,N,A,-,Y,,,1,,,,,,,Y,2,0,2,2,A,-,06,21750,A,N,D,C,A,A,H,-,A,D,0,,,Y,,Y,,C,02,2,0,0,0,0,0,0,0,2,"- ","- ",36.969341278076172,-122.11663055419922,"SANTA CRUZ",UNINCORPORATED,-122.11666107177734,36.969272613525391
90773746,2018,2018-07-20,9720,2018-07-15,1728,021140,,7,2,9,4400,0,2,4,,1,021,"SOQUEL DRIVE","PARK AVENUE",153.00,N,N,A,-,N,,,,,,,,,,N,2,0,1,1,A,-,08,22107,,N,E,I,A,A,H,-,A,D,0,,,Y,,Y,,C,02,1,0,0,0,0,0,0,0,1,"- ","- ",36.988899230957031,-121.93631744384766,"SANTA CRUZ",UNINCORPORATED,-121.93528747558594,36.989303588867188
90775113,2018,2018-07-24,9720,2018-07-16,2154,021840,,1,2,9,4400,0,3,5,,2,100,"EMPIRE GRADE RD","MCGIVERN WAY",416.00,S,N,A,-,N,,,,,,,,,,Y,2,0,1,1,A,-,08,22107,,N,E,I,A,A,H,-,D,D,0,,,,,Y,Y,A,01,1,0,0,0,0,0,0,0,0,"- ","- ",37.054351806640625,-122.11659240722656,"SANTA CRUZ",UNINCORPORATED,-122.11553192138672,37.053401947021484