CASE_ID,ACCIDENT_YEAR,PROC_DATE,JURIS,COLLISION_DATE,COLLISION_TIME,OFFICER_ID,REPORTING_DISTRICT,DAY_OF_WEEK,CHP_SHIFT,POPULATION,CNTY_CITY_LOC,SPECIAL_COND,BEAT_TYPE,CHP_BEAT_TYPE,CITY_DIVISION_LAPD,CHP_BEAT_CLASS,BEAT_NUMBER,PRIMARY_RD,SECONDARY_RD,DISTANCE,DIRECTION,INTERSECTION,WEATHER_1,WEATHER_2,STATE_HWY_IND,CALTRANS_COUNTY,CALTRANS_DISTRICT,STATE_ROUTE,ROUTE_SUFFIX,POSTMILE_PREFIX,POSTMILE,LOCATION_TYPE,RAMP_INTERSECTION,SIDE_OF_HWY,TOW_AWAY,COLLISION_SEVERITY,NUMBER_KILLED,NUMBER_INJURED,PARTY_COUNT,PRIMARY_COLL_FACTOR,PCF_CODE_OF_VIOL,PCF_VIOL_CATEGORY,PCF_VIOLATION,PCF_VIOL_SUBSECTION,HIT_AND_RUN,TYPE_OF_COLLISION,MVIW,PED_ACTION,ROAD_SURFACE,ROAD_COND_1,ROAD_COND_2,LIGHTING,CONTROL_DEVICE,CHP_ROAD_TYPE,PEDESTRIAN_ACCIDENT,BICYCLE_ACCIDENT,MOTORCYCLE_ACCIDENT,TRUCK_ACCIDENT,NOT_PRIVATE_PROPERTY,ALCOHOL_INVOLVED,STWD_VEHTYPE_AT_FAULT,CHP_VEHTYPE_AT_FAULT,COUNT_SEVERE_INJ,COUNT_VISIBLE_INJ,COUNT_COMPLAINT_PAIN,COUNT_PED_KILLED,COUNT_PED_INJURED,COUNT_BICYCLIST_KILLED,COUNT_BICYCLIST_INJURED,COUNT_MC_KILLED,COUNT_MC_INJURED,PRIMARY_RAMP,SECONDARY_RAMP,LATITUDE,LONGITUDE,COUNTY,CITY,POINT_X,POINT_Y
90775746,2018,2018-08-08,9720,2018-07-16,1836,021333,,1,2,9,4400,0,3,5,,2,300,"AMESTI RD","CORONA CT",32.00,N,N,A,-,N,,,,,,,,,,Y,2,0,4,3,A,-,01,23152,A,N,B,C,A,A,H,-,A,D,0,,,,,Y,Y,A,01,1,3,0,0,0,0,0,0,0,"- ","- ",36.963939666748047,-121.79252624511719,"SANTA CRUZ",UNINCORPORATED,-121.79254913330078,36.964015960693359
90777387,2018,2018-07-26,9720,2018-07-22,1340,020805,,7,1,9,4400,0,3,5,,2,300,"W BEACH ST","PANABAKER RD",150.00,S,N,A,-,N,,,,,,,,,,N,2,0,1,2,D,-,00,,,N,D,G,A,A,H,-,A,D,0,,Y,,,Y,,-,"- ",1,0,0,0,0,0,1,0,0,"- ","- ",36.888301849365234,-121.79029846191406,"SANTA CRUZ",UNINCORPORATED,-121.78852844238281,36.889690399169922
90784534,2018,2018-08-06,9720,2018-07-28,2005,021760,,6,2,9,4400,0,1,3,,2,030,"SR-1 N/B","MAR MONTE AVE",5280.00,S,N,A,-,Y,,,1,,,,,,N,Y,2,0,2,2,A,-,01,23152,A,N,B,C,A,A,H,-,A,D,0,,,,,Y,Y,A,01,1,0,1,0,0,0,0,0,0,"- ","- ",36.938098907470703,-121.83100128173828,"SANTA CRUZ",UNINCORPORATED,-121.83100128173828,36.938098907470703
90785199,2018,2018-08-22,9720,2018-01-31,2126,021183,,3,2,9,4400,0,3,5,,2,200,"SOQUEL AVENUE","CHANTICLEER AVE",14.00,E,N,A,-,N,,,,,,,,,,Y,1,1,1,2,A,-,01,23152,A,N,A,C,A,A,H,-,C,A,0,,,Y,,Y,Y,C,02,0,0,1,0,0,0,0,1,0,"- ","- ",36.984920501708984,-121.97878265380859,"SANTA CRUZ",UNINCORPORATED,-121.97878265380859,36.984958648681641
90790901,2018,2018-08-15,9720,2018-08-04,1945,021940,,6,2,9,4400,0,3,5,,2,100,"WEST DR","REDWOOD DR",50.00,W,N,A,-,N,,,,,,,,,,N,2,0,1,2,A,-,01,23152,A,N,B,C,A,A,H,-,B,D,0,,,Y,,Y,Y,A,01,1,0,0,0,0,0,0,0,1,"- ","- ",37.105010986328125,-122.05509948730469,"SANTA CRUZ",UNINCORPORATED,-122.05533599853516,37.105056762695312
90795063,2018,2018-10-02,9720,2018-08-13,1930,018650,,1,2,9,4400,0,1,3,,1,017,"SR-17 S/B","LA MADRONA DR",9.00,S,N,A,-,Y,,,17,,,,,,S,Y,2,0,4,1,A,-,03,22350,,N,E,I,A,A,H,-,C,D,0,,,,,Y,,A,01,1,0,3,0,0,0,0,0,0,"- ","- ",37.018901824951172,-122.0281982421875,"SANTA CRUZ",UNINCORPORATED,-122.02780151367188,37.018863677978516
90797502,2018,2018-08-24,9720,2018-08-18,1939,021333,,6,2,9,4400,0,3,5,,2,200,"6TH AVENUE","CARMEL STREET",0.00,,Y,A,-,N,,,,,,,,,,N,2,0,1,2,A,-,12,22450,A,N,D,G,A,A,H,-,A,D,0,,Y,,,Y,,L,04,1,0,0,0,0,0,1,0,0,"- ","- ",36.965499877929688,-121.99945068359375,"SANTA CRUZ",UNINCORPORATED,-121.99941253662109,36.965301513671875
90814552,2018,2018-09-17,9720,2018-09-09,0020,021988,,7,3,9,4400,0,1,3,,1,015,"SR-9 S/B","MILL ST",296.00,N,N,A,-,Y,,,9,,,,,,S,Y,2,0,3,1,A,-,01,23152,A,N,E,I,A,A,H,-,D,D,0,,,,,Y,Y,D,22,3,0,0,0,0,0,0,0,0,"- ","- ",37.089698791503906,-122.09359741210938,"SANTA CRUZ",UNINCORPORATED,-122.09349060058594,37.089817047119141
90820749,2018,2018-09-25,9720,2018-08-27,0300,022011,,1,3,9,4400,0,1,3,,1,014,SR-9,"RT 236",2112.00,N,N,A,-,Y,,,9,,,,,,,Y,2,0,4,1,A,-,08,22107,,F,E,I,A,A,H,-,D,D,0,,,,,Y,,A,01,1,2,1,0,0,0,0,0,0,"- ","- ",37.224929809570312,-122.14720153808594,"SANTA CRUZ",UNINCORPORATED,-122.14724731445312,37.224937438964844
90822146,2018,2018-09-26,9720,2018-09-18,0911,020391,,2,1,5,4402,0,1,3,,2,020,"SR-1 SOUTHBOUND","PARK AVE",720.00,S,N,A,-,Y,,,,,,,,,,Y,2,0,2,1,A,-,08,22107,,N,F,A,A,A,H,-,A,D,0,,,,,Y,,D,22,1,1,0,0,0,0,0,0,0,"- ","- ",36.983940124511719,-121.93448638916016,"SANTA CRUZ","SANTA CRUZ",-121.99517059326172,36.988140106201172
90822352,2018,2018-09-27,9720,2018-09-15,0932,021211,,6,1,9,4400,0,1,3,,2,030,"SR-1 S/B TO RANPORT RD.","RANPORT RD",130.00,N,N,A,-,Y,,,1,,,,R,,S,Y,2,0,1,1,A,-,03,22350,,N,E,I,A,A,H,-,A,D,0,,,Y,,Y,,C,02,1,0,0,0,0,0,0,0,1,"- ","- ",36.924999237060547,-121.79850006103516,"SANTA CRUZ",UNINCORPORATED,-121.79850006103516,36.924999237060547
90824216,2018,2018-09-28,9720,2018-09-22,0306,021918,,6,3,9,4400,0,3,5,,2,200,"GRANITE CREEK RD","GRANITE RIDGE RD",240.00,E,N,A,-,N,,,,,,,,,,Y,2,0,1,1,A,-,08,22107,,N,E,I,A,A,H,-,D,D,0,,,,,Y,,A,01,1,0,0,0,0,0,0,0,0,"- ","- ",37.040470123291016,-121.99755096435547,"SANTA CRUZ",UNINCORPORATED,-121.99783325195312,37.041831970214844
90824669,2018,2018-09-28,9720,2018-09-24,1906,020640,,1,2,9,4400,0,1,3,,1,035,SR-129,"OLD CHITTENDEN RD",7075.00,W,N,A,-,Y,,,129,,,,,,,Y,2,0,2,2,A,-,08,22107,,N,D,C,A,A,H,-,D,A,0,,,,,Y,,A,01,1,1,0,0,0,0,0,0,0,"- ","- ",36.9097900390625,-121.61878967285156,"SANTA CRUZ",UNINCORPORATED,-121.61880493164062,36.909736633300781
90825260,2018,2018-10-01,9720,2018-09-09,1130,022162,,7,1,9,4400,0,1,3,,1,034,"RT 152","RED HAWK PLACE",1584.00,E,N,A,-,Y,,,152,,,,,,,N,2,0,1,1,A,-,08,22107,,N,F,A,A,A,H,-,A,D,0,,,,,Y,,A,01,1,0,0,0,0,0,0,0,0,"- ","- ",36.975410461425781,-121.71520233154297,"SANTA CRUZ",UNINCORPORATED,-121.71524047851562,36.975090026855469
90834489,2018,2018-10-12,9720,2018-10-06,0234,021969,,6,3,9,4400,0,3,5,,2,100,"FELTON EMPIRE RD","KRAZY ACRE LN",98.00,W,N,A,-,N,,,,,,,,,,Y,2,0,1,1,A,-,08,22107,,N,E,I,A,A,H,-,D,D,0,,,,,Y,Y,D,22,1,0,0,0,0,0,0,0,0,"- ","- ",37.052669525146484,-122.09340667724609,"SANTA CRUZ",UNINCORPORATED,-122.09367370605469,37.052360534667969
90836067,2018,2019-01-18,9720,2018-10-09,0140,021877,,2,3,9,4400,0,1,3,,1,017,"SB SR-17","MOUNT HERMON RD",1056.00,S,N,A,-,Y,,,17,,,,,,,Y,2,0,1,2,A,-,01,23152,F,N,G,B,E,A,H,-,D,D,0,Y,,,,Y,,A,01,1,0,0,0,1,0,0,0,0,"- ","- ",37.031818389892578,-122.02285003662109,"SANTA CRUZ",UNINCORPORATED,-122.02269744873047,37.031791687011719
90851170,2018,2018-11-01,9720,2018-10-22,1035,021248,,1,1,9,4400,0,2,4,,1,021,"SOQUEL DR","MAPLETHORPE LN",200.00,S,N,A,-,N,,,,,,,,,,N,2,0,1,1,A,-,08,22107,,N,F,G,A,A,H,-,A,D,0,,Y,,,Y,,L,04,1,0,0,0,0,0,1,0,0,"- ","- ",36.988399505615234,-121.93678283691406,"SANTA CRUZ",UNINCORPORATED,-121.93862915039062,36.987964630126953
90862817,2018,2018-11-19,9720,2018-03-11,0920,021548,,7,1,9,4400,0,1,3,,1,012,SR-236,"KINGS HWY",315.00,S,N,A,-,Y,,,236,,,,,,,Y,1,1,0,2,A,-,01,23152,A,N,G,B,E,A,H,-,A,D,0,Y,,,,Y,Y,A,01,0,0,0,1,0,0,0,0,0,"- ","- ",37.155441284179688,-122.1619873046875,"SANTA CRUZ",UNINCORPORATED,-122.16191101074219,37.155437469482422
90870050,2018,2018-11-29,9720,2018-11-22,0700,021227,,4,1,9,4400,0,1,3,,1,017,"SR-17 S/B","GLENWOOD DR",2640.00,S,N,B,-,Y,,,17,,,,,,S,Y,2,0,2,1,A,-,01,23152,G,N,E,I,A,B,H,-,A,D,0,,,,,Y,Y,A,01,2,0,0,0,0,0,0,0,0,"- ","- ",37.113109588623047,-121.97530364990234,"SANTA CRUZ",UNINCORPORATED,-121.97518920898438,37.112998962402344
90881583,2018,2019-12-24,9720,2018-08-10,0225,021548,,5,3,9,4400,0,1,3,,1,014,"SR-9 N/B","BEAR CREEK RD.",170.00,S,N,A,-,Y,,,9,,,,,,N,Y,1,1,0,2,A,-,01,23152,A,N,G,B,E,A,H,-,C,D,0,Y,,,,Y,Y,A,01,0,0,0,1,0,0,0,0,0,"- ","- ",37.127059936523438,-122.122802734375,"SANTA CRUZ",UNINCORPORATED,-122.12284088134766,37.127048492431641
90881695,2018,2018-12-12,9720,2018-12-02,1716,021702,,7,2,9,4400,0,2,4,,1,024,"PORTOLA DRIVE","38TH AVE",18.00,E,N,A,-,N,,,,,,,,,,Y,2,0,2,2,A,-,01,23152,F,N,C,C,A,A,H,-,C,A,0,,,,,Y,,A,07,1,1,0,0,0,0,0,0,0,"- ","- ",38.963401794433594,-121.96739959716797,"SANTA CRUZ",UNINCORPORATED,-121.96733856201172,36.96343994140625
90906229,2019,2019-01-17,9720,2019-01-09,0835,021227,,3,1,9,4400,0,3,5,,2,100,"MOUNT HERMON RD","GRAHAM HILL RD",528.00,E,N,B,-,N,,,,,,,,,,Y,2,0,2,1,A,-,01,23152,F,F,E,I,A,B,H,-,A,D,0,,,,,Y,,A,07,1,1,0,0,0,0,0,0,0,"- ","- ",37.053569793701172,-122.06841278076172,"SANTA CRUZ",UNINCORPORATED,-122.06963348388672,37.053298950195312
90915557,2019,2019-01-30,9720,2019-01-20,0158,021988,,7,3,9,4400,0,2,4,,1,032,"GREEN VALLEY RD","DICK PHELPS RD",24.00,N,N,A,-,N,,,,,,,,,,Y,2,0,1,1,A,-,01,23152,A,N,E,I,A,A,H,-,C,D,0,,,,,Y,Y,D,22,1,0,0,0,0,0,0,0,0,"- ","- ",36.949638366699219,-121.76480102539062,"SANTA CRUZ",UNINCORPORATED,-121.76488494873047,36.949565887451172
90920064,2019,2019-02-06,9720,2019-01-30,0738,015170,,3,1,9,4400,0,1,3,,1,012,"SR-236 (S/B)","RIDGE DR",528.00,S,N,B,-,Y,,,236,,,,,,,Y,2,0,1,1,A,-,08,22107,,N,E,I,A,A,E,H,A,D,0,,,,,Y,,D,22,1,0,0,0,0,0,0,0,0,"- ","- ",37.134040832519531,-122.13950347900391,"SANTA CRUZ",UNINCORPORATED,-122.13949584960938,37.134048461914062
90952123,2019,2019-05-29,9720,2019-03-15,1220,017642,,5,1,9,4400,0,1,3,,2,020,"SR-1 S/B","SOQUEL DR",1056.00,N,N,B,-,Y,,,1,,,,,,S,Y,2,0,1,4,A,-,03,22350,,N,C,C,A,A,H,-,A,D,0,,,,,Y,,A,01,1,0,0,0,0,0,0,0,0,"- ","- ",36.987468719482422,-121.98908996582031,"SANTA CRUZ",UNINCORPORATED,-121.98908233642578,36.987525939941406
90955967,2018,2019-06-27,9720,2018-12-31,1748,018650,,1,2,9,4400,0,1,3,,2,020,"SR-1 N/B","SOQUEL DR.",1584.00,S,N,A,-,Y,,,1,,,,,,N,Y,1,1,0,2,A,-,11,21954,A,N,G,B,D,A,H,-,C,D,0,Y,,,,Y,Y,N,60,0,0,0,1,0,0,0,0,0,"- ","- ",36.986000061035156,-121.98130035400391,"SANTA CRUZ",UNINCORPORATED,-121.98131561279297,36.985950469970703
90963928,2019,2019-04-09,9720,2019-04-02,1444,022162,,2,2,9,4400,0,1,3,,1,015,"N/B SR 9","LAZY WOODS RD",385.00,S,N,B,-,Y,,,9,,,,,,,Y,2,0,1,2,A,-,03,22350,,N,B,C,A,A,H,-,A,D,0,,,,,Y,,D,22,1,0,0,0,0,0,0,0,0,"- ","- ",37.065078735351562,-122.07951354980469,"SANTA CRUZ",UNINCORPORATED,-122.07957458496094,37.065074920654297
90966920,2018,2019-04-12,9720,2018-09-09,2500,021248,,7,4,9,4400,0,3,5,,2,300,"AMESTI RD","BENCICH LN",122.00,W,N,A,-,N,,,,,,,,,,Y,1,1,0,1,A,-,08,22107,,N,E,I,A,A,H,-,D,D,0,,,,,Y,Y,A,01,0,0,0,0,0,0,0,0,0,"- ","- ",36.95111083984375,-121.77329254150391,"SANTA CRUZ",UNINCORPORATED,-121.77424621582031,36.951316833496094
90972992,2019,2019-04-24,9720,2019-02-14,1536,020012,,4,2,9,4400,0,1,3,,1,017,"SR-17 N/B","SUMMIT RD",1584.00,S,N,B,-,Y,,,17,,,,,,N,Y,1,1,4,11,C,-,18,,,N,E,J,A,B,H,-,A,D,0,,,,Y,Y,,-,"- ",1,3,0,0,0,0,0,0,0,"- ","- ",37.140571594238281,-121.98474884033203,"SANTA CRUZ",UNINCORPORATED,-121.9847412109375,37.140575408935547
90978220,2018,2019-04-29,9720,2018-11-13,0950,017642,,2,1,5,4402,0,1,3,,2,020,"SR-1 N/B","RIVER ST",1056.00,S,N,A,-,Y,,,1,,,,,,N,Y,2,0,19,20,A,-,16,24002,A,N,E,I,A,A,H,-,A,A,0,,,,Y,Y,,G,25,4,6,9,0,0,0,0,0,0,"- ","- ",36.985321044921875,-122.02681732177734,"SANTA CRUZ","SANTA CRUZ",-122.02683258056641,36.985370635986328
90983147,2019,2019-07-04,9720,2019-04-29,0009,021183,,1,3,9,4400,0,2,4,,1,032,"GREEN VALLEY RD","LITA LN",31.00,S,N,A,-,N,,,,,,,,,,Y,2,0,1,2,A,-,08,22107,,N,G,B,E,A,H,-,D,D,0,Y,,,,Y,Y,A,01,1,0,0,0,1,0,0,0,0,"- ","- ",36.954780578613281,-121.76486968994141,"SANTA CRUZ",UNINCORPORATED,-121.76493072509766,36.954765319824219
90983511,2019,2019-05-07,9720,2019-04-29,1745,019956,,1,2,9,4400,0,2,4,,1,016,"GRAHAM HILL RD","CRESS DR",110.00,N,N,B,-,N,,,,,,,,,,Y,2,0,1,2,A,-,03,22350,,N,C,C,A,A,H,-,A,D,0,,,,,Y,,D,22,1,0,0,0,0,0,0,0,0,"- ","- ",37.023178100585938,-122.03720855712891,"SANTA CRUZ",UNINCORPORATED,-122.03720855712891,37.023208618164062
90986089,2018,2019-05-24,9720,2018-10-17,0921,021477,,3,1,9,4400,0,1,3,,1,015,"SR-9 S/B","PARK DR",528.00,S,N,A,-,Y,,,9,,,,,,S,Y,1,1,1,1,A,-,08,22107,,N,E,I,A,A,H,-,A,D,0,,,,,Y,,A,08,1,0,0,0,0,0,0,0,0,"- ","- ",37.078388214111328,-122.08309173583984,"SANTA CRUZ",UNINCORPORATED,-122.08317565917969,37.078407287597656
90992143,2019,2019-05-20,9720,2019-05-08,1317,021714,,3,1,9,4400,0,1,3,,1,010,"SR-1 S/B","BONNY DOON RD",10.00,S,N,A,-,Y,,,1,,,,,,S,Y,2,0,1,1,A,-,08,22107,,M,E,I,A,A,H,-,A,D,0,,,,,Y,,A,01,1,0,0,0,0,0,0,0,0,"- ","- ",37.001129150390625,-122.18019104003906,"SANTA CRUZ",UNINCORPORATED,-122.18039703369141,37.000923156738281
90992608,2019,2019-05-21,9720,2019-05-10,1636,021833,,5,2,9,4400,0,2,4,,1,031,"FREEDOM BLVD","LA VIDA RD",471.00,W,N,A,-,N,,,,,,,,,,Y,2,0,1,1,A,-,01,23152,A,N,E,I,A,A,H,-,A,D,0,,,,,Y,Y,A,01,1,0,0,0,0,0,0,0,0,"- ","- ",36.981349945068359,-121.82881927490234,"SANTA CRUZ",UNINCORPORATED,-121.82875823974609,36.981418609619141
91002429,2019,2019-06-03,9720,2019-05-26,0202,022162,,7,3,9,4400,0,1,3,,1,015,"SR-9 N/B","IRWIN WAY",30.00,N,N,C,-,Y,,,9,,,,,,N,N,2,0,1,1,A,-,01,23152,G,N,E,I,A,B,H,-,D,D,0,,,,,Y,,A,07,1,0,0,0,0,0,0,0,0,"- ","- ",37.112808227539062,-122.11505889892578,"SANTA CRUZ",UNINCORPORATED,-122.11514282226562,37.112682342529297
91009089,2018,2019-08-12,9720,2018-09-16,2104,021940,,7,2,9,4400,0,3,5,,2,300,"CORRALITOS RD","ALDRIDGE LN",1584.00,S,N,A,-,N,,,,,,,,,,Y,1,1,0,2,D,-,00,,,N,G,B,E,A,H,-,D,D,0,Y,,,,Y,,-,"- ",0,0,0,1,0,0,0,0,0,"- ","- ",36.981361389160156,-121.80616760253906,"SANTA CRUZ",UNINCORPORATED,-121.80605316162109,36.982509613037109
91023659,2019,2019-07-03,9720,2019-06-21,1050,021477,,5,1,9,4400,0,1,3,,1,015,SR-9,"PACIFIC AVE",528.00,S,N,A,-,Y,,,9,,,,,,,Y,2,0,2,2,A,-,09,21804,A,N,D,C,A,A,H,-,A,D,0,,,,,Y,,A,01,1,0,1,0,0,0,0,0,0,"- ","- ",37.107769012451172,-122.10797119140625,"SANTA CRUZ",UNINCORPORATED,-122.10797882080078,37.107749938964844
91023930,2019,2019-07-03,9720,2019-06-23,2027,022171,,7,2,9,4400,0,1,3,,1,034,SR-152,"HOLOHAN RD",3696.00,E,N,A,-,Y,,,152,,,,,,,Y,2,0,2,3,A,-,01,23152,A,F,A,C,A,A,H,-,B,D,0,,,,,Y,Y,A,01,1,1,0,0,0,0,0,0,0,"- ","- ",36.945419311523438,-121.73715972900391,"SANTA CRUZ",UNINCORPORATED,-121.73715209960938,36.945411682128906
91026794,2019,2019-07-09,9720,2019-06-28,2131,022125,,5,2,9,4400,0,2,4,,1,016,"GRAHAM HILL RD.","SUMMIT AVE",10.00,N,N,A,-,N,,,,,,,,,,Y,2,0,2,2,A,-,09,21801,A,N,D,C,A,A,H,-,C,D,0,,,Y,,Y,Y,A,01,2,0,0,0,0,0,0,0,2,"- ","- ",37.046131134033203,-122.05999755859375,"SANTA CRUZ",UNINCORPORATED,-122.05992126464844,37.046180725097656
91043314,2019,2019-08-01,9720,2019-07-24,2321,022171,,3,3,9,4400,0,3,5,,2,100,"EMPIRE GRADE RD","LAMMA RANCH LANE",4752.00,N,N,A,-,N,,,,,,,,,,Y,2,0,1,1,A,-,08,22107,,N,E,I,A,A,H,-,D,D,0,,,,,Y,,D,22,1,0,0,0,0,0,0,0,0,"- ","- ",37.018741607666016,-122.0809326171875,"SANTA CRUZ",UNINCORPORATED,-122.08216857910156,37.019699096679688
91043498,2019,2019-08-01,9720,2019-07-24,1345,021489,,3,1,9,4400,0,1,3,,1,034,SR-152,"RED HAWK PL",50.00,W,N,A,-,Y,,,152,,,,,,,Y,2,0,2,1,A,-,08,22107,,F,E,I,A,A,H,-,A,D,0,,,,,Y,,A,07,1,1,0,0,0,0,0,0,0,"- ","- ",36.974899291992188,-121.71965789794922,"SANTA CRUZ",UNINCORPORATED,-121.71964263916016,36.974899291992188
91055342,2019,2019-08-20,9720,2019-08-11,1800,022349,,7,2,9,4400,0,1,3,,1,010,SR-1,"OCEAN ST",2.00,S,N,A,-,Y,,,1,,,,,,,N,2,0,1,2,A,-,11,21950,B,N,G,B,D,A,H,-,B,D,0,Y,,,,Y,,N,60,1,0,0,0,1,0,0,0,0,"- ","- ",37.011299133300781,-122.19529724121094,"SANTA CRUZ",UNINCORPORATED,-122.19529724121094,37.011310577392578
91055778,2019,2019-08-20,9720,2019-08-15,0735,020012,,4,1,9,4400,0,1,3,,2,020,"SR-1 N/B","PARK AVE",1584.00,N,N,A,-,Y,,,1,,,,,,N,Y,2,0,1,2,A,-,03,22350,,N,C,C,A,A,H,-,A,D,0,,,Y,,Y,,C,02,1,0,0,0,0,0,0,0,1,"- ","- ",36.984100341796875,-121.94287109375,"SANTA CRUZ",UNINCORPORATED,-121.94287109375,36.984092712402344
91058455,2019,2019-08-23,9720,2019-08-18,0620,022293,,7,1,9,4400,0,1,3,,1,017,"STATE ROUTE 17","GLEN CANYON ROAD U/C",36.00,N,N,C,-,Y,,,17,,,,,,,Y,2,0,1,1,A,-,08,22107,,N,E,I,A,B,H,-,A,D,0,,,,,Y,,A,01,1,0,0,0,0,0,0,0,0,"- ","- ",37.036781311035156,-122.01947021484375,"SANTA CRUZ",UNINCORPORATED,-122.01942443847656,37.036689758300781
91066810,2019,2019-09-04,9720,2019-08-24,1800,022349,,6,2,9,4400,0,3,5,,2,200,"BRANCIFORTE DR","TREEHOUSE WAY",528.00,N,N,A,-,N,,,,,,,,,,Y,2,0,1,1,A,-,01,23152,A,N,E,I,A,A,H,-,A,D,0,,,Y,,Y,Y,C,02,1,0,0,0,0,0,0,0,1,"- ","- ",37.035800933837891,-121.98480224609375,"SANTA CRUZ",UNINCORPORATED,-121.97864532470703,37.051994323730469
91067575,2019,2019-09-04,9720,2019-08-24,1348,022162,,6,1,9,4400,0,1,3,,1,015,SR9,"WESTERN AVE",600.00,S,N,A,-,Y,,,9,,,,,,,N,2,0,1,1,A,-,08,22107,,N,F,A,A,A,G,-,A,D,0,,Y,,,Y,,L,04,1,0,0,0,0,0,1,0,0,"- ","- ",37.105331420898438,-122.10527801513672,"SANTA CRUZ",UNINCORPORATED,-122.1053466796875,37.105300903320312
91071756,2019,2019-09-10,9720,2019-08-28,1810,021806,,3,2,9,4400,0,2,4,,1,023,"17TH AVE","HARPER ST",12.00,E,N,A,-,N,,,,,,,,,,Y,2,0,1,2,A,-,01,23152,F,N,D,C,A,A,H,-,A,A,0,,,,,Y,Y,D,22,1,0,0,0,0,0,0,0,0,"- ","- ",36.973861694335938,-121.98371887207031,"SANTA CRUZ",UNINCORPORATED,-121.983642578125,36.973850250244141
91072218,2019,2019-11-20,9720,2019-08-08,1204,021717,,4,1,9,4400,0,3,5,,2,100,"BEAR CREEK RD","BEAR CREEK WAY",500.00,E,N,A,-,N,,,,,,,,,,Y,1,1,0,1,C,-,18,,,N,E,J,A,A,G,-,A,D,0,,,Y,,Y,,-,"- ",0,0,0,0,0,0,0,1,0,"- ","- ",37.173698425292969,-122.05716705322266,"SANTA CRUZ",UNINCORPORATED,-122.05726623535156,37.173679351806641
91074833,2019,2019-09-16,9720,2019-08-28,1850,021877,,3,2,9,4400,0,1,3,,2,020,"SR-1 N/B","PORTER ST",528.00,S,N,A,-,Y,,,1,,,,,,N,Y,2,0,3,2,A,-,01,23152,G,N,B,C,A,A,H,-,A,D,0,,,,,Y,Y,A,01,1,1,1,0,0,0,0,0,0,"- ","- ",36.983749389648438,-121.95175933837891,"SANTA CRUZ",UNINCORPORATED,-121.95175933837891,36.983772277832031
91074894,2019,2019-12-17,9720,2019-08-23,2150,021833,,5,2,9,4400,0,3,5,,2,200,"SUMMIT RD","TIMMUS LANE",160.00,E,N,A,-,N,,,,,,,,,,Y,2,0,2,2,A,-,01,23152,A,N,D,C,A,A,H,-,D,D,0,,,Y,,Y,Y,C,02,1,0,1,0,0,0,0,0,1,"- ","- ",37.124988555908203,-121.93831634521484,"SANTA CRUZ",UNINCORPORATED,-121.94898986816406,37.12811279296875
91080041,2019,2019-09-23,9720,2019-09-08,1525,022044,,7,2,9,4400,0,1,3,,1,010,SR-1,"SCOTT CREEK",200.00,S,N,A,-,Y,,,,,,,,,,Y,2,0,1,5,A,-,08,22107,,N,D,C,E,A,H,-,A,D,0,Y,,,,Y,,D,22,1,0,0,0,1,0,0,0,0,"- ","- ",37.224781036376953,-122.13430023193359,"SANTA CRUZ",UNINCORPORATED,,
91082430,2019,2019-09-25,9720,2019-09-15,1944,021806,,7,2,9,4400,0,1,3,,2,020,"SR-1 N/B TO SR-17 N/B","EMELINE AVE",930.00,N,N,A,-,Y,,,1,,,,R,,N,Y,2,0,1,1,A,-,01,23152,A,N,F,A,A,A,H,-,D,D,0,,,Y,,Y,Y,C,02,1,0,0,0,0,0,0,0,1,"- ","- ",36.989818572998047,-122.02082061767578,"SANTA CRUZ",UNINCORPORATED,-122.02082061767578,36.989818572998047
91085846,2019,2019-09-27,9720,2019-09-14,1830,021988,,6,2,9,4400,0,2,4,,1,024,"PORTOLA DR","30TH AVE",0.00,,Y,A,-,N,,,,,,,,,,Y,2,0,1,2,A,-,09,21801,A,N,D,C,A,A,H,-,A,D,0,,,Y,,Y,,A,01,1,0,0,0,0,0,0,0,1,"- ","- ",36.963459014892578,-121.97405242919922,"SANTA CRUZ",UNINCORPORATED,-121.97406768798828,36.963489532470703