CASE_ID,ACCIDENT_YEAR,PROC_DATE,JURIS,COLLISION_DATE,COLLISION_TIME,OFFICER_ID,REPORTING_DISTRICT,DAY_OF_WEEK,CHP_SHIFT,POPULATION,CNTY_CITY_LOC,SPECIAL_COND,BEAT_TYPE,CHP_BEAT_TYPE,CITY_DIVISION_LAPD,CHP_BEAT_CLASS,BEAT_NUMBER,PRIMARY_RD,SECONDARY_RD,DISTANCE,DIRECTION,INTERSECTION,WEATHER_1,WEATHER_2,STATE_HWY_IND,CALTRANS_COUNTY,CALTRANS_DISTRICT,STATE_ROUTE,ROUTE_SUFFIX,POSTMILE_PREFIX,POSTMILE,LOCATION_TYPE,RAMP_INTERSECTION,SIDE_OF_HWY,TOW_AWAY,COLLISION_SEVERITY,NUMBER_KILLED,NUMBER_INJURED,PARTY_COUNT,PRIMARY_COLL_FACTOR,PCF_CODE_OF_VIOL,PCF_VIOL_CATEGORY,PCF_VIOLATION,PCF_VIOL_SUBSECTION,HIT_AND_RUN,TYPE_OF_COLLISION,MVIW,PED_ACTION,ROAD_SURFACE,ROAD_COND_1,ROAD_COND_2,LIGHTING,CONTROL_DEVICE,CHP_ROAD_TYPE,PEDESTRIAN_ACCIDENT,BICYCLE_ACCIDENT,MOTORCYCLE_ACCIDENT,TRUCK_ACCIDENT,NOT_PRIVATE_PROPERTY,ALCOHOL_INVOLVED,STWD_VEHTYPE_AT_FAULT,CHP_VEHTYPE_AT_FAULT,COUNT_SEVERE_INJ,COUNT_VISIBLE_INJ,COUNT_COMPLAINT_PAIN,COUNT_PED_KILLED,COUNT_PED_INJURED,COUNT_BICYCLIST_KILLED,COUNT_BICYCLIST_INJURED,COUNT_MC_KILLED,COUNT_MC_INJURED,PRIMARY_RAMP,SECONDARY_RAMP,LATITUDE,LONGITUDE,COUNTY,CITY,POINT_X,POINT_Y
91090691,2019,2019-10-04,9720,2019-09-29,0100,021969,,7,3,9,4400,0,3,5,,2,200,"PORTER ST","SOQUEL DR",56.00,N,N,A,-,N,,,,,,,,,,N,2,0,1,1,A,-,08,22107,,N,F,A,A,A,H,-,C,D,0,,Y,,,Y,,L,04,1,0,0,0,0,0,1,0,0,"- ","- ",36.988380432128906,-121.95728302001953,"SANTA CRUZ",UNINCORPORATED,-121.95733642578125,36.988273620605469
91093610,2019,2019-10-09,9720,2019-10-02,2313,022293,,3,3,9,4400,0,3,5,,2,100,"NELSON ROAD","LOCKHART GULCH RD",5808.00,N,N,A,-,N,,,,,,,,,,Y,2,0,1,1,A,-,01,23152,G,N,E,I,A,A,H,-,D,D,0,,,,,Y,Y,A,01,1,0,0,0,0,0,0,0,0,"- ","- ",37.064849853515625,-122.02590179443359,"SANTA CRUZ",UNINCORPORATED,-122.02360534667969,37.069622039794922
91102995,2019,2019-10-22,9720,2019-10-11,1035,021211,,5,1,9,4400,0,3,5,,2,300,"LARKIN VALLEY RD","MANFRE RD",440.00,S,N,A,-,Y,,,,,,,,,,N,2,0,1,2,A,-,03,22350,,N,C,G,A,A,H,-,A,D,0,,Y,,,Y,,A,01,1,0,0,0,0,0,1,0,0,"- ","- ",36.92633056640625,-121.79931640625,"SANTA CRUZ",UNINCORPORATED,-121.79940032958984,36.9263916015625
91108617,2019,2019-10-29,9720,2019-10-18,2110,020391,,5,2,9,4400,0,3,5,,2,300,"GREEN VALLEY RD","AMESTI RD",165.00,W,N,A,-,N,,,,,,,,,,N,2,0,1,2,A,-,08,22107,,N,E,B,E,A,H,-,C,D,0,Y,,,,Y,,A,01,1,0,0,0,1,0,0,0,0,"- ","- ",36.945220947265625,-121.76718902587891,"SANTA CRUZ",UNINCORPORATED,-121.76708221435547,36.945247650146484
91111431,2019,2019-11-20,9720,2019-08-11,1427,021988,,7,2,9,4400,0,1,3,,1,010,SR-1,"SWANTON RD",11088.00,N,N,A,-,Y,,,1,,,,,,,Y,1,1,2,2,A,-,06,21755,,N,A,C,A,A,H,-,A,D,0,,,,,Y,,A,01,2,0,0,0,0,0,0,0,0,"- ","- ",37.040271759033203,-122.22865295410156,"SANTA CRUZ",UNINCORPORATED,-122.22864532470703,37.040275573730469
91111791,2019,2019-11-01,9720,2019-10-22,2207,022125,,2,3,9,4400,0,3,5,,2,100,"E ZAYANTE RD.","LOMPICO RD",90.00,N,N,A,-,N,,,,,,,,,,Y,2,0,1,2,A,-,01,23152,A,F,A,C,A,A,H,-,D,D,0,,,,,Y,Y,A,01,1,0,0,0,0,0,0,0,0,"- ","- ",37.083290100097656,-122.05065155029297,"SANTA CRUZ",UNINCORPORATED,-122.05069732666016,37.083175659179688
91112920,2019,2019-11-04,9720,2019-08-25,0602,022125,,7,1,9,4400,0,1,3,,1,015,SR-9,"HIGHLAND COUNTY PARK",49.00,N,N,A,-,Y,,,9,,,,,,,Y,1,1,1,2,A,-,05,21460,A,N,A,C,A,A,H,-,D,D,0,,,,,Y,,A,01,0,1,0,0,0,0,0,0,0,"- ","- ",37.079540252685547,-122.08357238769531,"SANTA CRUZ",UNINCORPORATED,-122.08354949951172,37.079551696777344
91114336,2019,2019-11-06,9720,2019-10-28,1000,021248,,1,1,9,4400,0,3,5,,2,200,"GLEN CANYON RD","BRANCIFORTE DR",2112.00,N,N,A,-,N,,,,,,,,,,Y,2,0,1,1,A,-,08,22107,,N,E,I,A,A,H,-,A,D,0,,,,,Y,,A,07,1,0,0,0,0,0,0,0,0,"- ","- ",37.003650665283203,-122.0096435546875,"SANTA CRUZ",UNINCORPORATED,-122.00963592529297,37.003852844238281
91114392,2019,2019-11-06,9720,2019-10-31,1240,015170,,4,1,9,4400,0,1,3,,1,017,"SR-17 (N/B)","SUMMIT RD",4224.00,S,N,A,-,Y,,,,,,,,,,Y,2,0,1,2,A,-,03,22350,,N,F,A,A,A,H,-,A,D,0,,,Y,,Y,,C,02,1,0,0,0,0,0,0,0,1,"- ","- ",,,"SANTA CRUZ",UNINCORPORATED,,
91123778,2019,2019-11-19,9720,2019-11-11,1201,014931,,1,1,9,4400,0,3,5,,2,300,"SAN ANDREAS RD","BUENA VISTA DR",25.00,N,N,A,-,N,,,,,,,,,,N,2,0,1,2,A,-,08,22107,,N,B,G,A,A,H,-,A,D,0,,Y,,,Y,,L,04,1,0,0,0,0,0,1,0,0,"- ","- ",36.918628692626953,-121.83489990234375,"SANTA CRUZ",UNINCORPORATED,-121.83515167236328,36.918754577636719
91123896,2019,2019-11-19,9720,2019-11-12,0825,014931,,2,1,9,4400,0,1,3,,2,030,"SR-1 N/B","MAR MONTE AVE",75.00,S,N,A,-,Y,,,1,,,,,,N,Y,2,0,2,3,A,-,03,22350,,N,C,C,A,A,H,-,A,D,0,,,,,Y,,A,01,1,0,1,0,0,0,0,0,0,"- ","- ",36.9493408203125,-121.85054779052734,"SANTA CRUZ",UNINCORPORATED,-121.85049438476562,36.94940185546875
91128875,2019,2019-11-25,9720,2019-11-15,1850,021860,,5,2,9,4400,0,3,5,,2,100,"SAN LORENZO AVE","LINCOLN WAY",200.00,E,N,A,-,N,,,,,,,,,,N,2,0,1,1,A,-,08,22107,,N,F,A,A,A,H,-,D,D,0,,Y,,,Y,,L,04,1,0,0,0,0,0,1,0,0,"- ","- ",37.040401458740234,-122.07589721679688,"SANTA CRUZ",UNINCORPORATED,-122.07344818115234,37.04132080078125
91142925,2019,2019-12-17,9720,2019-10-23,2335,021877,,3,3,9,4400,0,1,3,,2,030,"SR-1 S/B","MAR MONTE AVE",4224.00,S,N,A,-,Y,,,1,,,,,,S,Y,1,1,4,2,A,-,01,23152,F,N,A,C,A,A,H,-,D,D,0,,,,,Y,Y,A,01,4,0,0,0,0,0,0,0,0,"- ","- ",36.941341400146484,-121.83965301513672,"SANTA CRUZ",UNINCORPORATED,-121.83963775634766,36.941356658935547
91155230,2019,2019-12-30,9720,2019-12-22,1437,021714,,7,2,9,4400,0,1,3,,1,017,"SR-17 S/B","MT. HERMON RD. O/C",528.00,S,N,B,-,Y,,,17,,,,,,S,Y,2,0,1,1,A,-,08,22107,,N,E,I,A,B,H,-,A,D,0,,,,,Y,,A,07,1,0,0,0,0,0,0,0,0,"- ","- ",37.034999847412109,-122.02200317382812,"SANTA CRUZ",UNINCORPORATED,-122.02188110351562,37.034919738769531
91164446,2020,2020-01-13,9720,2020-01-05,1600,022349,,7,2,9,4400,0,3,5,,2,100,"EMPIRE GRADE RD","LLAMA RANCH LN.",200.00,N,N,A,-,N,,,,,,,,,,N,2,0,1,2,A,-,11,21950,B,N,G,B,D,A,H,-,A,D,0,Y,,,,Y,,N,60,1,0,0,0,1,0,0,0,0,"- ","- ",37.013500213623047,-122.07530212402344,"SANTA CRUZ",UNINCORPORATED,-122.07576751708984,37.009574890136719
91167136,2020,2020-01-16,9720,2020-01-08,1440,021714,,3,2,9,4400,0,1,3,,1,017,"SR-17 S/B","SUMMIT RD",4224.00,S,N,B,-,Y,,,17,,,,,,S,Y,2,0,1,1,A,-,03,22350,,N,F,A,A,A,H,-,A,D,0,,,Y,,Y,Y,C,02,1,0,0,0,0,0,0,0,1,"- ","- ",37.133529663085938,-121.98177337646484,"SANTA CRUZ",UNINCORPORATED,-121.98175811767578,37.133544921875
91174356,2020,2020-01-27,9720,2020-01-19,2150,021969,,7,2,9,4400,0,2,4,,1,016,"GRAHAM HILL RD","PONDEROSA LODGE DRIVEWAY",55.00,S,N,A,-,N,,,,,,,,,,Y,2,0,1,1,A,-,01,23152,A,N,E,I,A,A,H,-,D,D,0,,,,,Y,Y,A,07,1,0,0,0,0,0,0,0,0,"- ","- ",37.043399810791016,-122.05239105224609,"SANTA CRUZ",UNINCORPORATED,-122.05231475830078,37.043430328369141
91175119,2020,2020-01-28,9720,2020-01-23,1743,021321,,4,2,9,4400,0,1,3,,1,015,"RT 9","CALIFORNIA DR",169.00,N,N,A,-,Y,,,9,,,,,,,N,2,0,1,2,D,-,00,,,N,B,G,A,A,H,-,D,D,0,,Y,,,Y,Y,-,"- ",1,0,0,0,0,0,1,0,0,"- ","- ",37.095951080322266,-122.09728240966797,"SANTA CRUZ",UNINCORPORATED,-122.09738922119141,37.095928192138672
91180152,2020,2020-02-04,9720,2020-01-30,1548,020391,,4,2,9,4400,0,2,4,,1,031,"FREEDOM BLVD","REDWOOD HEIGHTS RD",382.00,W,N,A,-,N,,,,,,,,,,Y,2,0,1,1,A,-,01,23152,A,N,E,I,A,A,H,-,A,D,0,,,,,Y,,D,22,1,0,0,0,0,0,0,0,0,"- ","- ",36.987411499023438,-121.84307098388672,"SANTA CRUZ",UNINCORPORATED,-121.843017578125,36.987525939941406
91180943,2020,2020-02-05,9720,2020-01-25,0619,021211,,6,1,9,4400,0,3,5,,2,300,"AMESTI RD","VALLECITOS LN",0.00,,Y,A,-,N,,,,,,,,,,Y,2,0,2,2,A,-,09,21802,B,N,D,C,A,A,H,-,C,D,0,,,,,Y,,A,01,1,1,0,0,0,0,0,0,0,"- ","- ",36.959999084472656,-121.78749847412109,"SANTA CRUZ",UNINCORPORATED,-121.78755187988281,36.960010528564453
91188778,2020,2020-02-18,9720,2020-02-06,0600,021489,,4,1,9,4400,0,1,3,,1,017,"SR-17 N/B","CRESCENT DR",130.00,S,N,A,-,Y,,,17,,,,,,N,N,2,0,1,4,A,-,08,22107,,N,E,I,A,A,H,-,D,D,0,,,,Y,Y,,D,22,1,0,0,0,0,0,0,0,0,"- ","- ",37.082019805908203,-121.97691345214844,"SANTA CRUZ",UNINCORPORATED,-121.97666931152344,37.081977844238281
91190888,2020,2020-02-21,9720,2020-02-16,0350,021969,,7,3,9,4400,0,1,3,,2,030,"SR-1 S/B",SR-152,150.00,S,N,E,-,Y,,,,,,,,,,Y,2,0,1,1,A,-,01,23152,A,N,E,I,A,A,H,-,D,D,0,,,,,Y,Y,A,01,1,0,0,0,0,0,0,0,0,"- ","- ",36.558330535888672,-121.47245788574219,"SANTA CRUZ",UNINCORPORATED,,
91193100,2020,2020-02-25,9720,2020-02-16,1513,022290,,7,2,9,4400,0,1,3,,1,017,"SR-17 N/B","PASATIEMPO DR",1056.00,N,N,A,-,Y,,,17,,,,,,N,Y,2,0,1,3,A,-,01,23152,A,N,B,C,A,A,H,-,A,D,0,,,Y,,Y,Y,C,02,1,0,0,0,0,0,0,0,1,"- ","- ",37.001949310302734,-122.02081298828125,"SANTA CRUZ",UNINCORPORATED,-122.02086639404297,37.001972198486328
91193150,2020,2020-02-25,9720,2020-02-16,0200,021940,,7,3,9,4400,0,3,5,,2,200,"TROUT GULCH RD","OLD FARM LN",1000.00,N,N,A,-,N,,,,,,,,,,Y,2,0,1,1,A,-,01,23152,A,N,E,J,A,A,H,-,D,D,0,,,,,Y,Y,A,01,1,0,0,0,0,0,0,0,0,"- ","- ",36.9810791015625,-121.89028167724609,"SANTA CRUZ",UNINCORPORATED,-121.89937591552734,36.978321075439453
91194334,2020,2020-02-26,9720,2020-02-15,1645,022471,,6,2,4,4403,0,1,3,,2,030,"MOUNT MADONNA RD","HAZEL DELL RD",1056.00,E,N,A,-,N,,,,,,,,,,N,2,0,2,1,A,-,08,22107,,N,F,A,A,A,H,-,A,D,0,,,Y,,Y,,C,02,2,0,0,0,0,0,0,0,2,"- ","- ",36.993000030517578,-121.73400115966797,"SANTA CRUZ",WATSONVILLE,-121.73403930664062,36.993595123291016
91194551,2020,2020-02-27,9720,2020-02-14,1450,021860,,5,2,9,4400,0,3,5,,2,100,"ORCHARD DR","SIMS ROAD",60.00,N,N,A,-,N,,,,,,,,,,N,2,0,1,2,C,-,18,,,N,G,B,E,A,H,-,A,D,0,Y,,,,Y,Y,-,"- ",1,0,0,0,1,0,0,0,0,"- ","- ",37.011798858642578,-122.03309631347656,"SANTA CRUZ",UNINCORPORATED,-122.03306579589844,37.011936187744141
91209980,2020,2020-04-02,9720,2020-03-08,1900,022162,,7,2,9,4400,0,2,4,,1,016,"GRAHAM HILL RD","COVERED BRIDGE RD  S",150.00,N,N,B,-,N,,,,,,,,,,Y,2,0,1,2,A,-,09,21801,A,N,D,C,A,A,H,-,B,D,0,,,Y,,Y,,D,22,1,0,0,0,0,0,0,0,1,"- ","- ",36.051738739013672,-122.06587982177734,"SANTA CRUZ",UNINCORPORATED,-122.06891632080078,37.051559448242188
91213768,2020,2020-04-06,9720,2020-03-16,1219,021321,,1,1,9,4400,0,3,5,,2,300,"TRABING RD","AZURE LN",4000.00,N,N,A,-,Y,,,,,,,,,,Y,1,1,1,1,A,-,01,23152,A,N,E,I,A,A,H,-,A,D,0,,,,,Y,Y,D,22,0,1,0,0,0,0,0,0,0,"- ","- ",36.934780120849609,-121.820556640625,"SANTA CRUZ",UNINCORPORATED,-121.82489776611328,36.937076568603516
91215820,2020,2020-04-29,9720,2020-03-23,1335,021790,,1,1,9,4400,0,1,3,,1,014,SR-9,SR-35,9504.00,S,N,E,-,Y,,,9,,,,,,,Y,2,0,3,2,A,-,09,21804,A,N,A,C,A,B,H,-,A,D,0,,,,,Y,,A,01,1,2,0,0,0,0,0,0,0,"- ","- ",37.245109558105469,-122.14498901367188,"SANTA CRUZ",UNINCORPORATED,-122.14495086669922,37.245185852050781
91225298,2020,2020-04-14,9720,2020-04-02,1730,022293,,4,2,9,4400,0,3,5,,2,100,"EMPIRE GRADE RD","GRAINGER LN",50.00,S,N,A,-,N,,,,,,,,,,Y,2,0,1,1,A,-,08,22107,,N,E,I,A,A,H,-,B,D,0,,,Y,,Y,,C,02,1,0,0,0,0,0,0,0,1,"- ","- ",37.073101043701172,-122.12930297851562,"SANTA CRUZ",UNINCORPORATED,-122.12979888916016,37.073562622070312
91227695,2020,2020-04-20,9720,2020-04-14,1535,021053,,2,2,9,4400,0,1,3,,1,010,SR-1,"SWANTON RD",500.00,S,N,A,-,Y,,,1,,,,,,,Y,2,0,1,2,A,-,05,21460,A,N,B,C,A,A,H,-,A,D,0,,,Y,,Y,,C,02,1,0,0,0,0,0,0,0,1,"- ","- ",37.067501068115234,-122.25569915771484,"SANTA CRUZ",UNINCORPORATED,-122.25569915771484,37.067501068115234
91254005,2020,2020-06-18,9720,2020-06-08,1940,021790,,1,2,9,4400,0,2,4,,1,032,"GREEN VALLEY RD","MINTO RD",5.00,E,N,A,-,N,,,,,,,,,,N,2,0,1,2,A,-,10,21950,A,N,G,B,B,A,H,-,A,A,0,Y,,,,Y,,A,01,1,0,0,0,1,0,0,0,0,"- ","- ",36.951438903808594,-121.76487731933594,"SANTA CRUZ",UNINCORPORATED,-121.76490783691406,36.951328277587891
91259645,2020,2020-06-29,9720,2020-06-17,1510,021833,,3,2,9,4400,0,2,4,,1,023,"7TH AVENUE","EATON AVE",0.00,,Y,A,-,N,,,,,,,,,,N,2,0,1,2,A,-,09,21453,B,N,D,G,A,A,H,-,A,A,0,,Y,,,Y,,A,07,1,0,0,0,0,0,1,0,0,"- ","- ",36.967720031738281,-121.99800872802734,"SANTA CRUZ",UNINCORPORATED,-121.99800109863281,36.967670440673828
91260940,2020,2020-09-28,9720,2020-04-28,1700,020640,,2,2,9,4400,0,3,5,,2,200,"30TH AVE","E. CLIFF DR.",230.00,N,N,A,-,N,,,,,,,,,,N,2,0,1,2,A,-,08,22107,,N,E,E,A,A,H,-,A,A,0,,Y,,,Y,,L,04,1,0,0,0,0,0,1,0,0,"- ","- ",36.956478118896484,-121.97315216064453,"SANTA CRUZ",UNINCORPORATED,-121.97316741943359,36.956451416015625
9126353,2020,2020-09-18,4402,2020-06-06,1245,153,4402,6,5,5,4402,0,0,0,,0,000,"MISSION ST","BURKETT ST",446.40,W,N,A,-,N,,,,,,,,,,N,2,0,1,1,D,-,00,,,N,F,A,A,A,H,-,A,D,0,,Y,,,Y,,-,"- ",1,0,0,0,0,0,1,0,0,"- ","- ",,,"SANTA CRUZ","SANTA CRUZ",-122.06039428710938,36.960235595703125
91266927,2020,2020-07-10,9720,2020-07-05,1840,022140,,7,2,9,4400,0,3,5,,2,300,"SAN ANDREAS RD","BUENA VISTA DR",220.00,N,N,A,-,N,,,,,,,,,,Y,2,0,1,1,A,-,03,22350,,N,F,A,A,A,H,-,A,D,0,,,Y,,Y,,C,02,1,0,0,0,0,0,0,0,1,"- ","- ",36.919090270996094,-121.83561706542969,"SANTA CRUZ",UNINCORPORATED,-121.83565521240234,36.919109344482422
91267299,2020,2020-07-13,9720,2020-07-07,1935,021918,,2,2,9,4400,0,1,3,,2,020,"SR-1 N/B","RIO DEL MAR BLVD",389.00,S,N,A,-,Y,,,1,,,,,,N,Y,2,0,4,3,A,-,03,22350,,N,C,C,A,A,H,-,A,D,0,,,,,Y,,A,07,2,2,0,0,0,0,0,0,0,"- ","- ",36.974498748779297,-121.88429260253906,"SANTA CRUZ",UNINCORPORATED,-121.88428497314453,36.974506378173828
91272336,2020,2020-07-22,9720,2020-07-12,2040,022140,,7,2,9,4400,0,3,5,,2,300,"W. BEACH ROAD","CLEARWATER LANE",528.00,E,N,A,-,N,,,,,,,,,,Y,2,0,4,1,A,-,01,23152,A,N,E,I,A,A,H,-,B,D,0,,,,,Y,Y,A,01,2,2,0,0,0,0,0,0,0,"- ","- ",36.893360137939453,-121.78368377685547,"SANTA CRUZ",UNINCORPORATED,-121.78386688232422,36.893165588378906
91273525,2020,2020-07-23,9720,2020-07-19,1220,021860,,7,1,9,4400,0,1,3,,1,015,"SR-9 N/B",SR-236,1584.00,S,N,A,-,Y,,,9,,,,,,N,Y,2,0,1,1,A,-,08,22107,,N,E,I,A,A,H,-,A,D,0,,,Y,,Y,,C,02,1,0,0,0,0,0,0,0,1,"- ","- ",37.211200714111328,-122.15160369873047,"SANTA CRUZ",UNINCORPORATED,-122.15158081054688,37.211231231689453
91278628,2020,2020-07-31,9720,2020-07-21,0859,021211,,2,1,9,4400,0,1,3,,2,020,"SR-1 N/B","MORRISSEY BLVD",1056.00,S,N,B,-,Y,,,,,,,,,,Y,2,0,1,2,C,-,18,,,N,C,C,A,A,H,-,A,D,0,,,,,Y,,-,"- ",1,0,0,0,0,0,0,0,0,"- ","- ",36.988201141357422,-121.99410247802734,"SANTA CRUZ",UNINCORPORATED,-122.00324249267578,36.988380432128906
91278870,2020,2020-07-31,9720,2020-07-22,1710,022471,,3,2,9,4400,0,1,3,,2,020,"S/B SR-1","PARK AVE",2640.00,N,N,A,-,Y,,,,,,,,,,Y,2,0,1,2,A,-,03,22350,,N,F,A,A,A,H,-,A,D,0,,,Y,,Y,,C,02,1,0,0,0,0,0,0,0,1,"- ","- ",36.983898162841797,-122.94699859619141,"SANTA CRUZ",UNINCORPORATED,,
9128143,2020,2020-11-04,4403,2020-07-03,2005,406,526,5,5,4,4403,0,0,0,,0,005,"MAIN ST","GREEN VALLEY RD",389.00,N,N,A,-,Y,SCR,5,152,-,T,1.130,H,-,W,Y,2,0,2,3,C,-,18,,,N,D,C,A,A,H,-,A,A,0,,,,,Y,,-,"- ",2,0,0,0,0,0,0,0,0,"- ","- ",,,"SANTA CRUZ",WATSONVILLE,-121.78411865234375,36.918701171875
91281944,2020,2020-08-06,9720,2020-07-30,1615,021790,,4,2,9,4400,0,2,4,,1,022,"SOQUEL SAN JOSE RD","SOQUEL CREEK RD",440.00,S,N,A,-,N,,,,,,,,,,Y,2,0,3,4,A,-,05,21460,A,N,B,D,A,A,H,-,A,D,0,,,,,Y,,A,01,1,2,0,0,0,0,0,0,0,"- ","- ",37.038589477539062,-121.944091796875,"SANTA CRUZ",UNINCORPORATED,-121.94369506835938,37.038845062255859
91282959,2020,2020-08-10,9720,2020-07-31,1220,022511,,5,1,9,4400,0,3,5,,2,100,"EMPIRE GRADE RD","VICK DR",528.00,N,N,A,-,N,,,,,,,,,,Y,2,0,1,1,A,-,03,22350,,N,F,A,A,A,H,-,A,D,0,,,Y,,Y,,C,02,1,0,0,0,0,0,0,0,1,"- ","- ",37.092601776123047,-122.14109802246094,"SANTA CRUZ",UNINCORPORATED,-122.14061737060547,37.092098236083984
91287940,2020,2020-08-18,9720,2020-08-15,0853,021321,,6,1,9,4400,0,2,4,,1,021,"SOQUEL DRIVE","DOVER DR",47.00,W,N,A,-,N,,,,,,,,,,Y,2,0,1,2,A,-,03,22350,,N,C,C,A,A,H,-,A,D,0,,,Y,,Y,,C,02,1,0,0,0,0,0,0,0,1,"- ","- ",36.987918853759766,-121.97274017333984,"SANTA CRUZ",UNINCORPORATED,-121.97248077392578,36.987934112548828
91289512,2020,2020-08-20,9720,2020-08-09,1231,021211,,7,1,9,4400,0,2,4,,1,021,"SOQUEL DR","APTOS RANCHO RD",600.00,S,N,A,-,N,,,,,,,,,,N,2,0,1,2,A,-,09,21804,A,F,G,B,E,A,H,-,A,A,0,Y,,,,Y,,-,99,1,0,0,0,1,0,0,0,0,"- ","- ",36.977401733398438,-121.90619659423828,"SANTA CRUZ",UNINCORPORATED,-121.90617370605469,36.977443695068359
91301224,2020,2020-09-09,9720,2020-08-29,2130,021548,,6,2,9,4400,0,2,4,,1,022,"SOQUEL SAN JOSE RD","HOOVER RD",155.00,N,N,A,-,N,,,,,,,,,,Y,2,0,1,2,A,-,01,23152,A,N,E,I,A,A,H,-,D,D,0,,,,,Y,Y,A,01,1,0,0,0,0,0,0,0,0,"- ","- ",37.055881500244141,-121.94127655029297,"SANTA CRUZ",UNINCORPORATED,-121.94108581542969,37.055736541748047
91306495,2020,2020-09-17,9720,2020-07-14,1938,022511,,2,2,9,4400,0,3,5,,2,100,"BEAR CREEK RD","VIEW DR",568.00,E,N,A,-,N,,,,,,,,,,N,1,1,0,2,A,-,08,22107,,F,G,B,E,A,H,-,B,D,0,Y,,,,Y,,A,01,0,0,0,1,0,0,0,0,0,"- ","- ",37.129238128662109,-122.11312866210938,"SANTA CRUZ",UNINCORPORATED,-122.11257934570312,37.129619598388672
91314472,2020,2020-09-29,9720,2020-09-21,1818,021877,,1,2,9,4400,0,1,3,,1,017,"SR-17 S/B","EL RANCHO DR",275.00,N,N,A,-,Y,,,17,,,,,,S,Y,2,0,1,1,A,-,03,22350,,N,E,I,A,A,H,-,A,D,0,,,,,Y,,D,22,1,0,0,0,0,0,0,0,0,"- ","- ",37.035118103027344,-122.02187347412109,"SANTA CRUZ",UNINCORPORATED,-122.02178192138672,37.035060882568359
91314725,2020,2020-09-30,9720,2020-09-20,0809,022290,,7,1,9,4400,0,2,4,,1,024,"PORTOLA DR","41ST AVE",0.00,,Y,A,-,N,,,,,,,,,,Y,2,0,2,2,A,-,08,22107,,N,E,I,F,A,H,-,A,A,0,Y,,,,Y,,A,01,1,0,1,0,1,0,0,0,0,"- ","- ",36.963680267333984,-121.96475982666016,"SANTA CRUZ",UNINCORPORATED,-121.96489715576172,36.963539123535156
91319809,2020,2020-10-08,9720,2020-09-25,0140,021806,,5,3,9,4400,0,1,3,,1,015,"SR-9 N/B","ALAMEDA AVE",21.00,N,N,A,-,Y,,,9,,,,,,N,Y,2,0,1,1,A,-,08,22107,,N,E,I,A,A,H,-,D,D,0,,,Y,,Y,,C,02,1,0,0,0,0,0,0,0,1,"- ","- ",37.107658386230469,-122.10774993896484,"SANTA CRUZ",UNINCORPORATED,-122.10776519775391,37.107646942138672
91323498,2020,2020-10-14,9720,2020-10-03,0015,022349,,6,3,9,4400,0,1,3,,1,015,SR-9,"EXIT RD",2640.00,N,N,A,-,Y,,,9,,,,,,,Y,2,0,1,1,A,-,08,22107,,N,E,I,A,A,H,-,E,D,0,,,,,Y,,D,22,1,0,0,0,0,0,0,0,0,"- ","- ",37.007930755615234,-122.04799652099609,"SANTA CRUZ",UNINCORPORATED,-122.04795837402344,37.008079528808594
91331296,2020,2020-10-26,9720,2020-10-10,1115,021248,,6,1,9,4400,0,2,4,,1,021,"SOQUEL DR","PORTER ST",360.00,E,N,A,-,N,,,,,,,,,,N,2,0,1,1,A,-,03,22350,,N,F,A,A,A,H,-,A,D,0,,,,,Y,,M,94,1,0,0,0,0,0,0,0,0,"- ","- ",36.988658905029297,-121.95610809326172,"SANTA CRUZ",UNINCORPORATED,-121.95623779296875,36.988510131835938
91347590,2020,2020-11-18,9720,2020-11-10,1634,021918,,2,2,9,4400,0,1,3,,1,012,"E/B SR-236","REDWOOD DR",100.00,W,N,A,-,Y,,,236,,,,,,,Y,2,0,1,2,A,-,05,21460,A,N,B,C,A,A,H,-,A,D,0,,,,,Y,,A,01,1,0,0,0,0,0,0,0,0,"- ","- ",37.130069732666016,-122.13397979736328,"SANTA CRUZ",UNINCORPORATED,-122.13398742675781,37.130062103271484
91386578,2021,2021-01-13,9720,2021-01-02,2240,022349,,6,3,9,4400,0,3,5,,2,300,"WEST BEACH ROAD","THURWACHTER RD",0.00,,Y,B,F,N,,,,,,,,,,Y,2,0,1,1,A,-,01,23152,A,N,E,I,A,B,H,-,D,D,0,,,,,Y,Y,A,07,1,0,0,0,0,0,0,0,0,"- ","- ",36.884590148925781,-121.79570007324219,"SANTA CRUZ",UNINCORPORATED,-121.79557800292969,36.884449005126953