CASE_ID,ACCIDENT_YEAR,PROC_DATE,JURIS,COLLISION_DATE,COLLISION_TIME,OFFICER_ID,REPORTING_DISTRICT,DAY_OF_WEEK,CHP_SHIFT,POPULATION,CNTY_CITY_LOC,SPECIAL_COND,BEAT_TYPE,CHP_BEAT_TYPE,CITY_DIVISION_LAPD,CHP_BEAT_CLASS,BEAT_NUMBER,PRIMARY_RD,SECONDARY_RD,DISTANCE,DIRECTION,INTERSECTION,WEATHER_1,WEATHER_2,STATE_HWY_IND,CALTRANS_COUNTY,CALTRANS_DISTRICT,STATE_ROUTE,ROUTE_SUFFIX,POSTMILE_PREFIX,POSTMILE,LOCATION_TYPE,RAMP_INTERSECTION,SIDE_OF_HWY,TOW_AWAY,COLLISION_SEVERITY,NUMBER_KILLED,NUMBER_INJURED,PARTY_COUNT,PRIMARY_COLL_FACTOR,PCF_CODE_OF_VIOL,PCF_VIOL_CATEGORY,PCF_VIOLATION,PCF_VIOL_SUBSECTION,HIT_AND_RUN,TYPE_OF_COLLISION,MVIW,PED_ACTION,ROAD_SURFACE,ROAD_COND_1,ROAD_COND_2,LIGHTING,CONTROL_DEVICE,CHP_ROAD_TYPE,PEDESTRIAN_ACCIDENT,BICYCLE_ACCIDENT,MOTORCYCLE_ACCIDENT,TRUCK_ACCIDENT,NOT_PRIVATE_PROPERTY,ALCOHOL_INVOLVED,STWD_VEHTYPE_AT_FAULT,CHP_VEHTYPE_AT_FAULT,COUNT_SEVERE_INJ,COUNT_VISIBLE_INJ,COUNT_COMPLAINT_PAIN,COUNT_PED_KILLED,COUNT_PED_INJURED,COUNT_BICYCLIST_KILLED,COUNT_BICYCLIST_INJURED,COUNT_MC_KILLED,COUNT_MC_INJURED,PRIMARY_RAMP,SECONDARY_RAMP,LATITUDE,LONGITUDE,COUNTY,CITY,POINT_X,POINT_Y
91388410,2021,2021-01-15,9720,2021-01-08,1050,022125,,5,1,9,4400,0,3,5,,2,100,"E ZAYANTE RD.","LOMPICO RD",100.00,S,N,A,-,N,,,,,,,,,,Y,2,0,1,1,A,-,08,22107,,N,E,I,A,A,H,-,A,D,0,,,,,Y,,D,22,1,0,0,0,0,0,0,0,0,"- ","- ",37.082729339599609,-122.05088043212891,"SANTA CRUZ",UNINCORPORATED,-122.05083465576172,37.08294677734375
91395377,2021,2021-01-27,9720,2021-01-22,0910,021321,,5,1,9,4400,0,1,3,,2,020,"SR-1 S/B","STATE PARD DR",0.00,,Y,B,-,Y,,,,,,,,,,N,2,0,2,3,A,-,10,21950,A,N,G,B,B,B,H,-,A,A,0,Y,,,,Y,,A,07,1,1,0,0,2,0,0,0,0,"- ","- ",36.976261138916016,-121.91166687011719,"SANTA CRUZ",UNINCORPORATED,-121.91044616699219,36.977912902832031
91403842,2021,2021-02-08,9720,2021-01-29,1645,022140,,5,2,9,4400,0,2,4,,1,023,"17TH AVE","RODRIGUEZ ST",5.00,S,N,A,-,N,,,,,,,,,,N,2,0,1,2,A,-,10,21950,A,N,G,B,B,A,H,-,A,A,0,Y,,,,Y,,D,22,1,0,0,0,1,0,0,0,0,"- ","- ",36.982208251953125,-121.9815673828125,"SANTA CRUZ",UNINCORPORATED,-121.98155975341797,36.982265472412109
91405754,2020,2021-02-10,9720,2020-11-27,0028,021860,,5,3,9,4400,0,3,5,,2,300,"AMESTI RD","CYPRESS LN",238.00,E,N,A,-,N,,,,,,,,,,Y,1,1,0,1,A,-,01,23152,A,N,E,I,A,A,H,-,D,D,0,,,,,Y,Y,A,01,0,0,0,0,0,0,0,0,0,"- ","- ",36.960601806640625,-121.78839874267578,"SANTA CRUZ",UNINCORPORATED,-121.78847503662109,36.960651397705078
91406798,2021,2021-02-11,9720,2021-02-03,1840,022545,,3,2,5,4402,0,1,3,,2,020,"SR-1 S/B","EMELINE AVE",898.00,N,N,A,-,Y,,,1,,,,,,S,Y,2,0,1,1,A,-,01,23152,A,N,E,I,A,A,H,-,C,D,0,,,Y,,Y,Y,C,02,1,0,0,0,0,0,0,0,1,"- ","- ",36.988918304443359,-122.021240234375,"SANTA CRUZ","SANTA CRUZ",-122.02121734619141,36.988872528076172
91408341,2021,2021-03-04,9720,2021-02-06,1945,022140,,6,2,9,4400,0,3,5,,2,300,"PIONEER RD","AMESTI RD",440.00,E,N,A,-,N,,,,,,,,,,Y,2,0,1,2,A,-,11,21956,,N,G,B,E,A,H,-,D,D,0,Y,,,,Y,Y,N,60,1,0,0,0,1,0,0,0,0,"- ","- ",36.971248626708984,-121.79367065429688,"SANTA CRUZ",UNINCORPORATED,-121.793701171875,36.971221923828125
91417754,2021,2021-03-01,9720,2021-02-17,1857,022545,,3,2,9,4400,0,1,3,,2,020,"SR-1 S/B","SOQUEL DR",1240.00,S,N,A,-,Y,,,1,,,,,,S,Y,2,0,3,2,A,-,01,23152,A,N,C,C,A,A,H,-,D,D,0,,,,,Y,Y,A,01,2,1,0,0,0,0,0,0,0,"- ","- ",36.985919952392578,-121.98191070556641,"SANTA CRUZ",UNINCORPORATED,-121.98190307617188,36.985931396484375
91420007,2021,2021-03-03,9720,2021-02-27,1920,022044,,6,2,9,4400,0,3,5,,2,100,"KINGS CREEK RD","LOGAN CREEK RD",520.00,N,N,A,-,N,,,,,,,,,,N,2,0,1,1,B,-,22,,,N,F,A,A,A,H,-,D,D,0,,,Y,,Y,,C,06,1,0,0,0,0,0,0,0,1,"- ","- ",37.184471130371094,-122.12286376953125,"SANTA CRUZ",UNINCORPORATED,-122.12319946289062,37.184947967529297
91440187,2021,2021-03-31,9720,2021-03-22,2329,022293,,1,3,9,4400,0,1,3,,1,015,SR-9,"RIVER ST.",250.00,S,N,A,-,Y,,,9,,,,,,,Y,2,0,1,1,A,-,01,23152,A,N,E,I,A,A,H,-,C,D,0,,,,,Y,Y,A,01,1,0,0,0,0,0,0,0,0,"- ","- ",37.115238189697266,-122.12014007568359,"SANTA CRUZ",UNINCORPORATED,-122.12007904052734,37.115272521972656
91458190,2021,2021-04-26,9720,2021-04-17,1655,022399,,6,2,9,4400,0,2,4,,1,021,"SOQUEL DR.","FREEDOM BLVD",0.00,,Y,A,-,N,,,,,,,,,,Y,2,0,1,2,A,-,12,21453,A,N,D,C,A,A,H,-,A,A,0,,,,,Y,,A,08,1,0,0,0,0,0,0,0,0,"- ","- ",36.972049713134766,-121.87159729003906,"SANTA CRUZ",UNINCORPORATED,-121.87151336669922,36.972072601318359
91458260,2021,2021-04-26,9720,2021-04-18,1640,022399,,7,2,9,4400,0,2,4,,1,021,"SOQUEL DR","ROBERTSON ST",0.00,,Y,A,-,N,,,,,,,,,,Y,2,0,1,2,A,-,12,22450,A,N,D,C,A,A,H,-,A,A,0,,,,,Y,,A,07,1,0,0,0,0,0,0,0,0,"- ","- ",36.987758636474609,-121.9605712890625,"SANTA CRUZ",UNINCORPORATED,-121.9605712890625,36.987758636474609
91464487,2021,2021-05-03,9720,2021-03-09,1405,021053,,2,2,9,4400,0,2,4,,1,031,"FREEDOM BOULEVARD","HAMES ROAD",1056.00,E,N,B,-,N,,,,,,,,,,Y,1,1,2,2,A,-,08,22107,,N,G,B,F,A,H,-,A,D,0,Y,,,,Y,,A,01,1,0,1,1,0,0,0,0,0,"- ","- ",36.986400604248047,-121.83399963378906,"SANTA CRUZ",UNINCORPORATED,-121.83332061767578,36.986061096191406
91468525,2021,2021-05-10,9720,2021-04-30,2031,022290,,5,2,9,4400,0,3,5,,2,200,"RIO DEL MAR BLVD","BEACH PINES DR",250.00,E,N,A,-,N,,,,,,,,,,N,2,0,1,1,A,-,17,21200,,N,F,A,A,A,H,-,C,D,0,,Y,,,Y,Y,L,04,1,0,0,0,0,0,1,0,0,"- ","- ",36.971050262451172,-121.89469909667969,"SANTA CRUZ",UNINCORPORATED,-121.89481353759766,36.970981597900391
91486205,2021,2021-06-01,9720,2021-05-21,2045,022564,,5,2,9,4400,0,1,3,,1,034,SR-152,"FALLOWFIELD LN",1584.00,E,N,A,-,Y,,,152,,,,,,,Y,2,0,1,1,A,-,01,23152,A,N,F,I,A,A,H,-,D,D,0,,,,,Y,Y,A,07,1,0,0,0,0,0,0,0,0,"- ","- ",36.968551635742188,-121.71936798095703,"SANTA CRUZ",UNINCORPORATED,-121.71942901611328,36.968551635742188
91493319,2021,2021-06-09,9720,2021-04-05,1647,021833,,1,2,9,4400,0,2,4,,1,021,"SOQUEL DRIVE","PARK AVENUE",0.00,,Y,A,-,N,,,,,,,,,,N,1,1,0,2,A,-,12,21453,A,N,D,G,A,A,H,-,A,A,0,,,,,Y,,A,01,0,0,0,0,0,0,0,0,0,"- ","- ",36.988960266113281,-121.93594360351562,"SANTA CRUZ",UNINCORPORATED,-121.93574523925781,36.989109039306641
91495643,2021,2021-06-14,9720,2021-06-07,1550,021717,,1,2,9,4400,0,2,4,,1,021,"SOQUEL DR.","VALENCIA AVE",350.00,W,N,A,-,N,,,,,,,,,,N,2,0,1,1,B,-,22,,,N,F,A,A,A,H,-,A,D,0,,,,,Y,,M,91,1,0,0,0,0,0,0,0,0,"- ","- ",36.975700378417969,-121.88616180419922,"SANTA CRUZ",UNINCORPORATED,-121.88687896728516,36.975559234619141
91499525,2021,2021-06-17,9720,2021-06-09,2050,021053,,3,2,9,4400,0,3,5,,2,300,"BRADFORD ROAD","CALABASAS RD",0.00,,Y,A,-,N,,,,,,,,,,N,2,0,1,2,A,-,10,21950,A,N,G,B,B,A,H,-,C,D,0,Y,,,,Y,,D,22,1,0,0,0,1,0,0,0,0,"- ","- ",36.943901062011719,-121.79450225830078,"SANTA CRUZ",UNINCORPORATED,-121.79457855224609,36.944000244140625
91505124,2021,2021-06-24,9720,2021-06-12,1930,022564,,6,2,9,4400,0,3,5,,2,300,"ARROYO DR.","MARKS AVE",0.00,,Y,A,-,N,,,,,,,,,,N,2,0,1,2,A,-,12,22450,A,N,D,C,A,A,H,-,A,D,0,,,Y,,Y,,C,02,1,0,0,0,0,0,0,0,1,"- ","- ",36.964309692382812,-121.76255798339844,"SANTA CRUZ",UNINCORPORATED,-121.76262664794922,36.964340209960938
91509661,2021,2021-06-30,9720,2021-06-20,0001,022471,,7,3,9,4400,0,1,3,,1,035,SR-129,"SR-1 S/B",128.00,E,N,A,-,Y,,,129,,,,,,,Y,2,0,2,2,A,-,01,23152,F,N,A,C,A,A,H,-,C,D,0,,,,,Y,,A,01,2,0,0,0,0,0,0,0,0,"- ","- ",36.894359588623047,-121.77390289306641,"SANTA CRUZ",UNINCORPORATED,-121.77391815185547,36.8944091796875
91513963,2021,2021-07-12,9720,2021-03-04,2227,022400,,4,3,9,4400,0,1,3,,1,014,"SR-9 N/B","SEQUOIA RD",0.00,,Y,A,-,Y,,,9,,,,,,N,Y,1,1,1,1,A,-,01,23152,A,N,E,I,A,A,H,-,D,D,0,,,,,Y,Y,A,07,0,0,1,0,0,0,0,0,0,"- ","- ",37.151950836181641,-122.13490295410156,"SANTA CRUZ",UNINCORPORATED,-122.13489532470703,37.151943206787109
91521389,2021,2021-07-15,9720,2021-07-02,1520,022140,,5,2,9,4400,0,3,5,,2,200,"PARK AVENUE","UPPER SEARS CIRCLE",145.00,S,N,A,-,N,,,,,,,,,,Y,2,0,2,1,A,-,01,23152,A,N,E,I,A,A,H,-,A,D,0,,,,,Y,Y,A,01,1,1,0,0,0,0,0,0,0,"- ","- ",36.988048553466797,-121.93598175048828,"SANTA CRUZ",UNINCORPORATED,-121.93627166748047,36.987251281738281
91522360,2021,2021-07-16,9720,2021-07-06,1540,021833,,2,2,9,4400,0,1,3,,1,015,"S/B SR-9","GLEN ARBOR RD",528.00,N,N,A,-,Y,,,9,,,,,,,N,2,0,1,1,A,-,08,22107,,N,E,I,A,A,H,-,A,D,0,,,,,Y,,A,01,1,0,0,0,0,0,0,0,0,"- ","- ",37.077911376953125,-122.08342742919922,"SANTA CRUZ",UNINCORPORATED,-122.08344268798828,37.077938079833984
91525605,2021,2021-07-21,9720,2021-07-17,2500,022458,,6,4,9,4400,0,1,3,,1,012,"SR-236 W/B","HAZEL AVE",25.00,W,N,A,-,Y,,,,,,,,,,N,2,0,1,2,A,-,08,22107,,F,G,B,F,A,H,-,C,D,0,Y,,,,Y,Y,-,99,1,0,0,0,1,0,0,0,0,"- ","- ",37.125389099121094,-122.12796020507812,"SANTA CRUZ",UNINCORPORATED,-122.12751007080078,37.125179290771484
91532131,2021,2021-07-29,9720,2021-07-22,0933,021714,,4,1,9,4400,0,1,3,,1,010,"SR-1 S/B","DAVENPORT LANDING RD.",147.00,S,N,A,-,Y,,,1,,,,,,S,N,2,0,1,2,A,-,08,22107,,N,H,G,A,A,H,-,A,D,0,,Y,,Y,Y,,L,04,1,0,0,0,0,0,1,0,0,"- ","- ",37.024250030517578,-122.21150970458984,"SANTA CRUZ",UNINCORPORATED,-122.21147918701172,37.024284362792969
91534222,2021,2021-08-02,9720,2021-05-16,1850,021918,,7,2,9,4400,0,1,3,,1,015,"S/B SR-9","SOUTH DR",25.00,N,N,A,-,Y,,,9,,,,,,,N,2,0,1,2,A,-,08,22107,,F,D,C,A,A,H,-,A,D,0,,,Y,,Y,Y,A,01,1,0,0,0,0,0,0,0,1,"- ","- ",37.118549346923828,-122.12066650390625,"SANTA CRUZ",UNINCORPORATED,-122.12068176269531,37.118549346923828
91538117,2021,2021-08-05,9720,2021-07-10,1330,021860,,6,1,9,4400,0,1,3,,1,017,"SR-17 S/B","PASATIEMPO DRIVE",1056.00,N,N,A,-,Y,,,17,,,,,,S,Y,2,0,1,2,A,-,07,21658,A,F,C,C,A,A,H,-,A,D,0,,,Y,,Y,,-,99,1,0,0,0,0,0,0,0,1,"- ","- ",36.992259979248047,-122.01976776123047,"SANTA CRUZ",UNINCORPORATED,-122.01983642578125,36.992313385009766
91538124,2021,2021-08-05,9720,2021-07-21,1744,021860,,3,2,9,4400,0,3,5,,2,100,"EAST ZAYANTE ROAD","GRAHAM HILL ROAD",1056.00,N,N,A,-,N,,,,,,,,,,Y,2,0,1,2,A,-,09,21804,A,N,A,C,A,A,H,-,A,D,0,,,Y,,Y,,A,08,1,0,0,0,0,0,0,0,1,"- ","- ",37.051681518554688,-122.06340789794922,"SANTA CRUZ",UNINCORPORATED,-122.06337738037109,37.051883697509766
91548405,2021,2021-08-18,9720,2021-06-09,2000,020977,,3,2,9,4400,0,2,S,,2,702,"BROWNS VALLEY RD","AMESTI RD",46.00,W,N,A,-,N,,,,,,,,,,N,2,0,1,2,A,-,08,22107,,F,H,G,A,A,H,-,B,A,0,,Y,,,Y,,-,99,1,0,0,0,0,0,1,0,0,"- ","- ",36.988868713378906,-121.80094909667969,"SANTA CRUZ",UNINCORPORATED,-121.80101776123047,36.988838195800781
91557795,2021,2021-08-30,9720,2021-08-21,1535,022290,,6,2,9,4400,0,2,4,,1,016,"GRAHAM HILL RD","QUARRY RD",600.00,S,N,A,-,N,,,,,,,,,,Y,2,0,1,1,A,-,01,23152,A,N,E,I,A,A,H,-,A,D,0,,,Y,,Y,Y,C,02,1,0,0,0,0,0,0,0,1,"- ","- ",37.041049957275391,-122.04534912109375,"SANTA CRUZ",UNINCORPORATED,,
91563959,2021,2021-09-07,9720,2021-08-27,1250,021548,,5,1,9,4400,0,2,4,,1,022,"SOQUEL SAN JOSE RD.","AMAYA RIDGE RD.",528.00,S,N,A,-,N,,,,,,,,,,Y,2,0,1,1,A,-,08,22107,,N,F,A,A,A,H,-,A,D,0,,,Y,,Y,,C,02,1,0,0,0,0,0,0,0,1,"- ","- ",37.070430755615234,-121.93840026855469,"SANTA CRUZ",UNINCORPORATED,-121.93859100341797,37.069915771484375
91570878,2021,2021-09-15,9720,2021-09-05,1745,020977,,7,2,9,4400,0,2,4,,1,022,"SOQUEL SAN JOSE RD","OLSON RD",40.00,S,N,A,-,N,,,,,,,,,,Y,2,0,2,1,A,-,03,22350,,N,E,I,A,A,H,-,A,A,0,,,,,Y,Y,A,01,1,1,0,0,0,0,0,0,0,"- ","- ",37.056648254394531,-121.94196319580078,"SANTA CRUZ",UNINCORPORATED,-121.94191741943359,37.056880950927734
91583880,2021,2021-09-30,9720,2021-06-04,2200,022545,,5,3,3,4404,0,1,3,,1,017,"N/B SR-17","MOUNT HERMON RD",3696.00,N,N,A,-,Y,,,17,,,,,,,Y,1,1,1,2,A,-,01,23152,A,N,C,C,A,A,H,-,D,D,0,,,,,Y,Y,D,22,0,1,0,0,0,0,0,0,0,"- ","- ",37.045131683349609,-122.01460266113281,"SANTA CRUZ","SCOTTS VALLEY",-122.01466369628906,37.045162200927734
91590676,2021,2021-10-07,9720,2021-04-17,1708,022329,,6,2,9,4400,0,1,3,,1,010,"RT 1","CANYON ROAD",0.00,,Y,A,-,Y,,,1,,,,,,,Y,1,1,1,2,A,-,03,22350,,N,C,C,A,A,H,-,A,D,0,,,Y,,Y,,A,01,0,1,0,0,0,0,0,1,0,"- ","- ",37.095691680908203,-122.27719879150391,"SANTA CRUZ",UNINCORPORATED,-122.27718353271484,37.095706939697266
91601279,2021,2021-10-20,9720,2021-10-07,1605,021702,,4,2,9,4400,0,3,5,,2,300,"VARNI RD","CORRALITOS RD",158.00,N,N,A,-,N,,,,,,,,,,Y,2,0,1,1,A,-,01,23152,A,N,E,I,A,A,H,-,A,D,0,,,Y,,Y,Y,C,02,1,0,0,0,0,0,0,0,1,"- ","- ",36.967140197753906,-121.80680084228516,"SANTA CRUZ",UNINCORPORATED,-121.80686187744141,36.967147827148438
91619813,2021,2022-04-06,9720,2021-10-29,1135,015170,,5,1,9,4400,0,3,5,,2,100,"PINE FLAT RD","WESTDALE ST",0.10,W,N,A,-,N,,,,,,,,,,N,2,0,1,1,A,-,03,22350,,N,F,A,A,A,H,-,A,A,0,,,Y,,Y,,C,02,1,0,0,0,0,0,0,0,1,"- ","- ",37.554119110107422,-121.90090942382812,"SANTA CRUZ",UNINCORPORATED,-122.14253997802734,37.065860748291016
91622020,2021,2021-11-10,9720,2021-10-29,1115,021717,,5,1,9,4400,0,1,3,,2,030,"SB SR-1","FREEDOM BLVD",670.00,S,N,A,-,Y,,,1,,,,,,,Y,2,0,1,2,C,-,18,,,N,C,C,A,A,H,-,A,D,0,,,Y,,Y,,-,"- ",1,0,0,0,0,0,0,0,1,"- ","- ",36.968360900878906,-121.87075042724609,"SANTA CRUZ",UNINCORPORATED,-121.87075805664062,36.968353271484375
91628672,2021,2021-11-18,9720,2021-11-07,1939,022564,,7,2,9,4400,0,1,3,,1,015,SR-9,"FALL CREEK DR",528.00,N,N,A,-,Y,,,9,,,,,,,Y,2,0,1,1,A,-,01,23152,A,N,E,8,A,A,H,-,C,A,0,,,,,Y,Y,D,22,1,0,0,0,0,0,0,0,0,"- ","- ",37.061721801757812,-122.08016204833984,"SANTA CRUZ",UNINCORPORATED,-122.08004760742188,37.061721801757812
91633327,2021,2021-11-23,9720,2021-11-19,0901,020012,,5,1,9,4400,0,1,3,,2,030,"SR-1 N/B","BUENA VISTA DR",1485.00,S,N,A,-,Y,,,1,,,,,,N,Y,2,0,2,2,A,-,03,22350,,N,C,C,A,A,H,-,A,D,0,,,Y,,Y,,C,02,1,0,1,0,0,0,0,0,1,"- ","- ",36.929931640625,-121.80583190917969,"SANTA CRUZ",UNINCORPORATED,-121.80582427978516,36.929939270019531
91633495,2021,2021-11-23,9720,2021-11-17,2040,021321,,3,2,9,4400,0,3,5,,2,100,"MCGAFFIGAN MILL RD","RT 9",500.00,W,N,A,-,N,,,,,,,,,,Y,2,0,1,1,A,-,08,22107,,N,E,I,A,A,H,-,D,D,0,,,,,Y,,A,07,1,0,0,0,0,0,0,0,0,"- ","- ",37.194309234619141,-122.14765167236328,"SANTA CRUZ",UNINCORPORATED,-122.14667510986328,37.195926666259766
91634702,2021,2021-11-24,9720,2021-08-07,1355,022545,,6,1,9,4400,0,1,3,,1,034,SR-152,"CASSERLY RD",617.00,E,N,A,-,Y,,,152,,,,,,,Y,1,2,0,2,A,-,03,22350,,N,F,A,A,A,H,-,A,D,0,,,Y,,Y,,C,02,0,0,0,0,0,0,0,2,0,"- ","- ",36.957378387451172,-121.72611999511719,"SANTA CRUZ",UNINCORPORATED,-121.72612762451172,36.957386016845703
91635279,2021,2021-11-25,9720,2021-11-13,1508,022140,,6,2,9,4400,0,1,3,,1,015,SR-9,"GLENGARRY ROAD",2640.00,S,N,A,-,Y,,,9,,,,,,,Y,2,0,2,2,A,-,01,23152,A,N,B,C,A,A,H,-,A,A,0,,,Y,,Y,Y,C,02,1,1,0,0,0,0,0,0,1,"- ","- ",37.028728485107422,-122.05879211425781,"SANTA CRUZ",UNINCORPORATED,-122.05886840820312,37.028781890869141
91635285,2021,2021-11-25,9720,2021-11-20,0925,021717,,6,1,9,4400,0,3,5,,2,100,"FELTON EMPIRE RD","FETHERSON WAY",1584.00,W,N,A,-,N,,,,,,,,,,N,2,0,1,1,A,-,03,22350,,N,F,A,A,A,H,-,A,D,0,,Y,,,Y,,L,04,1,0,0,0,0,0,1,0,0,"- ","- ",37.0489501953125,-122.08917236328125,"SANTA CRUZ",UNINCORPORATED,-122.08878326416016,37.048725128173828
91644378,2021,2021-12-06,9720,2021-11-25,2317,022399,,4,3,9,4400,0,1,3,,1,017,"SB SR-17","PASATIEMPO DR.",1056.00,N,N,A,-,Y,,,17,,,,,,,Y,2,0,4,1,A,-,08,22107,,N,E,8,A,A,H,-,D,D,0,,,,,Y,,A,01,2,2,0,0,0,0,0,0,0,"- ","- ",37.001571655273438,-122.02140808105469,"SANTA CRUZ",UNINCORPORATED,-122.02110290527344,37.001434326171875
9164834,2020,2020-12-05,4404,2020-09-10,1445,5220,4404,4,5,3,4404,0,0,0,,0,00N,"WHISPERING PINES DR","LUNDY LN",240.00,N,N,A,-,N,,,,,,,,,,N,2,0,1,1,A,-,03,22350,,N,H,A,A,A,H,-,A,D,0,,Y,,,Y,,L,04,1,0,0,0,0,0,1,0,0,"- ","- ",37.041259765625,-122.02861785888672,"SANTA CRUZ","SCOTTS VALLEY",-122.02809906005859,37.041770935058594
91662702,2021,2021-12-27,9720,2021-10-22,1319,021860,,5,1,9,4400,0,3,5,,2,100,"EAST ZAYANTE ROAD","REDWOOD CIRCLE",400.00,S,N,A,-,N,,,,,,,,,,Y,1,1,0,1,C,-,18,,,N,H,J,A,B,H,-,A,D,0,,,,,Y,,-,"- ",0,0,0,0,0,0,0,0,0,"- ","- ",37.052890777587891,-122.06271362304688,"SANTA CRUZ",UNINCORPORATED,-122.06271362304688,37.052833557128906
91663757,2021,2022-03-14,9720,2021-12-17,1610,022349,,5,2,9,4400,0,2,4,,1,031,"FREEDOM BLVD","CORRALITOS RD",1565.00,W,N,A,-,N,,,,,,,,,,N,2,0,3,2,A,-,01,23152,A,N,A,C,A,A,H,-,A,D,0,,,,,Y,Y,D,22,2,0,1,0,0,0,0,0,0,"- ","- ",36.965801239013672,-121.81139373779297,"SANTA CRUZ",UNINCORPORATED,-121.81296539306641,36.966537475585938
91667649,2021,2021-12-31,9720,2021-12-27,1530,022471,,1,2,9,4400,0,3,5,,2,300,"EUREKA CANYON RD","RIDER RD.",1320.00,N,N,C,-,N,,,,,,,,,,N,2,0,1,1,A,-,03,22350,,N,E,I,A,B,G,-,A,D,0,,Y,,,Y,,L,04,1,0,0,0,0,0,1,0,0,"- ","- ",37.017959594726562,-121.81684875488281,"SANTA CRUZ",UNINCORPORATED,-121.8179931640625,37.019256591796875
91672068,2021,2022-01-06,9720,2021-12-21,0050,021860,,2,3,9,4400,0,1,3,,1,017,"SB SR-17","MOUNT HERMON ROAD",1056.00,N,N,B,-,Y,,,17,,,,,,,Y,2,0,1,1,A,-,08,22107,,M,E,I,A,A,H,-,D,D,0,,,,,Y,,D,22,1,0,0,0,0,0,0,0,0,"- ","- ",37.037090301513672,-122.01894378662109,"SANTA CRUZ",UNINCORPORATED,-122.01889038085938,37.037014007568359
91672092,2021,2022-01-06,9720,2021-12-23,1209,022125,,4,1,9,4400,0,3,5,,2,100,"HILLCREST DR","SKYLINE DR",90.00,N,N,A,-,N,,,,,,,,,,N,2,0,2,2,A,-,13,22515,A,N,G,B,E,A,H,-,A,D,0,Y,,,,Y,,D,22,1,1,0,0,1,0,0,0,0,"- ","- ",37.042469024658203,-122.08109283447266,"SANTA CRUZ",UNINCORPORATED,-122.08088684082031,37.042438507080078
91673739,2021,2022-01-07,9720,2021-12-30,1610,022471,,4,2,9,4400,0,2,4,,1,022,"SOQUEL SAN JOSE RD.","OLSEN RD",1320.00,N,N,A,-,N,,,,,,,,,,Y,2,0,1,1,A,-,08,22107,,N,E,J,A,A,H,-,A,A,0,,,,,Y,,A,07,1,0,0,0,0,0,0,0,0,"- ","- ",37.059520721435547,-121.94117736816406,"SANTA CRUZ",UNINCORPORATED,-121.94103240966797,37.060543060302734
91673742,2021,2022-01-07,9720,2021-12-31,1445,022471,,5,2,9,4400,0,1,3,,1,015,SR-9,"W LOMOND ST",100.00,S,N,A,-,Y,,,9,,,,,,,N,2,0,1,2,A,-,03,22350,,F,G,B,D,A,H,-,A,D,0,Y,,,,Y,,-,99,1,0,0,0,1,0,0,0,0,"- ","- ",37.122440338134766,-122.12136840820312,"SANTA CRUZ",UNINCORPORATED,-122.12136077880859,37.122440338134766
91686942,2022,2022-01-27,9720,2022-01-08,1619,021860,,6,2,9,4400,0,1,3,,1,035,SR-129,"INDUSTRIAL ROAD",0.00,,Y,A,-,Y,SCR,,129,,L,0.516,H,,R,Y,2,0,1,2,A,-,12,21453,A,N,D,C,A,A,H,-,A,A,0,,,,Y,Y,,A,07,1,0,0,0,0,0,0,0,0,"- ","- ",36.898910522460938,-121.76712799072266,"SANTA CRUZ",UNINCORPORATED,-121.76694488525391,36.898738861083984
91700877,2021,2022-02-15,9720,2021-12-07,2345,022458,,2,3,9,4400,0,1,3,,1,035,SR-129,"BLACKBURN STREET",2640.00,E,N,A,-,Y,,,129,,,,,,,Y,1,1,1,1,A,-,01,23152,G,N,E,I,A,A,H,-,C,D,0,,,,,Y,Y,A,01,1,0,0,0,0,0,0,0,0,"- ","- ",36.914321899414062,-121.73989105224609,"SANTA CRUZ",UNINCORPORATED,-121.73986053466797,36.914237976074219