CASE_ID,ACCIDENT_YEAR,PROC_DATE,JURIS,COLLISION_DATE,COLLISION_TIME,OFFICER_ID,REPORTING_DISTRICT,DAY_OF_WEEK,CHP_SHIFT,POPULATION,CNTY_CITY_LOC,SPECIAL_COND,BEAT_TYPE,CHP_BEAT_TYPE,CITY_DIVISION_LAPD,CHP_BEAT_CLASS,BEAT_NUMBER,PRIMARY_RD,SECONDARY_RD,DISTANCE,DIRECTION,INTERSECTION,WEATHER_1,WEATHER_2,STATE_HWY_IND,CALTRANS_COUNTY,CALTRANS_DISTRICT,STATE_ROUTE,ROUTE_SUFFIX,POSTMILE_PREFIX,POSTMILE,LOCATION_TYPE,RAMP_INTERSECTION,SIDE_OF_HWY,TOW_AWAY,COLLISION_SEVERITY,NUMBER_KILLED,NUMBER_INJURED,PARTY_COUNT,PRIMARY_COLL_FACTOR,PCF_CODE_OF_VIOL,PCF_VIOL_CATEGORY,PCF_VIOLATION,PCF_VIOL_SUBSECTION,HIT_AND_RUN,TYPE_OF_COLLISION,MVIW,PED_ACTION,ROAD_SURFACE,ROAD_COND_1,ROAD_COND_2,LIGHTING,CONTROL_DEVICE,CHP_ROAD_TYPE,PEDESTRIAN_ACCIDENT,BICYCLE_ACCIDENT,MOTORCYCLE_ACCIDENT,TRUCK_ACCIDENT,NOT_PRIVATE_PROPERTY,ALCOHOL_INVOLVED,STWD_VEHTYPE_AT_FAULT,CHP_VEHTYPE_AT_FAULT,COUNT_SEVERE_INJ,COUNT_VISIBLE_INJ,COUNT_COMPLAINT_PAIN,COUNT_PED_KILLED,COUNT_PED_INJURED,COUNT_BICYCLIST_KILLED,COUNT_BICYCLIST_INJURED,COUNT_MC_KILLED,COUNT_MC_INJURED,PRIMARY_RAMP,SECONDARY_RAMP,LATITUDE,LONGITUDE,COUNTY,CITY,POINT_X,POINT_Y
91702284,2022,2022-02-16,9720,2022-02-08,1900,019956,,2,2,9,4400,0,3,5,,2,300,"CORRALITOS RD","VARNI RD",528.00,S,N,A,-,N,,,,,,,,,,Y,2,0,3,3,A,-,01,23152,A,N,A,C,A,A,H,-,D,D,0,,,,,Y,Y,A,01,1,2,0,0,0,0,0,0,0,"- ","- ",36.965278625488281,-121.80712127685547,"SANTA CRUZ",UNINCORPORATED,-121.80711364746094,36.96551513671875
91705263,2022,2022-02-21,9720,2022-02-14,1443,021918,,1,2,9,4400,0,3,5,,2,100,"BEAR CREEK RD","HOPKINS GULCH RD.",1056.00,E,N,A,-,N,,,,,,,,,,Y,2,0,1,1,A,-,08,22107,,N,E,I,A,A,H,-,A,D,0,,,,,Y,,A,01,1,0,0,0,0,0,0,0,0,"- ","- ",37.137668609619141,-122.09712982177734,"SANTA CRUZ",UNINCORPORATED,-122.09697723388672,37.137748718261719
91710131,2022,2022-02-25,9720,2022-02-13,1317,021248,,7,1,9,4400,0,1,3,,1,014,SR-9,"TEILH DR",50.00,S,N,A,-,Y,SCR,,9,,,16.582,H,,R,N,2,0,1,3,A,-,03,22350,,N,C,C,A,A,H,-,A,D,0,,,Y,,Y,,C,02,1,0,0,0,0,0,0,0,1,"- ","- ",37.173049926757812,-122.13813781738281,"SANTA CRUZ",UNINCORPORATED,-122.13823699951172,37.173042297363281
91711081,2022,2022-02-28,9720,2022-01-18,1345,021548,,2,1,9,4400,0,1,3,,1,035,SR-129,"INDUSTRIAL RD.",0.00,,Y,A,-,Y,SCR,,129,,L,0.515,H,,R,Y,2,0,1,2,A,-,12,21453,A,N,D,C,A,A,H,-,A,A,0,,,,,Y,,A,01,1,0,0,0,0,0,0,0,0,"- ","- ",36.898849487304688,-121.76706695556641,"SANTA CRUZ",UNINCORPORATED,-121.76694488525391,36.898738861083984
91713281,2022,2022-03-02,9720,2022-02-26,1310,020012,,6,1,9,4400,0,3,5,,2,100,"MOUNTAIN CHARLIE ROAD","OLD JAPANESE ROAD",528.00,N,N,B,-,N,,,,,,,,,,N,2,0,1,1,A,-,03,22350,,N,F,A,A,A,H,-,A,D,0,,Y,,,Y,,L,04,1,0,0,0,0,0,1,0,0,"- ","- ",37.118270874023438,-121.99124908447266,"SANTA CRUZ",UNINCORPORATED,-121.99121856689453,37.118179321289062
91714264,2022,2022-03-03,9720,2022-02-20,1612,022545,,7,2,9,4400,0,1,3,,1,034,SR-152,"HOLOHAN RD",3538.00,E,N,A,-,Y,SCR,,152,,,2.687,H,,R,Y,2,0,9,4,A,-,09,21801,A,F,A,C,A,A,H,-,A,D,0,,,,,Y,,-,99,3,2,4,0,0,0,0,0,0,"- ","- ",36.944599151611328,-121.73783111572266,"SANTA CRUZ",UNINCORPORATED,-121.73779296875,36.944580078125
91718676,2022,2022-03-14,9720,2022-02-28,1410,022511,,1,2,9,4400,0,1,3,,1,015,SR-9,"FALL CREEK DR.",0.00,,Y,A,-,Y,SCR,,9,,,7.057,H,,R,Y,2,0,4,2,A,-,09,21802,A,N,D,C,A,A,H,-,A,D,0,,,,,Y,,A,07,1,3,0,0,0,0,0,0,0,"- ","- ",37.059551239013672,-122.07935333251953,"SANTA CRUZ",UNINCORPORATED,-122.07937622070312,37.059543609619141
91725735,2021,2022-03-17,9720,2021-11-20,1400,022511,,6,2,9,4400,0,1,3,,1,035,SR-129,"SR-1 N/B",82.00,E,N,A,-,Y,,,129,,,,,,,Y,1,1,2,2,A,-,05,21460,A,N,A,C,A,A,H,-,A,D,0,,,,,Y,,A,01,1,1,0,0,0,0,0,0,0,"- ","- ",36.894458770751953,-121.77384185791016,"SANTA CRUZ",UNINCORPORATED,-121.77383422851562,36.894435882568359
91736682,2022,2022-03-30,9720,2022-03-20,1730,022471,,7,2,9,4400,0,3,5,,2,200,"N/B SR-1 OFFRAMP","SOQUEL DR",520.00,S,N,A,-,Y,,,,,,,,,,Y,2,0,1,1,A,-,01,23152,A,N,E,I,A,A,H,-,A,A,0,,,Y,,Y,Y,C,02,1,0,0,0,0,0,0,0,1,"- ","- ",37.126399993896484,-121.94219207763672,"SANTA CRUZ",UNINCORPORATED,,
91745492,2022,2022-04-11,9720,2022-04-04,1425,022471,,1,2,9,4400,0,3,5,,2,200,"STATE PARD DR","HILLCREST DR.",16.00,S,N,A,-,N,,,,,,,,,,N,2,0,1,1,A,-,08,22107,,N,F,A,A,A,H,-,A,D,0,,Y,,,Y,,-,"- ",1,0,0,0,0,0,1,0,0,"- ","- ",36.974849700927734,-121.91216278076172,"SANTA CRUZ",UNINCORPORATED,-121.91204833984375,36.974864959716797
91756942,2022,2022-04-26,9720,2022-04-16,0215,022400,,6,3,9,4400,0,3,5,,2,200,"STATE PARK DRIVE OFF-RAMP","STATE PARK DRIVE OVERCROSSING",106.00,N,N,C,-,Y,,,,,,,,,,N,2,0,1,1,A,-,01,23152,A,N,E,I,A,B,H,-,C,D,0,,,,,Y,Y,A,07,1,0,0,0,0,0,0,0,0,"- ","- ",36.977748870849609,-121.91104125976562,"SANTA CRUZ",UNINCORPORATED,,
91757121,2022,2022-04-26,9720,2022-04-17,1920,021477,,7,2,9,4400,0,2,4,,1,022,"SOQUEL SAN JOSE RD.","SUMMIT RD.",1056.00,S,N,A,-,N,,,,,,,,,,Y,2,0,1,1,A,-,01,23152,A,N,E,I,A,A,H,-,A,D,0,,,,,Y,Y,A,01,1,0,0,0,0,0,0,0,0,"- ","- ",37.118259429931641,-121.9268798828125,"SANTA CRUZ",UNINCORPORATED,-121.92876434326172,37.118209838867188
91757128,2022,2022-04-26,9720,2022-04-15,2500,020977,,5,4,9,4400,0,2,4,,1,016,"GRAHAM HILL ROAD","TANGLEWOOD TRAIL",710.00,N,N,B,C,N,,,,,,,,,,Y,2,0,1,1,A,-,01,23152,A,M,E,I,A,B,H,-,D,D,0,,,,,Y,Y,D,22,1,0,0,0,0,0,0,0,0,"- ","- ",36.99224853515625,-122.02876281738281,"SANTA CRUZ",UNINCORPORATED,-122.02883911132812,36.996898651123047
91779039,2022,2022-05-24,9720,2022-05-15,0820,021717,,7,1,9,4400,0,1,3,,1,010,SR-1,"CANYON RD.",2640.00,N,N,A,-,Y,SCR,,1,,,36.785,H,,R,Y,2,0,1,2,A,-,05,21460,A,N,D,C,A,A,H,-,A,D,0,,,Y,,Y,,C,02,1,0,0,0,0,0,0,0,1,"- ","- ",37.101058959960938,-122.28414154052734,"SANTA CRUZ",UNINCORPORATED,-122.28411865234375,37.101066589355469
91780744,2022,2022-05-25,9720,2022-05-14,1830,020977,,6,2,9,4400,0,3,5,,2,200,"LAKE AVENUE","EATON STREET",30.00,S,N,A,-,N,,,,,,,,,,N,2,0,1,1,A,-,17,21200,,N,F,A,A,A,H,-,A,D,0,,Y,,,Y,Y,L,04,1,0,0,0,0,0,1,0,0,"- ","- ",36.967811584472656,-122.00128936767578,"SANTA CRUZ",UNINCORPORATED,-122.00119018554688,36.967826843261719
91786221,2022,2022-06-01,9720,2022-05-22,1740,022140,,7,2,9,4400,0,3,5,,2,200,"HAMES RD","HAMES HALLOW",740.00,E,N,A,-,N,,,,,,,,,,Y,2,0,3,1,A,-,08,22107,,N,E,I,A,A,H,-,A,D,0,,,,,Y,Y,A,08,3,0,0,0,0,0,0,0,0,"- ","- ",36.991199493408203,-121.82282257080078,"SANTA CRUZ",UNINCORPORATED,-121.82286071777344,36.991256713867188
91789792,2022,2022-06-07,9720,2022-06-04,0235,021702,,6,3,9,4400,0,2,4,,1,021,"SOQUEL DR","DAUBENBISS AVE",0.00,,Y,A,-,N,,,,,,,,,,N,2,0,1,1,A,-,08,22107,,N,F,A,A,A,H,-,A,D,0,,Y,,,Y,,L,04,1,0,0,0,0,0,1,0,0,"- ","- ",36.987869262695312,-121.95841217041016,"SANTA CRUZ",UNINCORPORATED,-121.95833587646484,36.987812042236328
91792181,2022,2022-06-09,9720,2022-05-30,1355,019956,,1,1,9,4400,0,1,3,,1,010,SR-1,"LOWER LAGUNA RD",300.00,S,N,A,-,Y,SCR,,1,,,25.680,H,,R,Y,2,0,2,2,A,-,03,22350,,N,C,C,A,A,H,-,A,D,0,,,Y,,Y,,C,02,1,0,1,0,0,0,0,0,1,"- ","- ",36.984840393066406,-122.15065002441406,"SANTA CRUZ",UNINCORPORATED,-122.150634765625,36.984855651855469
91796894,2022,2022-06-16,9720,2022-06-07,2008,021860,,2,2,9,4400,0,3,5,,2,100,"SMITH GRADE","EMPIRE GRADE",2640.00,W,N,A,-,N,,,,,,,,,,Y,2,0,2,1,A,-,08,22107,,N,E,I,A,A,H,-,D,D,0,,,,,Y,,A,01,2,0,0,0,0,0,0,0,0,"- ","- ",37.022628784179688,-122.10605621337891,"SANTA CRUZ",UNINCORPORATED,-122.10533142089844,37.024707794189453
91812345,2022,2022-07-07,9720,2022-06-18,2130,021877,,6,2,9,4400,0,3,5,,2,200,"THURBER LN","BOB WHITE LN",15.00,N,N,A,-,N,,,,,,,,,,N,2,0,1,2,A,-,08,22107,,F,G,B,F,A,H,-,D,D,0,Y,,,,Y,,A,01,1,0,0,0,1,0,0,0,0,"- ","- ",36.991291046142578,-121.97837066650391,"SANTA CRUZ",UNINCORPORATED,-121.97844696044922,36.991279602050781
91817443,2022,2022-07-14,9720,2022-07-03,1045,019956,,7,1,9,4400,0,3,5,,2,100,"JAMISON CREEK RD",SR-236,6864.00,W,N,A,-,N,,,,,,,,,,N,2,0,1,1,C,-,18,,,N,F,A,A,A,A,B,A,D,0,,Y,,,Y,,-,"- ",1,0,0,0,0,0,1,0,0,"- ","- ",37.150241851806641,-122.17423248291016,"SANTA CRUZ",UNINCORPORATED,-122.17782592773438,37.15081787109375
91819100,2022,2022-07-18,9720,2022-07-04,0100,022293,,1,3,9,4400,0,3,5,,2,100,"MT. HERMON","GRAHAM HILL RD",568.00,E,N,A,-,N,,,,,,,,,,Y,2,0,1,2,A,-,01,23152,A,N,D,E,A,A,H,-,D,D,0,,,Y,,Y,Y,D,22,1,0,0,0,0,0,0,0,0,"- ","- ",37.053508758544922,-122.06954956054688,"SANTA CRUZ",UNINCORPORATED,-122.06954956054688,37.053382873535156
91829531,2022,2022-08-01,9720,2022-07-23,1109,022907,,6,1,9,4400,0,1,3,,1,010,"SB SR-1","ENTRANCE ROAD",2640.00,S,N,A,-,Y,SCR,,1,,,21.092,H,,R,N,2,0,1,1,A,-,03,22350,,N,F,A,A,A,D,-,A,D,0,,Y,,,Y,,L,04,1,0,0,0,0,0,1,0,0,"- ","- ",36.962089538574219,-122.07546997070312,"SANTA CRUZ",UNINCORPORATED,-122.07546997070312,36.962146759033203
91829839,2022,2022-08-01,9720,2022-07-26,1715,022901,,2,2,9,4400,0,3,5,,2,100,"BROOK KNOLL DRIVE","SIMS ROAD",900.00,N,N,A,-,N,,,,,,,,,,N,2,0,1,1,A,-,08,22107,,N,E,A,A,A,H,-,A,D,0,,Y,,,Y,,L,04,1,0,0,0,0,0,1,0,0,"- ","- ",37.017749786376953,-122.03024291992188,"SANTA CRUZ",UNINCORPORATED,-122.03018951416016,37.017723083496094
91832086,2022,2022-08-03,9720,2022-07-22,1905,019956,,5,2,9,4400,0,2,4,,1,032,"HOLOHAN RD","GRIMMER RD",1056.00,W,N,A,-,N,,,,,,,,,,N,2,0,2,1,A,-,08,22107,,N,F,A,A,A,H,-,A,D,0,,,Y,,Y,,C,02,2,0,0,0,0,0,0,0,2,"- ","- ",36.938758850097656,-121.75923156738281,"SANTA CRUZ",UNINCORPORATED,-121.75925445556641,36.938808441162109
91842237,2022,2022-08-17,9720,2022-08-08,1120,021714,,1,1,9,4400,0,1,3,,1,017,"SR-17 S/B","CRESCENT DR",20.00,N,N,A,-,Y,SCR,,17,,,6.871,H,,L,Y,2,0,1,2,A,-,03,22350,,N,C,C,A,A,H,-,A,D,0,,,Y,,Y,,C,02,1,0,0,0,0,0,0,0,1,"- ","- ",37.074588775634766,-121.98848724365234,"SANTA CRUZ",UNINCORPORATED,-121.98850250244141,37.074596405029297
91848613,2022,2022-08-25,9720,2022-08-15,0200,022471,,1,3,9,4400,0,3,5,,2,100,"LAKESIDE DR.","LAUREL AVE",1000.00,W,N,A,-,N,,,,,,,,,,Y,2,0,1,2,A,-,01,23152,A,N,A,E,A,A,H,-,C,D,0,,,,,Y,Y,A,07,1,0,0,0,0,0,0,0,0,"- ","- ",37.033599853515625,-122.08113098144531,"SANTA CRUZ",UNINCORPORATED,-122.080810546875,37.033866882324219
91853590,2022,2022-08-30,9720,2022-08-18,1013,019956,,4,1,9,4400,0,3,5,,2,100,"EMPIRE GRADE","SMITH GRADE",4224.00,S,N,A,-,N,,,,,,,,,,Y,2,0,1,1,A,-,03,22350,,N,E,I,A,A,H,-,A,D,0,,,Y,,Y,,C,02,1,0,0,0,0,0,0,0,1,"- ","- ",37.022941589355469,-122.08759307861328,"SANTA CRUZ",UNINCORPORATED,-122.08734893798828,37.0228271484375
91854232,2022,2022-08-31,9720,2022-08-27,1720,022879,,6,2,3,4404,0,1,3,,1,017,"N/B SR-17","GRANITE CREEK RD. OVERCROSSING",3780.00,S,N,A,-,Y,SCR,,17,,,4.725,H,,R,Y,2,0,1,2,A,-,03,22350,,N,C,C,A,A,H,-,A,D,0,,,Y,,Y,,C,02,1,0,0,0,0,0,0,0,1,"- ","- ",37.051521301269531,-122.00982666015625,"SANTA CRUZ","SCOTTS VALLEY",-122.00991821289062,37.051563262939453
91860131,2022,2022-09-08,9720,2022-08-30,1315,018171,,2,1,9,4400,0,3,5,,2,200,"RIO DEL MAR BLVD","DEER PARK SHOPPING CENTER (783 RIO DEL MAR BLVD)",0.00,,Y,A,-,N,,,,,,,,,,N,2,0,1,2,A,-,09,21804,A,N,D,C,A,A,H,-,A,D,0,,,Y,,Y,,A,01,1,0,0,0,0,0,0,0,1,"- ","- ",36.973358154296875,-121.88896942138672,"SANTA CRUZ",UNINCORPORATED,,
91860215,2022,2022-09-08,9720,2022-09-03,1135,022901,,6,1,9,4400,0,3,5,,2,300,"APTOS BEACH DRIVE","SPRECKELS DRIVE",210.00,W,N,A,-,N,,,,,,,,,,N,2,0,1,1,C,-,18,,,N,F,A,A,A,H,-,A,D,0,,Y,,,Y,,-,"- ",1,0,0,0,0,0,1,0,0,"- ","- ",36.971580505371094,-121.90235900878906,"SANTA CRUZ",UNINCORPORATED,-121.90228271484375,36.97161865234375
91868614,2022,2022-09-20,9720,2022-09-08,1512,022044,,4,2,9,4400,0,2,4,,1,021,"SOQUEL DR.","PORTER ST.",320.00,S,N,A,-,N,,,,,,,,,,N,2,0,1,2,A,-,09,21801,A,N,H,G,A,A,H,-,A,D,0,,Y,,,Y,,A,01,1,0,0,0,0,0,1,0,0,"- ","- ",36.988628387451172,-121.95632934570312,"SANTA CRUZ",UNINCORPORATED,-121.95838928222656,36.98779296875
91869664,2022,2022-09-21,9720,2022-09-11,1440,022044,,7,2,9,4400,0,1,3,,1,014,SR-9,"SHINGLE MILL RD.",30.00,N,N,A,-,Y,SM,,9,,,24.642,H,,R,Y,2,0,1,1,A,-,08,22107,,N,F,A,A,A,H,-,A,D,0,,,Y,,Y,,C,02,1,0,0,0,0,0,0,0,1,"- ","- ",37.248920440673828,-122.15409088134766,"SANTA CRUZ",UNINCORPORATED,-122.15408325195312,37.248912811279297
91876986,2022,2022-09-29,9720,2022-04-06,1618,021304,,3,2,9,4400,0,1,3,,1,035,SR-129,"OLD CHITTENDEN RD",4224.00,W,N,A,-,Y,SCR,,129,,,9.184,H,,R,Y,1,1,2,3,A,-,05,21460,A,N,A,C,A,A,H,-,A,D,0,,,,,Y,,A,08,1,1,0,0,0,0,0,0,0,"- ","- ",36.904659271240234,-121.61112213134766,"SANTA CRUZ",UNINCORPORATED,-121.61103820800781,36.904762268066406
91886511,2022,2022-10-10,9720,2022-09-28,1750,022044,,3,2,9,4400,0,1,3,,1,014,SR-9,SR-35,6653.00,S,N,A,-,Y,SCR,,9,,,25.534,H,,R,Y,2,0,2,2,A,-,01,23152,A,N,A,C,A,A,H,-,A,D,0,,,,,Y,Y,D,22,1,1,0,0,0,0,0,0,0,"- ","- ",37.245590209960938,-122.14024353027344,"SANTA CRUZ",UNINCORPORATED,-122.14025115966797,37.245601654052734
91889598,2022,2022-10-13,9720,2022-06-22,1545,022545,,3,2,9,4400,0,1,3,,1,035,SR-129,"OLD CHITTENDEN RD",329.00,W,N,A,-,Y,SCR,,129,,,9.873,H,,R,Y,1,2,7,2,A,-,05,21460,A,N,A,C,A,A,H,-,A,D,0,,,,,Y,,D,22,3,3,1,0,0,0,0,0,0,"- ","- ",36.901439666748047,-121.59922790527344,"SANTA CRUZ",UNINCORPORATED,-121.5992431640625,36.901412963867188
91889601,2022,2022-10-13,9720,2022-07-05,0708,021714,,2,1,9,4400,0,1,3,,1,017,"SR-17 S/B","VINE HILL RD",2112.00,S,N,A,-,Y,SCR,,17,,,7.250,H,,L,Y,1,1,0,1,A,-,08,22107,,N,E,I,A,A,H,-,A,D,0,,,,,Y,,A,01,0,0,0,0,0,0,0,0,0,"- ","- ",37.076530456542969,-121.98584747314453,"SANTA CRUZ",UNINCORPORATED,-121.98581695556641,37.076461791992188
91898704,2022,2022-10-25,9720,2022-10-10,1733,022400,,1,2,9,4400,0,1,3,,1,015,"NB SR-9","RIVER ST",0.00,,Y,A,-,Y,SCR,,9,,,12.454,H,,R,N,2,0,1,2,A,-,09,21804,A,N,D,C,A,A,H,-,A,D,0,,,Y,,Y,,D,22,1,0,0,0,0,0,0,0,1,"- ","- ",37.116230010986328,-122.12036895751953,"SANTA CRUZ",UNINCORPORATED,-122.12037658691406,37.116230010986328
91900198,2022,2022-10-26,9720,2022-09-03,0955,021211,,6,1,9,4400,0,3,5,,2,300,"BROWNS VALLEY RD","DEER RIDGE TRL",81.00,N,N,A,-,N,,,,,,,,,,N,2,0,1,2,A,-,03,22350,,N,B,E,A,A,H,-,A,D,0,,Y,,,Y,,L,04,1,0,0,0,0,0,1,0,0,"- ","- ",37.013530731201172,-121.79271697998047,"SANTA CRUZ",UNINCORPORATED,-121.79286956787109,37.013511657714844
91905016,2022,2022-10-31,9720,2022-10-18,1457,022976,,2,2,9,4400,0,3,5,,2,100,"E ZAYANTE ROAD","OLYMPIA STATION ROAD",0.00,,Y,A,-,N,,,,,,,,,,N,2,0,1,2,A,-,03,22350,,N,C,C,A,A,H,-,A,D,0,,,,,Y,,A,01,1,0,0,0,0,0,0,0,0,"- ","- ",37.073951721191406,-121.05555725097656,"SANTA CRUZ",UNINCORPORATED,-122.05561828613281,37.073932647705078
91913662,2021,2022-11-09,9720,2021-11-29,0631,021211,,1,1,9,4400,0,1,3,,1,035,SR-129,"HARVEST DR.",528.00,E,N,A,-,Y,,,129,,,,,,,Y,1,1,2,3,A,-,07,21658,A,N,C,2,A,A,H,-,B,D,0,,,,Y,Y,,D,22,0,2,0,0,0,0,0,0,0,"- ","- ",36.902908325195312,-121.7613525390625,"SANTA CRUZ",UNINCORPORATED,-121.76128387451172,36.902820587158203
91919323,2022,2022-11-16,9720,2022-11-10,1240,021321,,4,1,9,4400,0,3,5,,2,100,"GLENWOOD DR","WESTON RD",500.00,S,N,A,-,N,,,,,,,,,,N,2,0,1,1,A,-,03,22350,,N,F,A,A,B,H,-,A,D,0,,Y,,,Y,,L,04,1,0,0,0,0,0,1,0,0,"- ","- ",37.092361450195312,-122.00486755371094,"SANTA CRUZ",UNINCORPORATED,-122.00494384765625,37.092559814453125
9192129,2020,2021-01-11,4402,2020-10-16,2230,158,4402,5,5,5,4402,0,0,0,,0,000,"RT 1","RT 9",0.00,,Y,A,-,Y,SCR,5,1,-,-,17.560,I,5,N,N,2,0,1,2,A,-,12,21453,A,F,D,G,A,A,H,-,C,A,0,,Y,,,Y,,L,04,1,0,0,0,0,0,1,0,0,"- ","- ",,,"SANTA CRUZ","SANTA CRUZ",-122.02980804443359,36.984500885009766
91922554,2022,2022-11-21,9720,2022-11-10,0640,021304,,4,1,9,4400,0,2,4,,1,031,"FREEDOM BLVD","MCDONALD ROAD",1584.00,E,N,A,-,N,,,,,,,,,,Y,2,0,1,2,A,-,09,21804,A,N,D,C,A,A,H,-,A,D,0,,,,,Y,,A,01,1,0,0,0,0,0,0,0,0,"- ","- ",36.986438751220703,-121.85450744628906,"SANTA CRUZ",UNINCORPORATED,-121.85468292236328,36.986385345458984
91929096,2022,2022-11-29,9720,2022-09-11,2206,019100,,7,3,9,4400,0,2,4,,1,024,"CAPITOLA RD","HARBORVIEW COURT",285.00,E,N,A,-,N,,,,,,,,,,N,1,1,0,2,A,-,03,22350,,F,G,B,E,A,H,-,D,D,0,Y,,,,Y,,A,01,0,0,0,1,0,0,0,0,0,"- ","- ",36.979698181152344,-121.99449920654297,"SANTA CRUZ",UNINCORPORATED,-121.99429321289062,36.979610443115234
91934465,2022,2022-12-05,9720,2022-10-27,0628,015699,,4,1,9,4400,0,1,3,,2,030,"STATE ROUTE 1 (SR-1) SOUTHBOUND (S/B)","FREEDOM BOULEVARD OVERCROSSING",950.00,S,N,A,-,Y,SCR,,1,,,8.210,H,,L,N,1,1,0,2,A,-,11,21950,B,N,G,B,E,A,H,-,C,D,0,Y,,,,Y,,N,60,0,0,0,1,0,0,0,0,0,"- ","- ",36.968868255615234,-121.87132263183594,"SANTA CRUZ",UNINCORPORATED,-121.87130737304688,36.968875885009766
91954666,2022,2022-12-28,9720,2022-12-15,1140,015699,,4,1,9,4400,0,2,4,,1,024,"BROMMER ST.","DARLENE DR.",425.00,E,N,A,-,N,,,,,,,,,,N,2,0,1,1,A,-,17,21200,,N,F,A,A,A,H,-,A,D,0,,Y,,,Y,Y,L,04,1,0,0,0,0,0,1,0,0,"- ","- ",36.969791412353516,-121.97644805908203,"SANTA CRUZ",UNINCORPORATED,-121.97650146484375,36.969799041748047
91959077,2022,2023-01-03,9720,2022-12-22,2149,022879,,4,2,9,4400,0,1,3,,1,017,"SR-17 S/B","GLENWOOD DR.",200.00,S,N,A,-,Y,SCR,,17,,,10.573,H,,L,Y,2,0,1,1,A,-,03,22350,,N,B,I,A,B,H,-,D,D,0,,,,,Y,,A,07,1,0,0,0,0,0,0,0,0,"- ","- ",37.118999481201172,-121.97550964355469,"SANTA CRUZ",UNINCORPORATED,-121.97555541992188,37.118976593017578
91972326,2023,2023-01-19,9720,2023-01-06,2349,022329,,5,3,9,4400,0,1,3,,2,020,"SR-1 N/B","PORTER ST",250.00,S,N,A,-,Y,SCR,,1," "," ",13.020,H,,R,Y,2,0,1,2,A,-,03,22350,,N,D,C,A,A,H,-,C,D,0,,,,,Y,,A,07,1,0,0,0,0,0,0,0,0,"- ","- ",36.983570098876953,-121.95372772216797,"SANTA CRUZ",UNINCORPORATED,-121.9537353515625,36.983592987060547
91981606,2023,2023-01-30,9720,2023-01-24,"320 ",022400,,2,3,9,4400,0,3,5,,2,100,"QUAIL HOLLOW RD","LARITA DR",180.00,W,N,A,-,Y,,,,,,,,,,N,2,0,1,1,A,-,03,22350,,N,E,J,A,A,H,-,C,D,0,,,Y,,Y,,C,02,1,0,0,0,0,0,0,0,1,"- ","- ",37.078678131103516,-122.07805633544922,"SANTA CRUZ",UNINCORPORATED,-122.07809448242188,37.078762054443359
92000374,2023,2023-02-22,9720,2023-01-11,"830 ",015699,,3,1,9,4400,0,2,4,,1,024,"14TH AVE.","E. CLIFF DR.",0.00,,Y,B,C,N,,,,,,,,,,Y,2,0,3,2,A,-,09,21802,A,N,D,C,A,B,H,-,A,A,0,,,,,Y,,A,01,1,0,2,0,0,0,0,0,0,"- ","- ",36.963809967041016,-121.99169921875,"SANTA CRUZ",UNINCORPORATED,-121.99167633056641,36.963809967041016
92005624,2023,2023-03-01,9720,2023-02-16,1610,023110,,4,2,9,4400,0,3,5,,2,200,"SR-1 S/B","LA FONDA AVE",924.00,N,N,A,-,Y,SCR,,1," "," ",15.414,H,,L,Y,2,0,2,3,A,-,03,22350,,N,C,C,A,A,H,-,A,D,0,,,,,Y,,D,22,2,0,0,0,0,0,0,0,0,"- ","- ",36.988128662109375,-121.99606323242188,"SANTA CRUZ",UNINCORPORATED,-121.99606323242188,36.988105773925781
92028860,2023,2023-03-27,9720,2023-03-16,2105,022907,,4,2,9,4400,0,1,3,,1,035,SR-129,"ROGGE LN",3696.00,E,N,A,-,Y,SCR,,129," "," ",7.969,H,,R,Y,2,0,1,1,A,-,01,23152,A,N,E,I,A,B,H,-,C,D,0,,,,,Y,Y,D,22,1,0,0,0,0,0,0,0,0,"- ","- ",36.912078857421875,-121.6298828125,"SANTA CRUZ",UNINCORPORATED,-121.62984466552734,36.912052154541016