CASE_ID,ACCIDENT_YEAR,PROC_DATE,JURIS,COLLISION_DATE,COLLISION_TIME,OFFICER_ID,REPORTING_DISTRICT,DAY_OF_WEEK,CHP_SHIFT,POPULATION,CNTY_CITY_LOC,SPECIAL_COND,BEAT_TYPE,CHP_BEAT_TYPE,CITY_DIVISION_LAPD,CHP_BEAT_CLASS,BEAT_NUMBER,PRIMARY_RD,SECONDARY_RD,DISTANCE,DIRECTION,INTERSECTION,WEATHER_1,WEATHER_2,STATE_HWY_IND,CALTRANS_COUNTY,CALTRANS_DISTRICT,STATE_ROUTE,ROUTE_SUFFIX,POSTMILE_PREFIX,POSTMILE,LOCATION_TYPE,RAMP_INTERSECTION,SIDE_OF_HWY,TOW_AWAY,COLLISION_SEVERITY,NUMBER_KILLED,NUMBER_INJURED,PARTY_COUNT,PRIMARY_COLL_FACTOR,PCF_CODE_OF_VIOL,PCF_VIOL_CATEGORY,PCF_VIOLATION,PCF_VIOL_SUBSECTION,HIT_AND_RUN,TYPE_OF_COLLISION,MVIW,PED_ACTION,ROAD_SURFACE,ROAD_COND_1,ROAD_COND_2,LIGHTING,CONTROL_DEVICE,CHP_ROAD_TYPE,PEDESTRIAN_ACCIDENT,BICYCLE_ACCIDENT,MOTORCYCLE_ACCIDENT,TRUCK_ACCIDENT,NOT_PRIVATE_PROPERTY,ALCOHOL_INVOLVED,STWD_VEHTYPE_AT_FAULT,CHP_VEHTYPE_AT_FAULT,COUNT_SEVERE_INJ,COUNT_VISIBLE_INJ,COUNT_COMPLAINT_PAIN,COUNT_PED_KILLED,COUNT_PED_INJURED,COUNT_BICYCLIST_KILLED,COUNT_BICYCLIST_INJURED,COUNT_MC_KILLED,COUNT_MC_INJURED,PRIMARY_RAMP,SECONDARY_RAMP,LATITUDE,LONGITUDE,COUNTY,CITY,POINT_X,POINT_Y
92036673,2023,2023-04-04,9720,2023-03-25,1810,022140,,6,2,9,4400,0,3,5,,2,300,"SAN ANDREAS RD","ESTRELLA AVE",85.00,N,N,A,-,N,,,,,,,,,,Y,2,0,2,1,A,-,08,22107,,N,E,I,A,A,H,-,A,D,0,,,,,Y,,D,22,2,0,0,0,0,0,0,0,0,"- ","- ",36.935070037841797,-121.85984039306641,"SANTA CRUZ",UNINCORPORATED,-121.85973358154297,36.935081481933594
92039914,2023,2023-04-07,9720,2023-03-25,1749,023166,,6,2,9,4400,0,3,5,,2,300,"CELIA DR.","GREEN VALLEY RD.",17.00,W,N,A,-,N,,,,,,,,,,Y,2,0,3,2,D,-,00,,,F,C,C,A,A,H,-,A,A,0,,,,,Y,,-,"- ",2,1,0,0,0,0,0,0,0,"- ","- ",36.953891754150391,-121.76481628417969,"SANTA CRUZ",UNINCORPORATED,-121.76492309570312,36.953838348388672
92098735,2023,2023-06-21,9720,2023-06-17,1612,023166,,6,2,9,4400,0,3,5,,2,200,"OPAL CLIFF DR.","CLIFF DR",397.00,W,N,A,-,N,,,,,,,,,,N,2,0,1,1,A,-,03,22350,,N,F,A,A,A,H,-,A,D,0,,Y,,,Y,,M,91,1,0,0,0,0,0,1,0,0,"- ","- ",36.967861175537109,-121.95845794677734,"SANTA CRUZ",UNINCORPORATED,-121.9583740234375,36.967864990234375
92099661,2023,2023-06-22,9720,2023-06-10,1415,023146,,6,2,9,4400,0,3,5,,2,100,"ALBA RD","JIM'S RD",2112.00,W,N,A,-,N,,,,,,,,,,Y,2,0,1,2,A,-,17,23114,A,N,E,J,A,A,H,-,A,D,0,,,Y,,Y,,E,22,1,0,0,0,0,0,0,0,1,"- ","- ",37.096828460693359,-122.12419128417969,"SANTA CRUZ",UNINCORPORATED,-122.12464141845703,37.097003936767578
92101791,2023,2023-06-26,9720,2023-06-16,1632,022140,,5,2,9,4400,0,1,3,,2,020,"SR-1 S/B","41ST AVE",180.00,N,N,A,-,Y,SCR,,1," "," ",13.667,H,,L,Y,2,0,1,3,A,-,07,21658,A,N,B,C,A,A,D,-,A,D,0,,,Y,,Y,,A,07,1,0,0,0,0,0,0,0,1,"- ","- ",36.982719421386719,-121.96530151367188,"SANTA CRUZ",UNINCORPORATED,-121.96530151367188,36.982734680175781
92113707,2023,2023-07-11,9720,2023-06-29,1640,021833,,4,2,9,4400,0,1,3,,1,010,"SR-1 S/B","COAST ROAD",1056.00,N,N,A,-,Y,SCR,,1," "," ",22.165,H,,L,N,2,0,1,1,A,-,03,22350,,N,F,A,A,A,H,-,A,D,0,,Y,,,Y,,L,04,1,0,0,0,0,0,1,0,0,"- ","- ",36.961639404296875,-122.09602355957031,"SANTA CRUZ",UNINCORPORATED,-122.09599304199219,36.961715698242188
92113814,2023,2023-07-11,9720,2023-07-04,1510,022901,,2,2,9,4400,0,1,3,,1,015,SR-9,"ALAMEDA AVE",350.00,S,N,A,-,Y,SCR,,9," "," ",11.228,H,,R,N,2,0,1,1,D,-,00,,,N,F,A,A,A,H,-,A,D,0,,Y,,,Y,Y,-,"- ",1,0,0,0,0,0,1,0,0,"- ","- ",37.1068115234375,-122.10697937011719,"SANTA CRUZ",UNINCORPORATED,-122.10691070556641,37.106857299804688
9211647,2020,2021-02-25,4403,2020-12-15,0124,358,2-24,2,5,4,4403,0,0,0,,0,002,"BEACH ST","LEE RD",1115.00,N,N,A,-,N,,,,,,,,,,Y,1,1,0,2,A,-,11,21956,A,N,G,B,E,A,H,-,C,D,0,Y,,,,Y,,N,60,0,0,0,1,0,0,0,0,0,"- ","- ",,,"SANTA CRUZ",WATSONVILLE,-121.77677917480469,36.898391723632812
9211741,2021,2023-06-20,4402,2021-02-10,1515,165,4402,3,5,5,4402,0,0,0,,0,000,"RIVER ST S","WATER ST",0.00,,Y,A,-,N,,,,,,,,,,Y,1,1,0,2,A,-,11,21954,A,N,G,B,D,A,H,-,A,A,0,Y,,,Y,Y,,N,60,0,0,0,1,0,0,0,0,0,"- ","- ",,,"SANTA CRUZ","SANTA CRUZ",-122.02536010742188,36.977859497070312
9211743,2021,2021-11-29,4402,2021-02-18,1643,165,4402,4,5,5,4402,0,0,0,,0,000,RT-1,"FAIR AV",0.00,,Y,A,-,Y,SCR,5,1,-,-,19.471,I,5,N,Y,1,1,1,2,A,-,03,22350,,N,D,C,A,A,H,-,A,A,0,,,Y,,Y,,C,02,0,0,1,0,0,0,0,1,0,"- ","- ",,,"SANTA CRUZ","SANTA CRUZ",-122.04654693603516,36.961597442626953
92125327,2023,2023-07-25,9720,2023-07-19,1645,022293,,3,2,9,4400,0,3,5,,2,100,"SUMMIT DRIVE","844 SUMMIT DRIVE",189.00,N,N,A,-,N,,,,,,,,,,N,2,0,2,1,A,-,03,22350,,N,F,A,A,A,H,-,A,D,0,,,Y,,Y,,C,06,1,1,0,0,0,0,0,0,2,"- ","- ",37.091030120849609,-122.13803100585938,"SANTA CRUZ",UNINCORPORATED,-121.83211517333984,37.089687347412109
92125748,2023,2023-07-25,9720,2023-07-14,1730,021304,,5,2,9,4400,0,1,3,,1,035,SR-129,"CARLTON ROAD",0.00,,Y,A,-,Y,SCR,,129," "," ",3.269,H,,R,Y,2,0,2,2,A,-,09,21802,A,N,D,C,A,A,H,-,A,A,0,,,,Y,Y,,A,01,1,0,1,0,0,0,0,0,0,"- ","- ",36.924339294433594,-121.69918823242188,"SANTA CRUZ",UNINCORPORATED,-121.69918823242188,36.924308776855469
92137016,2023,2023-08-07,9720,2023-07-30,1029,023345,,7,1,9,4400,0,1,3,,1,017,SR-17,"PASATIEMPO DR OVERCROSSING",2112.00,S,N,A,-,Y,SCR,,17," "," ",0.236,H,,R,Y,2,0,1,2,A,-,07,21658,A,M,F,A,A,A,H,-,A,D,0,,,Y,,Y,,A,07,1,0,0,0,0,0,0,0,1,"- ","- ",36.992729187011719,-122.01962280273438,"SANTA CRUZ",UNINCORPORATED,-122.01947784423828,36.992664337158203
92163392,2023,2023-09-06,9720,2023-08-27,2255,022879,,7,3,9,4400,0,3,5,,2,300,"LAKEVIEW RD.","KINGSTON DR.",80.00,N,N,A,-,N,,,,,,,,,,Y,2,0,1,3,A,-,01,23152,A,N,E,E,A,A,H,-,C,D,0,,,,,Y,Y,A,01,1,0,0,0,0,0,0,0,0,"- ","- ",36.930599212646484,-121.73281097412109,"SANTA CRUZ",UNINCORPORATED,-121.73280334472656,36.930461883544922
92168585,2023,2023-09-12,9720,2023-08-23,"539 ",023311,,3,3,9,4400,0,1,3,,1,035,SR-129,"MURPHY RD",8448.00,E,N,A,-,Y,SCR,,129," "," ",6.331,H,,R,Y,2,0,1,2,A,-,05,21460,A,N,A,C,A,A,H,-,D,D,0,,,,Y,Y,,A,07,1,0,0,0,0,0,0,0,0,"- ","- ",36.909679412841797,-121.65115356445312,"SANTA CRUZ",UNINCORPORATED,-121.65111541748047,36.909687042236328
9216925,2020,2021-02-09,4402,2020-11-27,1425,147,"S CRZ",5,5,5,4402,0,0,0,,0,00B,"CAMPBELL ST","BARSON ST",101.00,S,N,A,-,N,,,,,,,,,,N,2,0,1,2,A,-,11,21954,A,N,G,B,D,A,H,-,A,D,0,Y,,,,Y,,D,22,1,0,0,0,1,0,0,0,0,"- ","- ",,,"SANTA CRUZ","SANTA CRUZ",-122.01961517333984,36.970329284667969
92172233,2023,2023-09-18,9720,2023-09-04,1518,023146,,1,2,9,4400,0,3,5,,2,100,"ICE CREAM GRADE","WINTER CREEK RD",2006.00,E,N,A,-,N,,,,,,,,,,Y,2,0,2,1,A,-,08,22107,,N,E,8,A,A,H,-,A,D,0,,,,,Y,,A,01,1,1,0,0,0,0,0,0,0,"- ","- ",37.059528350830078,-122.13371276855469,"SANTA CRUZ",UNINCORPORATED,-122.1337890625,37.059494018554688
92188221,2023,2023-10-02,9720,2023-09-20,"548 ",023166,,3,3,9,4400,0,1,3,,2,020,"SR-1 N/B","CAPITOLA AVE.",885.00,N,N,A,-,Y,SCR,,1," "," ",13.037,H,,R,Y,2,0,1,3,A,-,08,22107,,F,B,C,A,A,H,-,C,D,0,,,Y,Y,Y,,D,22,1,0,0,0,0,0,0,0,1,"- ","- ",36.983551025390625,-121.95403289794922,"SANTA CRUZ",UNINCORPORATED,-121.95403289794922,36.983562469482422
92191910,2023,2023-10-05,9720,2023-09-26,2155,022293,,2,2,9,4400,0,1,3,,1,014,SR-9,"OLD COUNTY HIGHWAY",220.00,S,N,A,-,Y,SCR,,9," "," ",15.504,H,,R,N,2,0,1,1,A,-,01,23152,A,N,E,I,A,A,H,-,D,D,0,,,Y,,Y,Y,C,02,1,0,0,0,0,0,0,0,1,"- ","- ",37.156589508056641,-122.13394165039062,"SANTA CRUZ",UNINCORPORATED,-122.13394927978516,37.156585693359375
92199982,2023,2023-10-16,9720,2023-10-05,1730,021304,,4,2,9,4400,0,3,5,,2,300,"SAN ANDREAS ROAD","CREST VIEW DR",528.00,S,N,A,-,N,,,,,,,,,,N,2,0,1,2,A,-,08,22107,,F,C,G,A,A,H,-,A,D,0,,Y,,,Y,,-,99,1,0,0,0,0,0,1,0,0,"- ","- ",36.891941070556641,-121.81037902832031,"SANTA CRUZ",UNINCORPORATED,-121.83646392822266,36.920200347900391
92202837,2023,2023-10-18,9720,2023-10-07,2120,023387,,6,2,9,4400,0,3,5,,2,100,"MILL ST",SR-9,250.00,E,N,A,-,N,,,,,,,,,,N,2,0,1,2,A,-,17,21200,,N,H,E,A,A,H,-,C,D,0,,Y,,,Y,Y,L,04,1,0,0,0,0,0,1,0,0,"- ","- ",37.088871002197266,-122.08969116210938,"SANTA CRUZ",UNINCORPORATED,-122.09152221679688,37.088985443115234
92204874,2023,2023-10-20,9720,2023-10-11,"710 ",022162,,3,1,9,4400,0,3,5,,2,300,"SAN ANDREAS RD","DAIRY ROAD",410.00,S,N,A,-,N,,,,,,,,,,N,2,0,3,1,A,-,03,22350,,N,F,I,A,A,H,-,A,D,0,,,,,Y,,A,01,2,1,0,0,0,0,0,0,0,"- ","- ",36.887771606445312,-121.80532073974609,"SANTA CRUZ",UNINCORPORATED,-121.80530548095703,36.887840270996094
92224758,2023,2023-10-31,9720,2023-10-18,1755,022044,,3,2,9,4400,0,2,4,,1,016,"GRAHAM HILL RD","E ZAYANTE RD.",0.00,,Y,A,-,N,,,,,,,,,,N,2,0,1,2,A,-,08,22107,,N,B,2,A,A,H,-,A,D,0,,,Y,,Y,,-,"- ",1,0,0,0,0,0,0,0,1,"- ","- ",37.049831390380859,-122.06588745117188,"SANTA CRUZ",UNINCORPORATED,-122.06584930419922,37.049797058105469
92245232,2023,2023-11-27,9720,2023-11-12,1201,023331,,7,1,9,4400,0,1,3,,1,014,SR-9,"MCGAFFIGAN MILL RD",1320.00,N,N,A,-,Y,SCR,,9," "," ",18.774,H,,R,N,2,0,1,2,A,-,03,22350,,N,B,C,A,A,H,-,A,D,0,,,Y,,Y,,C,02,1,0,0,0,0,0,0,0,1,"- ","- ",37.200969696044922,-122.14694213867188,"SANTA CRUZ",UNINCORPORATED,-122.14690399169922,37.200962066650391
92248360,2023,2023-11-30,9720,2023-10-24,1215,015170,,2,1,9,4400,0,1,3,,1,014,SR-9,"CRESTA DR",0.00,,Y,B,-,Y,SCR,,9," "," ",14.119,H,,R,Y,2,0,1,2,A,-,03,22350,,N,B,C,A,A,H,-,A,A,0,,,Y,,Y,,C,02,1,0,0,0,0,0,0,0,1,"- ","- ",37.138401031494141,-122.12935638427734,"SANTA CRUZ",UNINCORPORATED,-122.12938690185547,37.138385772705078
92258829,2023,2023-12-11,9720,2023-09-18,1550,023186,,1,2,9,4400,0,1,S,,2,904,SR-1,"MOSS LANDING RD",305.00,N,N,A,-,Y,MON,,1," "," ",95.862,H,,R,Y,2,0,1,2,A,-,03,22350,,N,C,C,A,A,H,-,A,D,0,,,,,Y,,A,01,1,0,0,0,0,0,0,0,0,"- ","- ",36.800689697265625,-121.78334808349609,"SANTA CRUZ",UNINCORPORATED,-121.78337097167969,36.800685882568359
92281036,2023,2024-01-08,9720,2023-12-16,1720,023186,,6,2,9,4400,0,1,3,,1,015,"RT 9","LAKEVIEW DR",110.00,N,N,A,-,Y,SCR,,9," "," ",5.436,H,,R,N,2,0,2,1,A,-,03,22350,,N,F,A,A,A,H,-,D,D,0,,,Y,,Y,,C,02,1,1,0,0,0,0,0,0,2,"- ","- ",37.038368225097656,-122.067626953125,"SANTA CRUZ",UNINCORPORATED,-122.06764984130859,37.038345336914062
92285469,2023,2024-01-12,9720,2023-12-17,2017,022545,,7,2,9,4400,0,1,3,,1,017,"SR-17 S/B","LA MADRONA DR",528.00,N,N,B,-,Y,SCR,,17," "," ",2.372,H,,L,Y,2,0,4,2,A,-,03,22350,,N,C,C,A,B,H,-,D,D,0,,,,,Y,,A,07,1,2,1,0,0,0,0,0,0,"- ","- ",37.021629333496094,-122.02687072753906,"SANTA CRUZ",UNINCORPORATED,-122.02689361572266,37.021633148193359
92285475,2024,2024-01-12,9720,2024-01-03,1713,023387,,3,2,9,4400,0,3,5,,2,200,"MERRILL ST","17TH AVE",375.00,W,N,B,-,N,,,,,,,,,,N,2,0,1,2,A,-,11,21954,A,N,G,B,D,B,H,-,B,D,0,Y,,,,Y,,N,60,1,0,0,0,1,0,0,0,0,"- ","- ",36.965438842773438,-121.98800659179688,"SANTA CRUZ",UNINCORPORATED,-121.98778533935547,36.965381622314453
92318668,2024,2024-02-20,9720,2024-02-11,2150,023166,,7,2,9,4400,0,2,4,,1,016,"GRAHAM HILL RD",SR-9,69.00,E,N,A,-,N,,,,,,,,,,N,2,0,1,2,A,-,03,22350,,F,G,B,D,A,H,-,C,A,0,Y,,,,Y,,-,99,1,0,0,0,1,0,0,0,0,"- ","- ",37.053028106689453,-122.07295989990234,"SANTA CRUZ",UNINCORPORATED,-122.07305908203125,37.052978515625
92324479,2024,2024-02-27,9720,2024-02-22,"35  ",022162,,4,3,9,4400,0,2,4,,1,021,"SOQUEL DR","RESEARCH PARK DR",257.00,E,N,A,-,N,,,,,,,,,,Y,2,0,2,1,A,-,01,23152,A,N,E,8,A,A,H,-,C,D,0,,,,,Y,Y,A,07,1,1,0,0,0,0,0,0,0,"- ","- ",36.987258911132812,-121.96745300292969,"SANTA CRUZ",UNINCORPORATED,-121.96762084960938,36.987186431884766
92329897,2024,2024-03-05,9720,2024-02-21,1645,023611,,3,2,9,4400,0,1,3,,1,015,"SR-9 S/B","GREENBANK DR",50.00,N,N,B,-,Y,SCR,,9," "," ",9.158,H,,L,Y,2,0,2,1,A,-,01,23152,A,N,E,I,A,B,H,-,A,D,0,,,,,Y,Y,D,22,2,0,0,0,0,0,0,0,0,"- ","- ",37.085098266601562,-122.08953094482422,"SANTA CRUZ",UNINCORPORATED,-122.08940887451172,37.085147857666016
92334776,2024,2024-03-11,9720,2024-03-04,"912 ",020640,,1,1,9,4400,0,3,5,,2,200,"SAN ANDREAS RD","BYERS LN",495.00,S,N,A,-,N,,,,,,,,,,N,2,0,1,1,C,-,18,,,N,F,A,A,B,H,-,A,D,0,,Y,,,Y,,-,"- ",1,0,0,0,0,0,1,0,0,"- ","- ",36.95513916015625,-121.86434936523438,"SANTA CRUZ",UNINCORPORATED,-121.86429595947266,36.955009460449219
92350608,2024,2024-03-29,9720,2024-03-17,1241,023214,,7,1,9,4400,0,1,3,,1,014,SR-9,"CHESEBROUGH SCOUT RESERVATION RD",100.00,S,N,A,-,N,,,,,,,,,,Y,2,0,1,2,A,-,03,22350,,N,E,I,A,A,H,-,A,D,0,,,Y,,Y,,C,02,1,0,0,0,0,0,0,0,1,"- ","- ",37.245521545410156,-122.14560699462891,"SANTA CRUZ",UNINCORPORATED,-122.14559936523438,37.245532989501953
92355430,2024,2024-04-04,9720,2024-03-22,1853,023657,,5,2,5,4402,0,2,4,,1,024,"BROMMER ST","CAPTAINS CT",85.00,W,N,C,-,N,,,,,,,,,,N,2,0,1,1,A,-,03,22350,,N,F,A,A,B,H,-,A,D,0,,Y,,,Y,,M,91,1,0,0,0,0,0,1,0,0,"- ","- ",36.971988677978516,-121.99398803710938,"SANTA CRUZ","SANTA CRUZ",-121.99388122558594,36.972030639648438
9235720,2021,2021-04-16,4402,2021-02-24,0839,124,4412,3,5,5,4402,0,0,0,,0,,"PACIFIC AV","LAUREL ST",0.00,,N,A,-,N,,,,,,,,,,N,2,0,1,2,D,-,00,,,N,H,G,A,A,H,-,A,A,0,,Y,,,Y,,-,"- ",1,0,0,0,0,0,1,0,0,"- ","- ",,,"SANTA CRUZ","SANTA CRUZ",-122.02477264404297,36.969211578369141
92359857,2023,2024-04-09,9720,2023-12-20,"740 ",023316,,3,1,5,4402,0,1,3,,2,020,"SR-1 S/B","MARKET ST",146.46,S,N,B,C,Y,SCR,,1," "," ",16.339,H,,L,Y,1,1,0,1,A,-,03,22350,,N,E,I,A,B,H,-,A,D,0,,,,,Y,,D,22,0,0,0,0,0,0,0,0,0,"- ","- ",36.988430023193359,-122.01268005371094,"SANTA CRUZ","SANTA CRUZ",-122.01267242431641,36.988544464111328
92359873,2023,2024-04-09,9720,2023-08-21,"435 ",022907,,1,3,9,4400,0,1,3,,2,020,"SR-1 N/B TO SR-17 N/B","SR-17 N/B",528.00,S,N,A,-,Y,SCR,,1," "," ",16.772,H,,R,Y,1,1,0,1,A,-,08,22107,,N,E,9,A,A,H,-,D,D,0,,,,,Y,,A,01,0,0,0,0,0,0,0,0,0,"- ","- ",36.989711761474609,-122.02044677734375,"SANTA CRUZ",UNINCORPORATED,-122.02049255371094,36.989490509033203
92367496,2024,2024-04-18,9720,2024-04-08,"320 ",023387,,1,3,9,4400,0,2,4,,1,022,"SOQUEL SAN JOSE RD","LOS ROBLES RD",1056.00,S,N,A,-,N,,,,,,,,,,Y,2,0,1,1,A,-,01,23152,A,N,E,8,A,A,H,-,C,D,0,,,,,Y,Y,A,07,1,0,0,0,0,0,0,0,0,"- ","- ",37.013679504394531,-121.95249938964844,"SANTA CRUZ",UNINCORPORATED,-121.95214080810547,37.014720916748047
92368855,2024,2024-04-19,9720,2024-04-12,1440,022140,,5,2,9,4400,0,1,3,,1,015,SR-9,"LAZYWOODS RD",700.00,S,N,B,-,Y,SCR,,9," "," ",7.306,H,,R,Y,2,0,2,4,A,-,01,23152,A,N,B,C,A,A,H,-,A,D,0,,,,,Y,Y,A,01,2,0,0,0,0,0,0,0,0,"- ","- ",37.063220977783203,-122.07997131347656,"SANTA CRUZ",UNINCORPORATED,-122.07996368408203,37.063217163085938
9239196,2020,2021-04-19,4404,2020-10-16,1055,5211,4404,5,5,3,4404,0,0,0,,0,NORTH,"SCOTTS VALLEY DR","EL PUEBLO RD",530.00,N,N,A,-,N,,,,,,,,,,N,2,0,1,2,A,-,03,22350,,N,H,G,A,A,H,-,A,D,0,,Y,,,Y,,L,04,1,0,0,0,0,0,1,0,0,"- ","- ",37.056961059570312,-122.01084136962891,"SANTA CRUZ","SCOTTS VALLEY",-122.01134490966797,37.056896209716797
92392085,2024,2024-05-16,9720,2024-05-04,1031,023103,,6,1,9,4400,0,2,4,,1,021,"SOQUEL DRIVE","CHANTICLEER AVE",0.00,,Y,B,C,N,,,,,,,,,,Y,2,0,4,2,A,-,09,21802,B,N,D,2,A,B,H,-,A,A,0,,,,,Y,Y,A,07,3,1,0,0,0,0,0,0,0,"- ","- ",36.988510131835938,-121.97802734375,"SANTA CRUZ",UNINCORPORATED,-121.97798919677734,36.988506317138672
92413941,2024,2024-06-13,9720,2024-06-04,"535 ",020640,,2,3,9,4400,0,1,3,,1,010,SR-1,"CEMENT PLANT RD",290.00,N,N,A,-,Y,SCR,,1," "," ",29.047,H,,R,Y,2,0,5,1,A,-,08,22107,,N,E,8,A,A,H,-,B,A,0,,,,,Y,,A,01,3,2,0,0,0,0,0,0,0,"- ","- ",37.013870239257812,-122.20018005371094,"SANTA CRUZ",UNINCORPORATED,-122.20014190673828,37.013916015625
92416609,2024,2024-06-17,9720,2024-06-05,2147,023166,,3,2,9,4400,0,1,3,,2,020,"SR-1 N/B","OCEAN ST",208.00,S,N,A,-,Y,SCR,,1," "," ",16.968,H,,R,Y,2,0,1,1,A,-,01,23152,A,N,E,8,A,A,H,-,C,D,0,,,,,Y,Y,A,01,1,0,0,0,0,0,0,0,0,"- ","- ",36.991409301757812,-122.02163696289062,"SANTA CRUZ",UNINCORPORATED,-122.02165222167969,36.991344451904297
92419547,2024,2024-06-20,9720,2024-06-01,"154 ",023447,,6,3,9,4400,0,2,4,,1,032,"GREEN VALLEY RD","CELIA DR",50.00,N,N,A,-,N,,,,,,,,,,N,2,0,1,1,A,-,01,23152,A,N,F,A,A,A,H,-,D,D,0,,,,,Y,Y,D,22,1,0,0,0,0,0,0,0,0,"- ","- ",36.954460144042969,-121.76500701904297,"SANTA CRUZ",UNINCORPORATED,-121.76492309570312,36.953975677490234
92433318,2024,2024-07-19,9720,2024-06-07,"525 ",023507,,5,3,9,4400,0,1,3,,1,017,"SR-17 N/B","MOUNT HERMON RD",4000.00,N,N,E,-,Y,SCR,,17," "," ",4.182,H,,R,N,2,0,1,3,A,-,03,22350,,N,C,C,A,B,H,-,B,D,0,,,,,Y,,J,48,1,0,0,0,0,0,0,0,0,"- ","- ",37.044761657714844,-122.01483917236328,"SANTA CRUZ",UNINCORPORATED,-122.01480102539062,37.044750213623047
92433360,2024,2024-07-08,9720,2024-06-09,1453,023331,,7,2,9,4400,0,1,3,,1,014,SR-9,"FERN DR",792.00,S,N,A,-,Y,SCR,,9," "," ",17.246,H,,R,Y,2,0,6,2,A,-,05,21460,A,N,A,C,A,A,H,-,A,D,0,,,,,Y,,A,01,1,2,3,0,0,0,0,0,0,"- ","- ",37.181121826171875,-122.1409912109375,"SANTA CRUZ",UNINCORPORATED,-122.14096832275391,37.181121826171875
92436079,2024,2024-07-11,9720,2024-06-15,2250,023419,,6,3,9,4400,0,3,5,,2,100,"EMPIRE GRADE RD","BRAEMOOR DR",528.00,S,N,A,-,N,,,,,,,,,,N,2,0,1,1,C,-,18,,,N,H,H,A,A,H,-,D,D,0,,,Y,,Y,,-,"- ",1,0,0,0,0,0,0,0,1,"- ","- ",37.111919403076172,-122.15086364746094,"SANTA CRUZ",UNINCORPORATED,-122.15125274658203,37.112491607666016
92436093,2024,2024-07-11,9720,2024-06-18,1040,023166,,2,1,9,4400,0,3,5,,2,100,"MT HERMON RD","WHISTLER CT",40.00,W,N,A,-,N,,,,,,,,,,Y,2,0,1,2,A,-,08,22107,,N,A,C,A,A,H,-,A,D,0,,,,,Y,Y,D,22,1,0,0,0,0,0,0,0,0,"- ","- ",37.053249359130859,-122.03898620605469,"SANTA CRUZ",UNINCORPORATED,,
92436186,2024,2024-07-11,9720,2024-06-22,1310,023636,,6,1,9,4400,0,2,4,,1,031,"FREEDOM BOULEVARD","CORRALITOS RD",700.00,N,N,A,-,N,,,,,,,,,,Y,2,0,2,2,C,-,18,,,N,A,2,A,A,H,-,A,D,0,,,,,Y,,-,"- ",1,0,1,0,0,0,0,0,0,"- ","- ",36.965198516845703,-121.81069946289062,"SANTA CRUZ",UNINCORPORATED,-121.81065368652344,36.965118408203125
92441964,2024,2024-07-17,9720,2024-06-25,1500,023811,,2,2,9,4400,0,1,3,,2,020,"SR-1 N/B","EMELINE AVE. UNDERCROSSING",1373.00,N,N,A,-,Y,SCR,,1," "," ",16.961,H,,R,Y,2,0,1,1,A,-,03,22350,,N,E,8,A,A,H,-,A,A,0,,,Y,,Y,,C,02,1,0,0,0,0,0,0,0,1,"- ","- ",36.991439819335938,-122.02179718017578,"SANTA CRUZ",UNINCORPORATED,-122.02178192138672,36.991344451904297
92444882,2024,2024-07-22,9720,2024-05-05,"530 ",022044,,7,3,9,4400,0,1,3,,1,017,"SR-17 S/B","LA MADRONA DR",100.00,S,N,B,-,Y,SCR,,17," "," ",2.167,H,,L,Y,2,0,1,2,A,-,08,22107,,F,D,C,A,B,H,-,B,D,0,,,,,Y,,A,01,1,0,0,0,0,0,0,0,0,"- ","- ",37.018798828125,-122.02808380126953,"SANTA CRUZ",UNINCORPORATED,-122.02798461914062,37.018795013427734
9246361,2021,2021-03-30,4404,2021-01-05,1721,5600,4404,2,5,3,4404,0,0,0,,0,SOUTH,"BEAN CREEK RD","REDWOOD WY",101.00,E,N,A,-,N,,,,,,,,,,Y,2,0,1,1,A,-,01,23152,A,N,E,I,A,B,H,-,B,D,0,,,,,Y,Y,A,01,1,0,0,0,0,0,0,0,0,"- ","- ",37.051609039306641,-122.0263671875,"SANTA CRUZ","SCOTTS VALLEY",-122.02357482910156,37.053863525390625
9247483,2021,2021-04-16,4402,2021-03-04,1633,191,4402,4,5,5,4402,0,0,0,,0,000,"SAN LORENZO PRK","WATER ST",1049.00,S,N,A,-,N,,,,,,,,,,N,2,0,1,1,D,-,00,,,N,F,A,A,A,H,-,A,D,0,,,,,Y,,-,"- ",1,0,0,0,0,0,0,0,0,"- ","- ",,,"SANTA CRUZ","SANTA CRUZ",-121.14369964599609,41.122440338134766