CASE_ID,ACCIDENT_YEAR,PROC_DATE,JURIS,COLLISION_DATE,COLLISION_TIME,OFFICER_ID,REPORTING_DISTRICT,DAY_OF_WEEK,CHP_SHIFT,POPULATION,CNTY_CITY_LOC,SPECIAL_COND,BEAT_TYPE,CHP_BEAT_TYPE,CITY_DIVISION_LAPD,CHP_BEAT_CLASS,BEAT_NUMBER,PRIMARY_RD,SECONDARY_RD,DISTANCE,DIRECTION,INTERSECTION,WEATHER_1,WEATHER_2,STATE_HWY_IND,CALTRANS_COUNTY,CALTRANS_DISTRICT,STATE_ROUTE,ROUTE_SUFFIX,POSTMILE_PREFIX,POSTMILE,LOCATION_TYPE,RAMP_INTERSECTION,SIDE_OF_HWY,TOW_AWAY,COLLISION_SEVERITY,NUMBER_KILLED,NUMBER_INJURED,PARTY_COUNT,PRIMARY_COLL_FACTOR,PCF_CODE_OF_VIOL,PCF_VIOL_CATEGORY,PCF_VIOLATION,PCF_VIOL_SUBSECTION,HIT_AND_RUN,TYPE_OF_COLLISION,MVIW,PED_ACTION,ROAD_SURFACE,ROAD_COND_1,ROAD_COND_2,LIGHTING,CONTROL_DEVICE,CHP_ROAD_TYPE,PEDESTRIAN_ACCIDENT,BICYCLE_ACCIDENT,MOTORCYCLE_ACCIDENT,TRUCK_ACCIDENT,NOT_PRIVATE_PROPERTY,ALCOHOL_INVOLVED,STWD_VEHTYPE_AT_FAULT,CHP_VEHTYPE_AT_FAULT,COUNT_SEVERE_INJ,COUNT_VISIBLE_INJ,COUNT_COMPLAINT_PAIN,COUNT_PED_KILLED,COUNT_PED_INJURED,COUNT_BICYCLIST_KILLED,COUNT_BICYCLIST_INJURED,COUNT_MC_KILLED,COUNT_MC_INJURED,PRIMARY_RAMP,SECONDARY_RAMP,LATITUDE,LONGITUDE,COUNTY,CITY,POINT_X,POINT_Y
9572177,2023,2023-05-18,4402,2023-04-19,"822 ",130,4402,3,5,5,4402,0,0,0,,0,000,"BAY ST","LIBERTY ST",0.00,,Y,A,-,N,,,,,,,,,,N,2,0,2,2,A,-,09,21802,A,N,D,G,A,A,H,-,A,D,0,,Y,,,Y,,A,07,1,1,0,0,0,0,1,0,0,"- ","- ",,,"SANTA CRUZ","SANTA CRUZ",-122.03020477294922,36.960407257080078
9583170,2023,2023-07-10,4402,2023-05-17,1814,832DY,,3,5,5,4402,0,0,0,,0,,"KERR RD","FOUNDRY RD",0.00,,Y,A,-,N,,,,,,,,,,N,2,0,2,2,A,-,03,22350,,N,D,-,A,A,H,-,A,D,0,,Y,,,Y,,-,"- ",1,0,1,0,0,0,2,0,0,"- ","- ",36.994960784912109,-122.06143188476562,"SANTA CRUZ","SANTA CRUZ",-122.06131744384766,36.995670318603516
9584182,2023,2023-05-17,4402,2023-03-25,"218 ",178,4402,6,5,5,4402,0,0,0,,0,000,"WEST CLIFF DR","SWIFT ST",0.00,,Y,A,-,N,,,,,,,,,,Y,2,0,1,1,A,-,01,23152,F,N,E,I,A,A,H,-,C,A,0,,,,,Y,,A,07,1,0,0,0,0,0,0,0,0,"- ","- ",,,"SANTA CRUZ","SANTA CRUZ",-122.04756164550781,36.950038909912109
9589535,2023,2023-07-05,4403,2023-05-30,1512,358,315,2,5,4,4403,0,0,0,,0,003,"BRIDGE ST","BECK ST",344.00,S,N,A,-,N,,,,,,,,,,Y,2,0,1,2,A,-,08,22103,,N,D,C,A,A,H,-,A,D,0,,,Y,,Y,,A,01,1,0,0,0,0,0,0,0,1,"- ","- ",,,"SANTA CRUZ",WATSONVILLE,-121.74524688720703,36.913375854492188
9593417,2023,2023-07-12,4402,2023-06-15,1217,130,4402,4,5,5,4402,0,0,0,,0,000,"MISSION ST","CENTER ST",0.00,,Y,A,-,N,,,,,,,,,,N,2,0,1,2,A,-,12,21453,A,N,D,G,A,A,H,-,A,A,0,,Y,,,Y,Y,L,04,1,0,0,0,0,0,1,0,0,"- ","- ",,,"SANTA CRUZ","SANTA CRUZ",-122.02792358398438,36.976879119873047
9595074,2023,2023-10-19,4402,2023-07-03,"936 ",192,4402,1,5,5,4402,0,0,0,,0,000,BROADWAY,"SAN LORENZO BL",210.00,E,N,A,-,N,,,,,,,,,,Y,2,0,1,1,C,-,18,,,N,E,J,A,A,-,-,A,D,0,,,Y,,Y,,-,"- ",1,0,0,0,0,0,0,0,1,"- ","- ",,,"SANTA CRUZ","SANTA CRUZ",-122.02201080322266,36.970802307128906
9608402,2023,2023-08-15,4401,2023-07-24,2042,526,4401,1,5,3,4401,0,0,0,,0,,"PARK AV","WASHBURN AV",0.00,,Y,A,-,N,,,,,,,,,,Y,2,0,1,1,A,-,01,23152,A,N,A,-,A,A,H,-,B,D,0,,,,,Y,Y,A,01,1,0,0,0,0,0,0,0,0,"- ","- ",,,"SANTA CRUZ",CAPITOLA,-121.94685363769531,36.976375579833984
9624052,2023,2025-06-24,4403,2023-07-01,1429,418,3-18,6,5,4,4403,0,0,0,,0,003,"BRIDGE ST","HUSHBECK AV",19.00,E,N,A,-,N,,,,,,,,,,Y,1,1,1,2,A,-,12,22450,A,N,D,D,A,A,H,-,A,A,0,,,Y,,Y,,C,02,0,0,1,0,0,0,0,1,0,"- ","- ",,,"SANTA CRUZ",WATSONVILLE,-121.74242401123047,36.91717529296875
9629950,2023,2023-12-11,4402,2023-10-04,1237,133,4402,3,5,5,4402,0,0,0,,0,,"SOQUEL AV","SEABRIGHT AV",47.00,W,N,A,-,N,,,,,,,,,,N,2,0,2,1,A,-,08,22107,,N,F,A,A,A,H,-,A,D,0,,Y,,,Y,,L,04,1,1,0,0,0,0,2,0,0,"- ","- ",,,"SANTA CRUZ","SANTA CRUZ",-122.01076507568359,36.979717254638672
9636480,2023,2023-12-26,4402,2023-10-23,1850,148,4402,1,5,5,4402,0,0,0,,0,000,"BAY ST","NOBEL DR",175.00,S,N,A,-,N,,,,,,,,,,Y,2,0,1,4,A,-,03,22350,,N,C,C,E,A,H,-,C,B,0,Y,,,,Y,,A,07,1,0,0,0,1,0,0,0,0,"- ","- ",,,"SANTA CRUZ","SANTA CRUZ",-122.04985809326172,36.973667144775391
9640174,2023,2024-03-01,4403,2023-11-24,1933,417,2-23,5,5,4,4403,0,0,0,,0,002,"RT 152","GREEN VALLEY RD",283.00,E,N,A,-,Y,SCR,5,152,-,T,1.250,H,-,E,Y,1,1,0,2,A,-,11,21954,A,N,G,B,D,A,H,-,E,D,0,Y,,,,Y,Y,N,60,0,0,0,1,0,0,0,0,0,"- ","- ",,,"SANTA CRUZ",WATSONVILLE,-121.78292083740234,36.918380737304688
9662921,2023,2024-02-14,4402,2023-12-04,2234,148,4402,1,5,5,4402,0,0,0,,0,000,"SOQUEL AV","HAGEMANN AV",25.00,W,N,A,-,N,,,,,,,,,,Y,2,0,1,1,A,-,08,22107,,N,E,I,A,A,H,-,C,D,0,,,,,Y,,E,22,1,0,0,0,0,0,0,0,0,"- ","- ",,,"SANTA CRUZ","SANTA CRUZ",-122.00179290771484,36.981410980224609
9668322,2024,2024-04-19,4402,2024-02-04,1614,192,4402,7,5,5,4402,0,0,0,,0,000,"MURRAY ST","SEABRIGHT AV",817.00,E,N,C,G,N,,,,,,,,,,Y,2,0,1,1,C,-,18,,,N,H,J,A,B,H,-,A,A,0,,,,,Y,,-,"- ",1,0,0,0,0,0,0,0,0,"- ","- ",,,"SANTA CRUZ","SANTA CRUZ",-122.00518035888672,36.967830657958984
9681621,2024,2024-05-30,4402,2024-03-16,2308,196,4402,6,5,5,4402,0,0,0,,0,000,"3RD ST","KAYE ST",0.00,,Y,A,-,N,,,,,,,,,,Y,2,0,1,1,A,-,08,22107,,N,E,I,A,A,H,-,C,D,0,,,,,Y,,A,01,1,0,0,0,0,0,0,0,0,"- ","- ",,,"SANTA CRUZ","SANTA CRUZ",-122.01625823974609,36.966960906982422
9696571,2024,2024-07-02,4402,2024-05-10,1922,196,4402,5,5,5,4402,0,0,0,,0,000,"RT 1","SHAFFER RD",0.00,,Y,A,-,Y,SCR,5,1,-,-,20.411,I,5,S,Y,2,0,2,1,A,-,05,21651,B,N,E,I,A,A,H,-,A,D,0,,,,,Y,,A,01,1,1,0,0,0,0,0,0,0,"- ","- ",,,"SANTA CRUZ","SANTA CRUZ",-122.062255859375,36.961307525634766
9698940,2024,2024-06-24,4402,2024-04-20,"112 ",196,4402,6,5,5,4402,0,0,0,,0,000,"LAUREL ST","BLACKBURN CT",0.00,,Y,A,-,N,,,,,,,,,,Y,2,0,1,1,A,-,01,23152,A,N,E,I,A,A,H,-,C,D,0,,,,,Y,Y,A,01,1,0,0,0,0,0,0,0,0,"- ","- ",,,"SANTA CRUZ","SANTA CRUZ",-122.03141784667969,36.968490600585938
9701136,2024,2024-07-24,4402,2024-05-26,2234,148,4402,7,5,5,4402,0,0,0,,0,000,"ALMAR AV","INGALLS ST",92.00,S,N,A,-,N,,,,,,,,,,Y,2,0,1,2,A,-,01,23152,A,F,C,E,A,A,H,-,D,D,0,,,,,Y,Y,D,22,1,0,0,0,0,0,0,0,0,"- ","- ",,,"SANTA CRUZ","SANTA CRUZ",-122.04327392578125,36.959209442138672
9702063,2024,2024-07-17,4403,2024-05-23,"906 ",T0019,2-24,4,5,4,4403,0,0,0,,0,002,"BEACH ST","INDUSTRIAL RD",0.00,,Y,A,-,N,,,,,,,,,,Y,2,0,1,2,A,-,09,21802,A,N,D,C,A,A,H,-,A,A,0,,,,,Y,,A,01,1,0,0,0,0,0,0,0,0,"- ","- ",,,"SANTA CRUZ",WATSONVILLE,-121.76973724365234,36.903617858886719
9705647,2024,2024-08-23,4402,2024-06-16,1653,148,4402,7,5,5,4402,0,0,0,,0,000,"SAN LORENZO BL","BIXBY ST",100.00,W,N,A,-,N,,,,,,,,,,N,2,0,1,1,A,-,08,22107,,N,H,A,A,A,H,-,A,D,0,,,Y,,Y,,C,03,1,0,0,0,0,0,0,0,1,"- ","- ",,,"SANTA CRUZ","SANTA CRUZ",-122.01747131347656,36.96893310546875
9708920,2024,2024-08-02,4402,2024-06-29,1503,186,4402,6,5,5,4402,0,0,0,,0,000,"POPLAR AV","MELROSE AV",145.00,S,N,A,-,N,,,,,,,,,,N,2,0,1,2,A,-,00,21760,B,F,B,G,A,A,H,-,A,D,0,,Y,,,Y,,A,01,1,0,0,0,0,0,1,0,0,"- ","- ",,,"SANTA CRUZ","SANTA CRUZ",-122.00831604003906,36.982513427734375
9711915,2024,2024-09-06,4402,2024-08-01,1538,186,4402,4,5,5,4402,0,0,0,,0,000,"BAY ST","LAGUNA ST",0.00,,Y,-,-,N,,,,,,,,,,N,2,0,1,2,A,-,04,21703,,N,C,G,A,A,H,-,A,D,0,,Y,,,Y,,L,04,1,0,0,0,0,0,1,0,0,"- ","- ",,,"SANTA CRUZ","SANTA CRUZ",-122.02909088134766,36.960498809814453
9724719,2024,2024-09-05,4401,2024-07-20,1018,523,4401,6,5,3,4401,0,0,0,,0,008,"MONTEREY AV","ELINOR ST",120.00,S,N,A,-,N,,,,,,,,,,N,2,0,1,2,A,-,17,22517,,N,H,G,A,A,H,-,A,D,0,,Y,,,Y,,A,01,1,0,0,0,0,0,1,0,0,"- ","- ",,,"SANTA CRUZ",CAPITOLA,-121.94474792480469,36.981517791748047
9724827,2024,2024-09-11,4404,2024-07-30,2338,1003,4404,2,5,3,4404,0,0,0,,0,00S,"BEAN CREEK RD","SCOTTS VALLEY DR",24.00,W,N,A,-,N,,,,,,,,,,Y,2,0,1,1,A,-,01,23152,A,N,E,I,A,A,H,-,C,A,0,,,,,Y,Y,A,01,1,0,0,0,0,0,0,0,0,"- ","- ",37.044189453125,-122.02362060546875,"SANTA CRUZ","SCOTTS VALLEY",-122.02375030517578,37.044284820556641
9726494,2024,2024-09-30,4402,2024-07-30,1245,809RF,1,2,5,5,4402,0,0,0,,0,,"HAGAR DR",MEYER,1500.00,S,N,A,-,N,,,,,,,,,,N,2,0,1,1,A,-,03,22350,,N,F,A,A,A,H,-,A,D,0,,Y,,,Y,,L,04,1,0,0,0,0,0,1,0,0,"- ","- ",36.998619079589844,-122.06011962890625,"SANTA CRUZ","SANTA CRUZ",,
9728123,2024,2024-08-27,4404,2024-06-21,1306,1004,4404,5,5,3,4404,0,0,0,,0,00S,"MT HERMON RD","SKYPARK DR",0.00,,Y,A,-,N,,,,,,,,,,N,2,0,1,2,A,-,12,21453,A,N,D,C,A,A,H,-,A,A,0,,,,,Y,,A,01,1,0,0,0,0,0,0,0,0,"- ","- ",37.048290252685547,-122.03433227539062,"SANTA CRUZ","SCOTTS VALLEY",-122.03433990478516,37.04833984375
9752871,2024,2024-11-14,4404,2024-10-21,1741,1004,4404,1,5,3,4404,0,0,0,,0,00S,"TWIN PINES DR","BAY LAUREL CT",56.00,W,N,A,-,N,,,,,,,,,,Y,2,0,1,1,A,-,05,21650,,N,F,A,A,A,B,-,A,D,0,,,Y,,Y,,C,02,1,0,0,0,0,0,0,0,1,"- ","- ",37.045520782470703,-122.03682708740234,"SANTA CRUZ","SCOTTS VALLEY",-122.03708648681641,37.045543670654297
9756738,2024,2024-12-02,4403,2024-11-04,1803,424,109,1,5,4,4403,0,0,0,,0,001,"MAIN ST","CENTRAL AV",0.00,,Y,A,-,N,,,,,,,,,,Y,2,0,1,2,A,-,10,21950,A,F,G,B,B,A,H,-,C,D,0,Y,,,,Y,,D,22,1,0,0,0,1,0,0,0,0,"- ","- ",,,"SANTA CRUZ",WATSONVILLE,-121.75466156005859,36.908271789550781
9758169,2024,2024-12-11,4402,2024-11-15,1931,140,4402,5,5,5,4402,0,0,0,,0,000,"FRONT ST","SOQUEL AV",365.00,N,N,A,-,N,,,,,,,,,,N,2,0,1,2,A,-,11,21954,A,N,G,B,E,A,H,-,C,D,0,Y,,,,Y,Y,N,60,1,0,0,0,1,0,0,0,0,"- ","- ",,,"SANTA CRUZ","SANTA CRUZ",-122.02497863769531,36.974189758300781
9758775,2024,2024-12-18,4402,2024-11-04,1220,187,4402,1,5,5,4402,0,0,0,,0,000,"SOQUEL AV","CALEDONIA ST",0.00,,Y,A,-,N,,,,,,,,,,N,2,0,1,2,A,-,00,21954,,N,G,B,D,A,H,-,C,D,0,Y,,,,Y,,A,01,1,0,0,0,1,0,0,0,0,"- ","- ",,,"SANTA CRUZ","SANTA CRUZ",-122.01483154296875,36.977527618408203
9759513,2024,2025-01-15,4403,2024-11-23,1929,433,220,6,5,4,4403,0,0,0,,0,002,"FORD ST","WALKER ST",229.00,E,N,A,-,N,,,,,,,,,,N,2,0,1,2,A,-,08,22107,,N,A,E,A,A,H,-,C,D,0,,,,,Y,,A,01,1,0,0,0,0,0,0,0,0,"- ","- ",,,"SANTA CRUZ",WATSONVILLE,-121.76602935791016,36.911563873291016
9761853,2024,2024-12-12,4402,2024-11-25,1901,148,4402,1,5,5,4402,0,0,0,,0,000,"LAUREL ST","FRONT ST",0.00,,Y,A,-,N,,,,,,,,,,Y,2,0,1,2,A,-,11,21456,A,F,G,B,B,A,H,-,C,A,0,Y,,,,Y,,N,60,1,0,0,0,1,0,0,0,0,"- ","- ",,,"SANTA CRUZ","SANTA CRUZ",-122.02378082275391,36.969318389892578
9770561,2024,2025-01-02,4403,2024-11-13,2029,T0020,224,3,5,4,4403,0,0,0,,0,002,"WALKER ST","LAKE AV",36.00,S,N,A,-,N,,,,,,,,,,N,2,0,1,2,A,-,11,21954,A,N,G,B,D,A,H,-,C,D,0,Y,,,,Y,,N,60,1,0,0,0,1,0,0,0,0,"- ","- ",,,"SANTA CRUZ",WATSONVILLE,-121.76262664794922,36.908439636230469
9782522,2025,2025-02-19,4401,2025-01-12,1452,528,4401,7,5,3,4401,0,0,0,,0,003,"BROMMER ST","38TH AV",0.00,,Y,A,-,N,,,,,,,,,,Y,2,0,3,3,A,-,00,23153,F,N,D,C,A,A,H,-,A,A,0,,,,,Y,,A,07,3,0,0,0,0,0,0,0,0,"- ","- ",,,"SANTA CRUZ",CAPITOLA,-121.9674072265625,36.970272064208984
9787244,2025,2025-04-15,4403,2025-01-17,1909,356,4-38,5,5,4,4403,0,0,0,,0,004,"GREEN VALLEY RD","CAREY AV",0.00,,Y,A,-,N,,,,,,,,,,Y,2,0,1,2,A,-,10,21950,A,F,G,B,B,A,H,-,C,D,0,Y,,,,Y,Y,A,07,1,0,0,0,1,0,0,0,0,"- ","- ",,,"SANTA CRUZ",WATSONVILLE,-121.77420043945312,36.934200286865234
9789091,2025,2025-05-20,4402,2025-03-25,2048,182,4402,2,5,5,4402,0,0,0,,0,000,"CLIFF DR","VIADUCT CT",0.00,,Y,B,-,N,,,,,,,,,,N,2,0,1,2,A,-,05,21651,,N,A,G,A,A,H,-,C,D,0,,Y,,,Y,,L,04,1,0,0,0,0,0,1,0,0,"- ","- ",,,"SANTA CRUZ","SANTA CRUZ",-122.02509307861328,36.963268280029297
9800608,2025,2025-04-29,4402,2025-03-31,2022,193,4402,1,5,5,4402,0,0,0,,0,000,"RT 1","RT 9",9.00,W,N,C,-,Y,SCR,5,1,-,-,17.560,I,5,N,N,2,0,1,2,A,-,11,21453,D,N,D,G,A,B,H,-,C,A,0,,Y,,,Y,Y,L,04,1,0,0,0,0,0,1,0,0,"- ","- ",,,"SANTA CRUZ","SANTA CRUZ",-122.02981567382812,36.9844970703125
9815672,2025,2025-06-13,4402,2025-05-24,"254 ",175,4402,6,5,5,4402,0,0,0,,0,000,"RT 1","MISSION ST",0.00,,Y,A,-,Y,SCR,5,1,-,-,18.130,H,-,N,Y,2,0,1,1,A,-,03,22350,,N,E,I,A,A,H,-,C,A,0,,,,,Y,,A,08,1,0,0,0,0,0,0,0,0,"- ","- ",,,"SANTA CRUZ","SANTA CRUZ",-122.03192901611328,36.977001190185547
9827502,2025,2025-07-21,4403,2025-06-29,1124,368,4-35,7,5,4,4403,0,0,0,,0,004,"HAMMER DR","PENNSYLVANIA DR",0.00,,Y,A,-,N,,,,,,,,,,,2,0,1,2,A,-,12,22450,A,N,D,-,A,A,H,-,A,A,0,,Y,,,Y,,L,04,1,0,0,0,0,0,1,0,0,"- ","- ",,,"SANTA CRUZ",WATSONVILLE,-121.77275085449219,36.920547485351562
5912061,2014,2014-02-07,4403,2014-01-01,1644,281,539,3,5,4,4403,0,0,0,,0,005,"AIRPORT BL","LOMA PRIETA AV",0.00,,Y,A,-,N,,,,,,,,,,N,1,1,0,1,A,-,08,22107,,N,H,A,A,A,H,-,B,D,0,,Y,,,Y,Y,L,04,0,0,0,0,0,1,0,0,0,"- ","- ",,,"SANTA CRUZ",WATSONVILLE,-121.78146989,36.935240059999998
5912198,2014,2015-12-21,9720,2014-01-11,0420,18976,,6,3,9,4400,0,1,3,,1,017,"RT 17","PASATIEMPO DR",110.00,N,N,B,-,Y,SCR,5,17,-,-,0.760,H,-,S,N,1,1,0,2,A,-,11,21954,A,N,G,B,E,A,H,-,D,D,1,Y,,,,Y,Y,N,60,0,0,0,1,0,0,0,0,0,"- ","- ",36.999940000000002,-122.02143,"SANTA CRUZ",UNINCORPORATED,-122.02152208,36.999699360000001
6290449,2014,2014-10-13,9720,2014-04-13,1116,19978,,7,1,9,4400,0,1,3,,1,014,"RT 9","MAGAFFIGAN MILL RD",2640.00,N,N,A,-,Y,SCR,5,9,-,-,19.070,H,-,S,Y,1,1,1,4,A,-,03,22350,,N,A,C,A,A,H,-,A,D,0,,,Y,,Y,,C,02,1,0,0,0,0,0,0,1,1,"- ","- ",37.203850000000003,-122.14478,"SANTA CRUZ",UNINCORPORATED,-122.14504484,37.20432074
6290532,2014,2014-05-22,4402,2014-04-03,2214,141,SANTA,4,5,5,4402,0,0,0,,0,,"RT 1","KING ST",0.00,,Y,B,-,Y,SCR,5,1,-,-,19.622,I,5,N,Y,1,1,0,2,A,-,10,21950,A,N,G,B,B,A,H,-,C,A,0,Y,,,,Y,,A,01,0,0,0,1,0,0,0,0,0,"- ","- ",,,"SANTA CRUZ","SANTA CRUZ",-122.04831185,36.960975310000002
6291459,2014,2014-12-04,9720,2014-06-08,1122,18601,,7,1,9,4400,0,1,3,,2,020,"RT 1","RIO DEL MAR BL",485.00,S,N,A,-,Y,SCR,5,1,-,-,9.024,R,2,N,Y,1,1,0,1,A,-,03,22350,,N,E,I,A,A,H,-,A,D,1,,,,,Y,,A,01,0,0,0,0,0,0,0,0,0,TO,"- ",36.974490000000003,-121.88385,"SANTA CRUZ",UNINCORPORATED,-121.88414434000001,36.974458519999999
6291495,2014,2015-12-29,9720,2014-08-25,2304,20019,,1,3,9,4400,0,1,3,,1,035,"RT 129","LAKEVIEW RD",2112.00,W,N,A,-,Y,SCR,5,129,-,-,1.000,H,-,W,Y,1,1,0,2,A,-,03,22350,,N,G,B,E,A,H,-,D,D,0,Y,,,,Y,,A,07,0,0,0,1,0,0,0,0,0,"- ","- ",36.914790000000004,-121.73846,"SANTA CRUZ",UNINCORPORATED,-121.73821583,36.914747730000002
6291548,2014,2015-04-14,9720,2014-09-08,0155,020261,,1,3,9,4400,0,3,5,,2,100,"LA MADRONA DR","SPIKER LN",590.00,N,N,A,-,N,,,,,,,,,,Y,1,1,0,1,A,-,01,23152,F,N,E,I,A,A,H,-,D,D,0,,,,,Y,Y,A,07,0,0,0,0,0,0,0,0,0,"- ","- ",37.029470000000003,-122.02338,"SANTA CRUZ",UNINCORPORATED,-122.02339000000001,37.030006669999999
6291810,2014,2016-01-08,9720,2014-11-15,1310,18601,,6,1,9,4400,0,2,4,,1,022,"SOQUEL SAN JOSE RD","RANCHO SOQUEL DR",1056.00,N,N,A,-,N,,,,,,,,,,Y,1,1,1,3,A,-,03,22350,,N,C,C,A,A,H,-,A,D,0,,,Y,,Y,,C,02,0,1,0,0,0,0,0,1,1,"- ","- ",37.009180000000001,-121.95352,"SANTA CRUZ",UNINCORPORATED,-121.95328244,37.007951319999997
6292446,2015,2015-08-05,4403,2015-07-04,0448,370,4-29,6,5,4,4403,0,0,0,,0,004,"MAIN ST","CROSSROADS SQ",0.00,,Y,F,-,Y,SCR,5,152,-,T,1.384,I,5,E,Y,1,1,0,2,A,-,10,21950,A,N,G,B,B,B,H,-,C,A,0,Y,,,,Y,,A,01,0,0,0,1,0,0,0,0,0,"- ","- ",,,"SANTA CRUZ",WATSONVILLE,-121.7807894,36.918124509999998
6292597,2015,2017-04-06,9720,2015-07-19,1235,20897,,7,1,9,4400,0,2,4,,1,016,"GRAHAM HILL RD","ROLLINGWOODS DR",0.00,S,N,B,-,N,,,,,,,,,,Y,1,1,0,4,A,-,06,21750,A,N,B,C,A,A,H,-,A,D,0,,,Y,,Y,Y,C,02,0,0,0,0,0,0,0,1,0,"- ","- ",,,"SANTA CRUZ",UNINCORPORATED,-122.03833989,37.025880100000002
6424981,2014,2014-06-10,4402,2014-01-25,2204,143,SANTA,6,5,5,4402,0,0,0,,0,00C,"CEDAR ST","WALNUT AV",0.00,,Y,A,-,N,,,,,,,,,,N,2,0,1,3,A,-,01,23153,A,N,G,B,B,A,H,-,C,A,0,Y,,,,Y,Y,A,01,1,0,0,0,1,0,0,0,0,"- ","- ",,,"SANTA CRUZ","SANTA CRUZ",-122.02716999,36.973330089999997
6425101,2014,2016-01-11,9720,2014-02-19,1350,15349,,3,1,9,4400,0,3,5,,2,200,"RT 1","RT 17",0.00,W,N,A,-,Y,SCR,5,1,-,-,16.744,R,2,N,Y,2,0,1,1,A,-,01,23152,A,N,E,I,A,A,H,-,A,D,1,,,,,Y,Y,A,07,1,0,0,0,0,0,0,0,0,TO,"- ",36.990360000000003,-122.02094,"SANTA CRUZ",UNINCORPORATED,-122.02034757,36.989469739999997
6426218,2014,2014-06-27,4402,2014-03-15,1452,141,SANTA,6,5,5,4402,0,0,0,,0,,"BAY ST","KENNETH ST",65.00,N,N,A,-,N,,,,,,,,,,N,2,0,1,1,C,-,18,,,N,F,G,A,A,H,-,A,D,0,,Y,,,Y,,-,"- ",1,0,0,0,0,0,1,0,0,"- ","- ",,,"SANTA CRUZ","SANTA CRUZ",-122.0455303,36.96905469
6449037,2014,2014-08-21,4402,2014-03-05,1416,192,4402,3,5,5,4402,0,0,0,,0,00C,"RIVER ST","WATER ST",1.00,S,N,B,-,N,,,,,,,,,,N,2,0,1,2,A,-,11,21954,A,F,G,B,B,A,H,-,A,A,0,Y,,,,Y,,A,01,1,0,0,0,1,0,0,0,0,"- ","- ",,,"SANTA CRUZ","SANTA CRUZ",-122.02535736999999,36.977858240000003
6454152,2014,2016-04-06,9720,2014-04-05,1354,18976,,6,1,9,4400,0,1,3,,1,015,"RT 9","GLENGARRY RD",7920.00,S,N,A,-,Y,SCR,5,9,-,-,3.240,H,-,S,Y,2,0,4,2,A,-,03,22350,,N,A,C,A,A,H,-,A,D,0,,,,,Y,,A,01,1,2,1,0,0,0,0,0,0,"- ","- ",37.015479999999997,-122.06213,"SANTA CRUZ",UNINCORPORATED,-122.06203659000001,37.015276139999997
6454156,2014,2016-03-05,9720,2014-03-31,1843,020019,,1,2,9,4400,0,1,3,,1,017,"RT 17","GLENWOOD DR",528.00,S,N,B,-,Y,SCR,5,17,-,-,10.540,H,-,S,Y,2,0,4,2,A,-,03,22350,,N,A,C,A,B,H,-,A,D,0,,,,,Y,,A,01,1,1,2,0,0,0,0,0,0,"- ","- ",37.119100000000003,-121.97538,"SANTA CRUZ",UNINCORPORATED,-121.97521005,37.11852356
6471177,2014,2016-04-05,9720,2014-04-22,1530,018328,,2,2,9,4400,0,1,3,,1,034,"RT 152","RED HAWK PL",3960.00,E,N,A,-,Y,SCR,5,152,-,-,5.960,H,-,W,Y,2,0,1,1,A,-,08,22107,,N,E,I,A,A,H,-,A,D,0,,,,,Y,,D,22,1,0,0,0,0,0,0,0,0,"- ","- ",36.984850000000002,-121.71346,"SANTA CRUZ",UNINCORPORATED,-121.71091572,36.978852799999999
6488576,2014,2016-04-05,9720,2014-05-02,1533,019978,,5,2,9,4400,0,1,3,,1,035,"RT 129","OLD CHITTENDEN RD",468.00,W,N,A,-,Y,SCR,5,129,-,-,9.920,H,-,E,Y,2,0,3,2,A,-,05,21460,A,N,A,C,A,A,H,-,A,D,0,,,,,Y,,A,01,2,1,0,0,0,0,0,0,0,"- ","- ",36.901499999999999,-121.59987,"SANTA CRUZ",UNINCORPORATED,-121.59868245,36.900996790000001
6497266,2014,2016-04-09,4403,2014-05-20,0745,281,315,2,5,4,4403,0,0,0,,0,003,"LAKE AV","LINCOLN ST",0.00,,Y,A,-,Y,SCR,5,152,-,-,0.370,H,-,E,N,2,0,1,2,A,-,05,21650,1,N,H,G,A,A,H,-,A,A,0,,Y,,,Y,,L,04,1,0,0,0,0,0,1,0,0,"- ","- ",,,"SANTA CRUZ",WATSONVILLE,-121.75688999,36.910249200000003
6505348,2014,2014-07-31,4402,2014-05-22,1717,141,SANTA,4,5,5,4402,0,0,0,,0,,"GOLF CLUB DR","RT 9",1414.00,W,N,A,-,N,,,,,,,,,,N,2,0,1,1,A,-,03,22350,,N,F,A,A,A,H,-,A,D,0,,Y,,,Y,,L,04,1,0,0,0,0,0,1,0,0,"- ","- ",,,"SANTA CRUZ","SANTA CRUZ",-122.0359236,36.989795780000001
6505475,2014,2014-07-29,9720,2014-05-10,2305,019790,,6,3,9,4400,0,3,5,,2,200,"MOUNT BACHE RD","HIGHLAND WY",528.00,E,N,A,-,N,,,,,,,,,,Y,2,0,4,1,A,-,01,23152,A,N,E,I,A,A,H,-,D,D,0,,,,,Y,Y,A,01,1,2,1,0,0,0,0,0,0,"- ","- ",37.104059999999997,-121.89758999999999,"SANTA CRUZ",UNINCORPORATED,-121.89883451,37.104817259999997
6505765,2014,2016-04-07,9720,2014-05-24,1308,18231,,6,1,9,4400,0,1,3,,2,020,"RT 1","MORRISSEY BL",1056.00,S,N,A,-,Y,SCR,5,1,-,-,15.620,H,-,S,Y,2,0,1,1,A,-,08,22107,,N,F,A,A,A,H,-,A,D,1,,,Y,,Y,,C,02,1,0,0,0,0,0,0,0,1,"- ","- ",36.988100000000003,-121.99670999999999,"SANTA CRUZ",UNINCORPORATED,-121.99975674,36.988160819999997