CASE_ID,ACCIDENT_YEAR,PROC_DATE,JURIS,COLLISION_DATE,COLLISION_TIME,OFFICER_ID,REPORTING_DISTRICT,DAY_OF_WEEK,CHP_SHIFT,POPULATION,CNTY_CITY_LOC,SPECIAL_COND,BEAT_TYPE,CHP_BEAT_TYPE,CITY_DIVISION_LAPD,CHP_BEAT_CLASS,BEAT_NUMBER,PRIMARY_RD,SECONDARY_RD,DISTANCE,DIRECTION,INTERSECTION,WEATHER_1,WEATHER_2,STATE_HWY_IND,CALTRANS_COUNTY,CALTRANS_DISTRICT,STATE_ROUTE,ROUTE_SUFFIX,POSTMILE_PREFIX,POSTMILE,LOCATION_TYPE,RAMP_INTERSECTION,SIDE_OF_HWY,TOW_AWAY,COLLISION_SEVERITY,NUMBER_KILLED,NUMBER_INJURED,PARTY_COUNT,PRIMARY_COLL_FACTOR,PCF_CODE_OF_VIOL,PCF_VIOL_CATEGORY,PCF_VIOLATION,PCF_VIOL_SUBSECTION,HIT_AND_RUN,TYPE_OF_COLLISION,MVIW,PED_ACTION,ROAD_SURFACE,ROAD_COND_1,ROAD_COND_2,LIGHTING,CONTROL_DEVICE,CHP_ROAD_TYPE,PEDESTRIAN_ACCIDENT,BICYCLE_ACCIDENT,MOTORCYCLE_ACCIDENT,TRUCK_ACCIDENT,NOT_PRIVATE_PROPERTY,ALCOHOL_INVOLVED,STWD_VEHTYPE_AT_FAULT,CHP_VEHTYPE_AT_FAULT,COUNT_SEVERE_INJ,COUNT_VISIBLE_INJ,COUNT_COMPLAINT_PAIN,COUNT_PED_KILLED,COUNT_PED_INJURED,COUNT_BICYCLIST_KILLED,COUNT_BICYCLIST_INJURED,COUNT_MC_KILLED,COUNT_MC_INJURED,PRIMARY_RAMP,SECONDARY_RAMP,LATITUDE,LONGITUDE,COUNTY,CITY,POINT_X,POINT_Y
6505769,2014,2016-04-06,9720,2014-05-23,1917,19636,,5,2,9,4400,0,1,3,,1,017,"RT 17","LAUREL RD",528.00,N,N,A,-,Y,SCR,5,17,-,-,9.540,H,-,S,N,2,0,1,2,A,-,07,21658,A,N,B,C,A,A,H,-,A,D,0,,,Y,,Y,,C,02,1,0,0,0,0,0,0,0,1,"- ","- ",37.103670000000001,-121.97651,"SANTA CRUZ",UNINCORPORATED,-121.97486591000001,37.105551519999999
6505773,2014,2016-04-06,9720,2014-05-22,1927,18071,,4,2,9,4400,0,1,3,,1,017,"RT 17","VINE HILL LN",2640.00,N,N,A,-,Y,SCR,5,17,-,-,7.910,H,-,S,Y,2,0,5,1,A,-,08,22107,,N,E,I,A,A,H,-,A,D,0,,,,,Y,,A,01,2,3,0,0,0,0,0,0,0,"- ","- ",37.092309999999998,-121.97855,"SANTA CRUZ",UNINCORPORATED,-121.97805544000001,37.084906910000001
6522025,2014,2014-07-22,9720,2014-04-27,1135,018601,,7,1,9,4400,0,2,4,,1,021,"SOQUEL DR","CAPITOLA AV",0.00,,Y,A,B,N,,,,,,,,,,Y,2,0,1,2,A,-,09,21453,C,N,D,C,A,A,H,-,A,A,0,,,,,Y,,A,01,1,0,0,0,0,0,0,0,0,"- ","- ",36.987110000000001,-121.95092,"SANTA CRUZ",UNINCORPORATED,-121.95115991999999,36.987190069999997
6533603,2014,2014-08-01,9720,2014-05-31,1729,20562,,6,2,9,4400,0,3,5,,2,100,"BEAR CREEK RD","VIEW DR",240.00,W,N,A,-,N,,,,,,,,,,Y,2,0,2,2,A,-,01,23152,A,N,D,C,A,A,H,-,A,D,0,,,Y,,Y,Y,C,02,1,0,1,0,0,0,0,0,1,"- ","- ",37.128819999999997,-122.11542,"SANTA CRUZ",UNINCORPORATED,-122.11514857,37.128825220000003
6545656,2014,2014-08-12,9720,2014-06-21,2017,19653,,6,2,9,4400,0,3,5,,2,300,"AMESTI RD","BENCICH LN",15.00,N,N,A,-,N,,,,,,,,,,Y,2,0,1,1,A,-,01,23152,A,N,E,I,A,A,H,-,A,D,0,,,,,Y,Y,A,01,1,0,0,0,0,0,0,0,0,"- ","- ",36.951999999999998,-121.77513999999999,"SANTA CRUZ",UNINCORPORATED,-121.77395146000001,36.951144309999997
6575989,2014,2015-01-29,9720,2014-06-22,0155,20385,,7,3,9,4400,0,3,5,,2,100,"RT 17","VINE HILL RD",2376.00,N,N,A,-,Y,SCR,5,17,-,-,7.860,H,-,S,Y,2,0,2,1,A,-,01,23152,A,N,E,I,A,A,H,-,D,D,0,,,,,Y,Y,A,01,1,1,0,0,0,0,0,0,0,"- ","- ",37.085160000000002,-121.97824,"SANTA CRUZ",UNINCORPORATED,-121.9775229,37.084315340000003
6579633,2014,2014-08-28,9720,2014-07-28,1756,18810,,1,2,9,4400,0,2,4,,1,024,"PORTOLA DR","24TH AV",0.00,,Y,B,-,N,,,,,,,,,,N,2,0,1,1,A,-,03,22350,,N,F,A,A,A,B,-,A,A,0,,Y,,,Y,,L,04,1,0,0,0,0,0,1,0,0,"- ","- ",36.96322,-121.97996999999999,"SANTA CRUZ",UNINCORPORATED,-121.98018997,36.963110030000003
6598292,2014,2016-05-03,9720,2014-07-25,1730,020385,,5,2,9,4400,0,1,3,,2,020,"RT 1","PACHECO AV",115.00,S,N,A,-,Y,SCR,5,1,-,-,15.644,R,2,N,Y,2,0,1,2,A,-,07,21658,A,N,B,C,A,A,H,-,A,D,1,,,Y,,Y,,C,02,1,0,0,0,0,0,0,0,1,"- ","- ",36.98901,-122.0027,"SANTA CRUZ",UNINCORPORATED,-122.00018051000001,36.988328260000003
6598357,2014,2016-05-04,9720,2014-08-02,0924,019790,,6,1,9,4400,0,1,3,,1,014,"RT 9","POOL DR",0.00,,Y,A,-,Y,SCR,5,9,-,-,15.412,I,5,S,N,2,0,1,2,A,-,03,22350,,N,B,C,A,A,H,-,A,D,0,,,Y,,Y,,C,02,1,0,0,0,0,0,0,0,1,"- ","- ",37.154850000000003,-122.13355,"SANTA CRUZ",UNINCORPORATED,-122.13342706,37.15485073
6606165,2014,2015-12-29,9720,2014-05-10,2245,19653,,6,3,9,4400,0,1,3,,1,035,"RT 129","BLACKBURN ST",558.00,E,N,A,-,Y,SCR,5,129,-,-,0.610,H,-,E,Y,1,1,0,2,A,-,11,21954,A,N,G,B,D,A,H,-,D,D,0,Y,,,,Y,Y,N,60,0,0,0,1,0,0,0,0,0,"- ","- ",36.917279999999998,-121.74422,"SANTA CRUZ",UNINCORPORATED,-121.74462059,36.91273236
6621318,2014,2016-05-04,9720,2014-09-08,1605,020807,,1,2,9,4400,0,1,3,,1,010,"RT 1","COAST RD",325.00,N,N,A,-,Y,SCR,5,1,-,-,25.060,H,-,S,N,2,0,1,2,A,-,08,22107,,N,H,G,A,A,H,-,A,D,0,,Y,,,Y,,D,22,1,0,0,0,0,0,1,0,0,"- ","- ",36.984369999999998,-122.14942000000001,"SANTA CRUZ",UNINCORPORATED,-122.14047187,36.98124318
6636836,2014,2016-05-02,4403,2014-09-05,2108,372,4403,5,5,4,4403,0,0,0,,0,002,"MAIN ST","MAIN ST 1415",0.00,,Y,A,-,Y,SCR,5,152,-,T,1.860,H,-,W,Y,2,0,1,2,A,-,09,21801,A,N,D,C,A,A,H,-,C,D,0,,,Y,,Y,,A,08,1,0,0,0,0,0,0,0,1,"- ","- ",,,"SANTA CRUZ",WATSONVILLE,-121.77248994,36.916679369999997
6671634,2014,2014-12-29,9720,2014-10-03,1950,20385,,5,2,9,4400,0,2,4,,1,024,"30TH AV","BROMMER ST",0.00,,Y,A,-,N,,,,,,,,,,N,2,0,1,2,A,-,12,22450,A,N,F,A,A,A,H,-,C,D,0,,Y,,Y,Y,Y,L,04,1,0,0,0,0,0,1,0,0,"- ","- ",36.970109999999998,-121.97333999999999,"SANTA CRUZ",UNINCORPORATED,-121.97326995,36.970230049999998
6677850,2014,2014-11-12,9720,2014-09-16,0811,020807,,2,1,9,4400,0,3,5,,2,200,"SOQUEL AV","MATTISON LN",410.00,E,N,A,-,N,,,,,,,,,,Y,2,0,1,1,A,-,08,22107,,N,E,J,A,A,H,-,A,D,0,,,,,Y,,A,01,1,0,0,0,0,0,0,0,0,"- ","- ",36.98359,-121.97257,"SANTA CRUZ",UNINCORPORATED,-121.97271318999999,36.983455550000002
6700985,2014,2014-12-09,4402,2014-10-16,1810,812,1,4,5,5,4402,0,0,0,,0,,"HAGAR DR","MANHOLE COVER T8341",62.00,S,N,A,-,N,,,,,,,,,,N,2,0,1,1,A,-,03,22350,,N,E,J,A,A,H,-,B,D,0,,Y,,,Y,,L,04,1,0,0,0,0,0,1,0,0,"- ","- ",,,"SANTA CRUZ","SANTA CRUZ",,
6742460,2014,2015-01-27,9720,2014-11-30,1933,19978,,7,2,9,4400,0,2,4,,1,022,"SOQUEL SAN JOSE RD","SOQUEL CREEK RD",400.00,S,N,B,-,N,,,,,,,,,,Y,2,0,1,1,A,-,03,22350,,N,E,I,A,B,H,-,D,D,0,,,,,Y,,A,07,1,0,0,0,0,0,0,0,0,"- ","- ",37.03886,-121.94343000000001,"SANTA CRUZ",UNINCORPORATED,-121.94358103,37.038908630000002
6742485,2014,2015-01-27,9720,2014-11-21,0015,18810,,5,3,9,4400,0,3,5,,2,100,"FELTON EMPIRE RD","MAVERICK CT",6336.00,S,N,B,-,N,,,,,,,,,,Y,2,0,1,1,A,-,01,23152,A,N,E,I,A,B,H,-,B,D,0,,,,,Y,Y,A,01,1,0,0,0,0,0,0,0,0,"- ","- ",37.060180000000003,-122.11121,"SANTA CRUZ",UNINCORPORATED,-122.12121,37.057859999999998
6774372,2014,2015-01-16,9720,2014-10-10,0623,019978,,5,1,9,4400,0,1,3,,1,014,"RT 9","RT 35",5280.00,S,N,A,-,Y,,,9,,,,,,,N,2,0,1,1,A,-,08,22107,,N,E,I,A,B,H,-,D,D,0,,,Y,,Y,,C,02,1,0,0,0,0,0,0,0,1,"- ","- ",37.251460000000002,-122.13672,"SANTA CRUZ",UNINCORPORATED,-122.13660095,37.251425150000003
6774388,2014,2016-06-18,9720,2014-10-22,0847,018071,,3,1,9,4400,0,1,3,,1,010,"RT 1","SCOTT CRK BR",252.00,N,N,A,-,Y,SCR,5,1,-,-,31.600,H,-,S,Y,2,0,2,3,A,-,01,23152,E,F,E,I,E,A,H,-,A,D,0,Y,,,,Y,,A,01,1,1,0,0,2,0,0,0,0,"- ","- ",37.043880000000001,-122.23266,"SANTA CRUZ",UNINCORPORATED,-122.22952071,37.041059650000001
6775411,2014,2016-02-24,9720,2014-12-27,2348,19956,,6,3,9,4400,0,3,5,,2,200,"EL RANCHO DR","RT 17",1056.00,N,N,A,-,N,,,,,,,,,,Y,2,0,1,1,A,-,03,22350,,N,F,A,A,A,H,-,D,D,0,,,Y,,Y,,C,02,1,0,0,0,0,0,0,0,1,"- ",TO,37.022170000000003,-122.02615,"SANTA CRUZ",UNINCORPORATED,-122.02640712,37.021710759999998
6794658,2015,2015-02-24,4403,2015-01-16,1605,370,539,5,5,4,4403,0,0,0,,0,005,"PENNY LN","GREEN VALLEY RD",0.00,,Y,A,-,N,,,,,,,,,,N,2,0,1,2,A,-,10,21950,A,N,G,B,B,A,H,-,A,A,0,Y,,,,Y,,D,22,1,0,0,0,1,0,0,0,0,"- ","- ",,,"SANTA CRUZ",WATSONVILLE,-121.77770992000001,36.929320089999997
6799833,2015,2015-02-24,4402,2015-01-19,2209,148,4402,1,5,5,4402,0,0,0,,0,00W,"BAY DR","NOBEL DR",293.00,S,N,A,-,N,,,,,,,,,,N,2,0,1,1,D,-,00,,,N,E,I,A,A,C,-,-,D,0,,Y,,,Y,,-,"- ",1,0,0,0,0,0,1,0,0,"- ","- ",,,"SANTA CRUZ","SANTA CRUZ",-122.04954755999999,36.973458370000003
6806193,2015,2015-02-24,9720,2015-01-17,1510,018601,,6,2,9,4400,0,3,5,,2,200,"MOUNTAIN VIEW RD","VINE HILL RD",20.00,E,N,A,-,N,,,,,,,,,,N,2,0,1,1,A,-,03,22350,,N,F,A,A,B,H,-,A,D,0,,Y,,,Y,,L,04,1,0,0,0,0,0,1,0,0,"- ","- ",37.054229999999997,-121.97752,"SANTA CRUZ",UNINCORPORATED,-121.97766145,37.054079999999999
6807985,2015,2016-10-03,9720,2015-01-19,0918,15699,,1,1,9,4400,0,1,3,,2,020,"RT 1","RIO DEL MAR BL",528.00,S,N,A,-,Y,SCR,5,1,-,-,9.010,H,-,S,Y,2,0,3,2,A,-,01,23152,A,N,B,C,A,A,H,-,A,D,1,,,,,Y,Y,A,07,1,1,1,0,0,0,0,0,0,"- ","- ",36.582599999999999,-121.53,"SANTA CRUZ",UNINCORPORATED,-121.88395711,36.974209700000003
6808080,2015,2015-03-04,9720,2015-02-03,1245,015748,,2,1,9,4400,0,3,5,,2,300,"HAMES RD","FREEDOM BL",1056.00,N,N,A,-,N,,,,,,,,,,Y,2,0,1,1,A,-,01,23152,A,N,E,I,A,A,H,-,A,D,0,,,,,Y,Y,A,07,1,0,0,0,0,0,0,0,0,"- ","- ",36.987009999999998,-121.83253999999999,"SANTA CRUZ",UNINCORPORATED,-121.83280342,36.987221140000003
6830580,2015,2015-03-19,9720,2015-02-19,0820,015349,,4,1,9,4400,0,3,5,,2,300,"EUREKA CANYON RD","LAS COLINAS DR",1584.00,S,N,B,-,N,,,,,,,,,,Y,2,0,1,1,A,-,01,23152,E,N,E,I,A,A,H,-,A,D,0,,,,,Y,,D,22,1,0,0,0,0,0,0,0,0,"- ","- ",,,"SANTA CRUZ",UNINCORPORATED,-121.8078737,37.00417435
6835410,2015,2015-03-13,4402,2015-02-14,0710,140,4402,6,5,5,4402,0,0,0,,0,,"NOBEL DR","MEDER ST",282.00,S,N,A,-,N,,,,,,,,,,N,2,0,2,2,A,-,01,23153,,N,A,I,A,A,H,-,A,D,0,,,,,Y,Y,A,01,1,1,0,0,0,0,0,0,0,"- ","- ",,,"SANTA CRUZ","SANTA CRUZ",-122.0556,36.974930000000001
6837268,2015,2015-03-19,4402,2015-02-28,2151,128,,6,5,5,4402,0,0,0,,0,00W,"WESTERN DR","CYPRESS PARK",60.00,E,N,B,-,N,,,,,,,,,,Y,2,0,1,1,A,-,01,23152,,N,A,I,A,A,H,-,C,A,0,,,,,Y,Y,A,01,1,0,0,0,0,0,0,0,0,"- ","- ",,,"SANTA CRUZ","SANTA CRUZ",-122.05709195,36.966515090000001
6854227,2015,2017-04-21,4402,2015-02-05,1903,197,4402,4,5,5,4402,0,0,0,,0,00E,"WEST CLIFF DR","BAY ST",204.00,E,N,A,-,N,,,,,,,,,,Y,1,1,0,2,A,-,01,23153,A,F,G,B,C,A,H,-,C,A,0,Y,,,,Y,Y,A,07,0,0,0,1,0,0,0,0,0,"- ","- ",,,"SANTA CRUZ","SANTA CRUZ",-122.02534332,36.961810049999997
6854771,2015,2017-03-29,9720,2015-06-26,0751,18328,,5,1,4,4403,0,1,3,,2,030,"RT 1","MAIN ST",528.00,S,N,B,-,Y,SCR,5,1,-,R,2.650,H,-,N,Y,1,1,0,1,A,-,08,22107,,N,E,I,A,A,H,-,A,D,1,,,,,Y,,A,01,0,0,0,0,0,0,0,0,0,"- ","- ",36.918489999999998,-121.7893,"SANTA CRUZ",WATSONVILLE,-121.78992055000001,36.91932035
6857363,2015,2015-04-21,9720,2015-02-21,0220,19956,,6,3,9,4400,0,3,5,,2,300,"BUENA VISTA DR","CALABASAS RD",85.00,W,N,B,-,N,,,,,,,,,,Y,2,0,3,2,A,-,01,23152,A,F,C,E,A,A,H,-,D,D,0,,,,,Y,Y,A,07,1,1,1,0,0,0,0,0,0,"- ","- ",36.940950000000001,-121.78787,"SANTA CRUZ",UNINCORPORATED,-121.78793874,36.94084239
6862370,2015,2015-03-27,4402,2015-03-04,1850,817RF,,3,5,5,4402,0,0,0,,0,,"HAGAR DR","VILLAGE RD",528.00,N,N,A,-,N,,,,,,,,,,Y,2,0,3,2,A,-,05,21460,A,N,A,C,A,A,H,-,D,A,0,,,,,Y,,A,01,2,1,0,0,0,0,0,0,0,"- ","- ",,,"SANTA CRUZ","SANTA CRUZ",-122.05440938,36.98708989
6864069,2015,2015-04-07,9720,2015-03-01,1155,14653,,7,1,9,4400,0,3,5,,2,300,"SAN ANDREAS RD","CREST DR",200.00,S,N,A,-,N,,,,,,,,,,Y,2,0,2,1,A,-,08,22107,,N,F,A,A,A,H,-,D,D,0,,,,,Y,Y,A,01,1,1,0,0,0,0,0,0,0,"- ","- ",36.551499999999997,-121.5012,"SANTA CRUZ",UNINCORPORATED,-121.83697076999999,36.921002919999999
6876215,2015,2015-04-24,9720,2015-03-26,1744,020807,,4,2,9,4400,0,3,5,,2,100,"PINE FLAT RD","QUAIL DR",528.00,S,N,A,-,N,,,,,,,,,,Y,2,0,1,1,A,-,08,22107,,N,E,I,A,A,H,-,A,D,0,,,,,Y,,D,22,1,0,0,0,0,0,0,0,0,"- ","- ",37.047759999999997,-122.15317,"SANTA CRUZ",UNINCORPORATED,-122.15331646,37.048663050000002
6887720,2015,2015-05-14,4403,2015-04-08,2010,258,5-39,3,5,4,4403,0,0,0,,0,005,"AIRPORT BL","FREEDOM BL",43.00,W,N,A,-,N,,,,,,,,,,N,2,0,1,2,A,-,10,21950,A,N,G,B,B,A,H,-,C,A,0,Y,,,,Y,,A,01,1,0,0,0,1,0,0,0,0,"- ","- ",,,"SANTA CRUZ",WATSONVILLE,-121.77797993999999,36.938242109999997
6897008,2015,2016-06-15,9720,2015-04-13,0015,020259,,1,3,9,4400,0,3,5,,2,300,"LAKEVIEW RD","RT 129",2112.00,N,N,A,-,N,,,,,,,,,,Y,2,0,2,1,A,-,01,23152,A,N,E,I,A,A,H,-,D,D,0,,,,,Y,Y,A,01,2,0,0,0,0,0,0,0,0,"- ","- ",36.92277,-121.7323,"SANTA CRUZ",UNINCORPORATED,-121.73209906,36.922441239999998
6897036,2015,2015-05-16,9720,2015-04-05,0124,019636,,7,3,9,4400,0,3,5,,2,200,"HUNTINGTON DR","WALLACE AV",528.00,N,N,A,-,N,,,,,,,,,,Y,2,0,3,1,A,-,01,23152,E,N,E,I,A,A,H,-,D,D,0,,,,,Y,,A,01,2,1,0,0,0,0,0,0,0,"- ","- ",36.97701,-121.88091,"SANTA CRUZ",UNINCORPORATED,-121.88056833,36.977711739999997
6898687,2015,2015-05-14,4403,2015-04-11,2225,374,"5 26",6,5,4,4403,0,0,0,,0,005,"MAIN ST","GREEN VALLEY RD",264.00,N,N,A,-,N,,,,,,,,,,Y,2,0,2,2,A,-,05,21651,A,N,H,G,A,A,H,-,D,A,0,,Y,Y,,Y,,L,04,2,0,0,0,0,0,1,0,1,"- ","- ",,,"SANTA CRUZ",WATSONVILLE,-121.78479160000001,36.918727949999997
6898780,2015,2016-11-04,9720,2015-04-01,1435,18810,,3,2,9,4400,0,3,5,,2,100,"RT 35","LAS CUMBRES RD",528.00,S,N,A,-,Y,SCR,5,35,-,-,9.130,H,-,S,Y,2,0,1,1,A,-,08,22107,,N,E,I,A,A,H,-,A,D,0,,,,,Y,,D,22,1,0,0,0,0,0,0,0,0,"- ","- ",37.21022,-122.06520999999999,"SANTA CRUZ",UNINCORPORATED,-122.06520999999999,37.21022
6905678,2015,2017-04-25,9720,2015-03-28,1403,19702,,6,2,9,4400,0,3,5,,2,100,"EMPIRE GRADE RD","LLAMA RANCH LN",345.00,N,N,A,-,N,,,,,,,,,,Y,1,1,1,2,A,-,05,21460,B,N,A,C,A,A,H,-,A,D,0,,,,,Y,Y,D,22,1,0,0,0,0,0,0,0,0,"- ","- ",37.009180000000001,-122.07566,"SANTA CRUZ",UNINCORPORATED,-122.07577153,37.009972339999997
6917272,2015,2015-06-02,9720,2015-04-19,1310,020897,,7,1,9,4400,0,3,5,,2,100,"PINE FLAT RD","WESTDALE DR",350.00,E,N,A,-,N,,,,,,,,,,Y,2,0,1,2,A,-,05,21460,A,N,F,A,A,A,H,-,A,D,0,,,Y,,Y,,C,02,1,0,0,0,0,0,0,0,1,"- ","- ",37.066209999999998,-122.14161,"SANTA CRUZ",UNINCORPORATED,-122.14147868000001,37.066302139999998
6929855,2015,2015-06-03,9720,2015-05-03,0905,19653,,7,1,9,4400,0,2,4,,1,032,"GREEN VALLEY RD","WHEELOCK RD",2112.00,N,N,B,-,N,,,,,,,,,,N,2,0,1,2,A,-,09,21804,A,N,D,C,A,A,H,-,A,D,0,,,Y,,Y,,A,07,1,0,0,0,0,0,0,0,1,"- ","- ",36.985999999999997,-121.77781,"SANTA CRUZ",UNINCORPORATED,-121.7778177,36.985937229999998
6932546,2015,2017-01-05,9720,2015-04-17,2310,020143,,5,3,5,4402,0,1,3,,1,017,"RT 17","SUMMIT RD",0.00,S,N,A,-,Y,SCR,5,17,-,-,11.670,H,-,S,Y,2,0,2,2,A,-,01,23152,A,N,D,C,A,A,H,-,C,D,0,,,,,Y,Y,A,01,2,0,0,0,0,0,0,0,0,"- ","- ",37.131399999999999,-121.9795,"SANTA CRUZ","SANTA CRUZ",-121.97960538,37.131538829999997
6932550,2015,2016-11-03,9720,2015-04-10,2015,019692,,5,2,9,4400,0,1,3,,1,015,"RT 9","GREENBANK DR",100.00,S,N,A,-,Y,SCR,5,9,-,-,9.150,H,-,S,Y,2,0,1,1,A,-,01,23152,E,N,E,I,A,A,H,-,C,D,0,,,,,Y,,A,01,1,0,0,0,0,0,0,0,0,"- ","- ",37.08558,-122.08956000000001,"SANTA CRUZ",UNINCORPORATED,-122.08926331000001,37.084916130000003
6937145,2015,2015-06-10,9720,2015-03-23,0745,17642,,1,1,9,4400,0,3,5,,2,300,"WEBB RD","ALGEN LN",250.00,S,N,B,-,N,,,,,,,,,,Y,2,0,2,2,A,-,05,21650,,N,B,C,A,B,H,-,A,D,0,,,,,Y,,A,01,1,0,1,0,0,0,0,0,0,"- ","- ",36.972000000000001,-121.72691,"SANTA CRUZ",UNINCORPORATED,-121.72687999999999,36.972032499999997
6942874,2015,2017-01-09,4403,2015-05-23,1945,281,223,6,5,4,4403,0,0,0,,0,002,"MAIN ST","RODRIGUEZ ST",0.00,,Y,A,-,Y,SCR,5,152,-,T,2.342,I,5,W,N,2,0,1,2,A,-,03,22350,,F,D,G,A,A,H,-,A,A,0,,Y,,,Y,,L,04,1,0,0,0,0,0,1,0,0,"- ","- ",,,"SANTA CRUZ",WATSONVILLE,-121.76425902,36.915313920000003
6963275,2015,2015-07-10,4401,2015-06-03,0123,524,4401,3,5,3,4401,0,0,0,,0,002,"WHARF RD","WOOSLEY CIR",0.00,,Y,A,-,N,,,,,,,,,,Y,2,0,3,1,A,-,01,23152,,F,F,I,A,A,H,-,C,D,0,,,,,Y,Y,D,22,2,1,0,0,0,0,0,0,0,"- ","- ",,,"SANTA CRUZ",CAPITOLA,-121.95938986,36.980590120000002
6981077,2015,2017-01-05,9720,2015-05-23,0705,020897,,6,1,9,4400,0,1,3,,1,017,"RT 17","GLENWOOD DR",1584.00,S,N,B,C,Y,SCR,5,17,-,-,10.340,H,-,N,Y,2,0,1,1,A,-,03,22350,,N,F,I,A,B,H,-,A,D,0,,,,,Y,,D,23,1,0,0,0,0,0,0,0,0,"- ","- ",37.117310000000003,-121.97535000000001,"SANTA CRUZ",UNINCORPORATED,-121.97560736,37.115768500000001
6981231,2015,2015-07-13,9720,2015-05-28,2230,016633,,4,3,9,4400,0,2,4,,1,024,"EAST CLIFF DR","6TH AV",16.00,W,N,A,-,N,,,,,,,,,,N,2,0,1,2,A,-,03,22350,,N,G,B,E,A,H,-,D,D,0,Y,,,,Y,Y,A,01,1,0,0,0,1,0,0,0,0,"- ","- ",36.962690000000002,-121.99975999999999,"SANTA CRUZ",UNINCORPORATED,-121.99990956000001,36.962818720000001
6981288,2015,2015-07-14,9720,2015-06-06,1435,020677,,6,2,9,4400,0,2,4,,1,021,"SOQUEL DR","MAIN ST",93.00,E,N,A,-,N,,,,,,,,,,N,2,0,1,2,A,-,08,22107,,N,H,G,A,A,H,-,A,D,0,,Y,,,Y,,A,07,1,0,0,0,0,0,1,0,0,"- ","- ",36.988950000000003,-121.95425,"SANTA CRUZ",UNINCORPORATED,-121.95426972999999,36.988772279999999
6981301,2015,2016-11-03,9720,2015-06-05,2140,020805,,5,2,9,4400,0,1,3,,1,015,"RT 9","PIKE RD",100.00,N,N,A,-,Y,SCR,5,9,-,-,10.660,H,-,S,Y,2,0,1,1,A,-,08,22107,,N,E,I,A,A,H,-,D,D,0,,,,,Y,,A,01,1,0,0,0,0,0,0,0,0,"- ","- ",37.100900000000003,-122.1016,"SANTA CRUZ",UNINCORPORATED,-122.10147548,37.100782100000004
6984503,2015,2015-07-18,4403,2015-06-21,2147,7719,107,7,5,4,4403,0,0,0,,0,001,"BRENNAN ST","FREEDOM BL",21.00,N,N,A,-,N,,,,,,,,,,Y,2,0,4,2,A,-,01,23153,A,N,D,C,A,A,H,-,C,A,0,,,,,Y,Y,A,01,2,1,1,0,0,0,0,0,0,"- ","- ",,,"SANTA CRUZ",WATSONVILLE,-121.76053283,36.916746320000001
6995818,2015,2015-08-10,4402,2015-07-09,0522,163,4402,4,5,5,4402,0,0,0,,0,,"PARK WY","ALMENA ST",84.00,S,N,B,-,N,,,,,,,,,,Y,2,0,1,2,A,-,01,23152,E,N,A,E,A,A,H,-,B,D,0,,,,,Y,,A,07,1,0,0,0,0,0,0,0,0,"- ","- ",,,"SANTA CRUZ","SANTA CRUZ",-121.9974697,36.98490073
7006337,2015,2015-12-14,9720,2015-08-08,1655,20677,,6,2,5,4402,0,1,3,,2,020,"RT 1","LA FONDA AV",938.00,S,N,A,-,Y,SCR,5,1,-,-,15.070,H,-,S,Y,1,1,3,5,A,-,03,22350,,N,C,C,A,A,H,-,A,D,1,,,,Y,Y,,F,26,1,2,0,0,0,0,0,0,0,"- ","- ",36.987630000000003,-121.99012,"SANTA CRUZ","SANTA CRUZ",-121.98992731,36.987618529999999
7006727,2015,2015-12-30,4402,2015-11-09,1644,163,4402,1,5,5,4402,0,0,0,,0,,"SOQUEL AV","CAYUGA ST",0.00,,Y,B,-,N,,,,,,,,,,Y,1,1,0,2,-,-,"- ",,,N,G,B,B,A,H,-,B,D,0,Y,,,,Y,,-,"- ",0,0,0,1,0,0,0,0,0,"- ","- ",,,"SANTA CRUZ","SANTA CRUZ",-122.01183998,36.979140010000002
7016044,2015,2015-08-19,9720,2015-07-04,1456,19702,,6,2,9,4400,0,3,5,,2,200,"MCGREGOR DR","MARGARET AV",528.00,N,N,A,-,N,,,,,,,,,,N,2,0,2,3,A,-,08,22107,,F,B,G,A,A,H,-,A,D,0,,Y,,,Y,,-,99,1,1,0,0,0,0,2,0,0,"- ","- ",36.98151,-121.91851,"SANTA CRUZ",UNINCORPORATED,-121.91937747999999,36.981825180000001
7024821,2015,2017-01-17,9720,2015-08-05,1327,21045,,3,1,9,4400,0,1,3,,1,010,"RT 1","SWANTON RD",0.00,,Y,A,-,Y,SCR,5,1,-,-,30.440,I,5,N,Y,2,0,1,3,A,-,09,21801,A,N,D,C,A,A,H,-,A,D,0,,,Y,Y,Y,,D,22,1,0,0,0,0,0,0,0,1,"- ","- ",37.028480000000002,-122.21629,"SANTA CRUZ",UNINCORPORATED,-122.21626929999999,37.028492530000001
7039483,2015,2015-09-10,4402,2015-08-03,1143,159,4402,1,5,5,4402,0,0,0,,0,,"EAST CLIFF DR","JESSIE ST",407.00,E,N,A,-,N,,,,,,,,,,N,2,0,1,2,A,-,04,21703,,N,H,G,A,A,H,-,A,D,0,,Y,,,Y,,L,04,1,0,0,0,0,0,1,0,0,"- ","- ",,,"SANTA CRUZ","SANTA CRUZ",-122.01339502,36.968117040000003