CASE_ID,ACCIDENT_YEAR,PROC_DATE,JURIS,COLLISION_DATE,COLLISION_TIME,OFFICER_ID,REPORTING_DISTRICT,DAY_OF_WEEK,CHP_SHIFT,POPULATION,CNTY_CITY_LOC,SPECIAL_COND,BEAT_TYPE,CHP_BEAT_TYPE,CITY_DIVISION_LAPD,CHP_BEAT_CLASS,BEAT_NUMBER,PRIMARY_RD,SECONDARY_RD,DISTANCE,DIRECTION,INTERSECTION,WEATHER_1,WEATHER_2,STATE_HWY_IND,CALTRANS_COUNTY,CALTRANS_DISTRICT,STATE_ROUTE,ROUTE_SUFFIX,POSTMILE_PREFIX,POSTMILE,LOCATION_TYPE,RAMP_INTERSECTION,SIDE_OF_HWY,TOW_AWAY,COLLISION_SEVERITY,NUMBER_KILLED,NUMBER_INJURED,PARTY_COUNT,PRIMARY_COLL_FACTOR,PCF_CODE_OF_VIOL,PCF_VIOL_CATEGORY,PCF_VIOLATION,PCF_VIOL_SUBSECTION,HIT_AND_RUN,TYPE_OF_COLLISION,MVIW,PED_ACTION,ROAD_SURFACE,ROAD_COND_1,ROAD_COND_2,LIGHTING,CONTROL_DEVICE,CHP_ROAD_TYPE,PEDESTRIAN_ACCIDENT,BICYCLE_ACCIDENT,MOTORCYCLE_ACCIDENT,TRUCK_ACCIDENT,NOT_PRIVATE_PROPERTY,ALCOHOL_INVOLVED,STWD_VEHTYPE_AT_FAULT,CHP_VEHTYPE_AT_FAULT,COUNT_SEVERE_INJ,COUNT_VISIBLE_INJ,COUNT_COMPLAINT_PAIN,COUNT_PED_KILLED,COUNT_PED_INJURED,COUNT_BICYCLIST_KILLED,COUNT_BICYCLIST_INJURED,COUNT_MC_KILLED,COUNT_MC_INJURED,PRIMARY_RAMP,SECONDARY_RAMP,LATITUDE,LONGITUDE,COUNTY,CITY,POINT_X,POINT_Y
7041876,2015,2015-09-15,4403,2015-08-12,0526,5454,224,3,5,4,4403,0,0,0,,0,002,"BEACH ST","LOCUST ST",3.00,W,N,A,-,N,,,,,,,,,,N,2,0,1,2,A,-,10,21954,B,F,G,B,E,A,H,-,B,D,0,Y,,,,Y,,-,99,1,0,0,0,1,0,0,0,0,"- ","- ",,,"SANTA CRUZ",WATSONVILLE,-121.76239928,36.907566469999999
7047930,2015,2015-09-09,4402,2015-08-08,1330,159,4402,6,5,5,4402,0,0,0,,0,,"MARKET ST","FIELDCREST LN",0.00,,Y,A,-,N,,,,,,,,,,N,2,0,1,2,D,-,00,,,F,C,C,A,A,H,-,A,D,0,,,Y,,Y,,-,"- ",1,0,0,0,0,0,0,0,1,"- ","- ",,,"SANTA CRUZ","SANTA CRUZ",-122.01300680999999,36.989168059999997
7147953,2015,2016-01-05,4402,2015-11-17,0626,168,4402,2,5,5,4402,0,0,0,,0,,"SEABRIGHT AV","WATSON ST",73.00,N,N,A,-,N,,,,,,,,,,Y,2,0,1,2,D,-,00,,,N,C,E,A,A,H,-,A,D,0,,,,,Y,,-,"- ",1,0,0,0,0,0,0,0,0,"- ","- ",,,"SANTA CRUZ","SANTA CRUZ",-122.00792113,36.967840359999997
7155426,2015,2016-01-15,9720,2015-11-16,2225,20897,,1,3,9,4400,0,2,4,,1,021,"SOQUEL DR","WINKLE AV",165.00,W,N,A,-,N,,,,,,,,,,Y,2,0,1,2,A,-,01,23152,A,N,F,A,A,A,H,-,C,D,0,,,Y,Y,Y,Y,C,02,1,0,0,0,0,0,0,0,1,"- ","- ",36.988239999999998,-121.97545,"SANTA CRUZ",UNINCORPORATED,-121.97566030999999,36.988268820000002
7188320,2015,2016-02-23,4403,2015-12-05,1849,5454,3-6,6,5,4,4403,0,0,0,,0,003,"FREEDOM BL","STANFORD AV",241.00,N,N,A,-,N,,,,,,,,,,N,2,0,1,1,A,-,08,22107,,N,E,J,A,A,H,-,C,D,0,,Y,,,Y,Y,L,04,1,0,0,0,0,0,1,0,0,"- ","- ",,,"SANTA CRUZ",WATSONVILLE,-121.76096205,36.92100172
7198809,2016,2016-08-24,4403,2016-02-21,2310,278,109,7,5,4,4403,0,0,0,,0,001,"MAIN ST","1ST ST",6.00,N,N,A,-,N,,,,,,,,,,N,2,0,1,2,A,-,10,21950,,N,G,B,B,A,H,-,C,D,0,Y,,,,Y,,A,01,1,0,0,0,1,0,0,0,0,"- ","- ",,,"SANTA CRUZ",WATSONVILLE,-121.75397391,36.907672120000001
7199946,2017,2019-04-08,4402,2017-02-06,0248,138,4402,1,5,5,4402,0,0,0,,0,,"SEABRIGHT AV",BROADWAY,103.00,S,N,C,-,N,,,,,,,,,,N,1,1,0,2,D,-,00,,,F,G,B,D,B,H,-,C,D,0,Y,,,,Y,Y,-,"- ",0,0,0,1,0,0,0,0,0,"- ","- ",,,"SANTA CRUZ","SANTA CRUZ",-122.00845691000001,36.975019379999999
8118786,2016,2016-09-14,4403,2016-08-18,1737,370,434,4,5,4,4403,0,0,0,,0,004,"ARTHUR RD","MARILYN ST",0.00,,Y,B,-,N,,,,,,,,,,Y,2,0,1,2,A,-,09,21802,A,N,D,C,A,A,H,-,A,A,0,,,Y,,Y,,A,07,1,0,0,0,0,0,0,0,1,"- ","- ",,,"SANTA CRUZ",WATSONVILLE,-121.7697199,36.927950109999998
8174113,2016,2016-11-22,4402,2016-10-30,0046,129,4402,7,5,5,4402,0,0,0,,0,00E,"SEABRIGHT AV",BROADWAY,239.00,S,N,B,-,N,,,,,,,,,,N,2,0,1,2,A,-,11,21954,A,N,G,B,E,A,H,-,C,D,0,Y,,,,Y,,N,60,1,0,0,0,1,0,0,0,0,"- ","- ",,,"SANTA CRUZ","SANTA CRUZ",-122.00832079,36.97466206
8181012,2016,2017-03-04,4402,2016-11-07,1842,142,4402,1,5,5,4402,0,0,0,,0,00W,"RT 1","SWIFT ST",900.00,W,N,A,-,Y,SCR,5,1,-,-,19.690,H,-,N,Y,2,0,2,3,A,-,06,21750,A,N,A,C,A,A,H,-,C,D,0,,,,,Y,,A,01,1,0,1,0,0,0,0,0,0,"- ","- ",,,"SANTA CRUZ","SANTA CRUZ",-122.04941175,36.960585520000002
8191759,2016,2017-02-18,4403,2016-12-06,0804,381,4-29,2,5,4,4403,0,0,0,,0,004,"MAIN ST","CLIFFORD AV",166.00,N,N,A,-,Y,SCR,5,152,-,T,1.560,H,-,W,N,2,0,1,2,A,-,03,22350,,F,C,C,A,A,H,-,A,D,0,,,,Y,Y,,A,01,1,0,0,0,0,0,0,0,0,"- ","- ",,,"SANTA CRUZ",WATSONVILLE,-121.77761609,36.917571889999998
8285762,2017,2017-06-27,4403,2017-01-16,1113,381,"2  22",1,5,4,4403,0,0,0,,0,002,"RIVERSIDE DR","LOCUST ST",138.00,E,N,A,-,Y,SCR,5,129,-,L,1.130,H,-,W,Y,2,0,1,1,A,-,03,22350,,N,E,I,A,A,H,-,A,D,0,,,,,Y,,A,01,1,0,0,0,0,0,0,0,0,"- ","- ",,,"SANTA CRUZ",WATSONVILLE,-121.75852512,36.904761280000002
8318978,2017,2017-02-28,4402,2017-02-03,1217,816,,5,5,5,4402,0,0,0,,0,,"MCLAUGHLIN DR","MAN HOLE  #E6142",133.00,S,N,E,-,N,,,,,,,,,,N,2,0,1,1,A,-,03,22350,,N,E,J,A,B,H,-,A,D,0,,Y,,,Y,,L,04,1,0,0,0,0,0,1,0,0,"- ","- ",36.997259999999997,-122.05501,"SANTA CRUZ","SANTA CRUZ",,
8438289,2017,2018-06-11,4403,2017-07-24,0508,390,,1,5,4,4403,0,0,0,,0,001,"RIVERSIDE DR","GROVE ST",0.00,,Y,A,-,Y,SCR,5,129,-,L,1.310,I,5,E,Y,2,0,1,2,A,-,10,21954,B,N,G,B,D,A,H,-,C,D,0,Y,,,,Y,,D,22,1,0,0,0,1,0,0,0,0,"- ","- ",,,"SANTA CRUZ",WATSONVILLE,-121.75592162,36.906166400000004
8465274,2017,2018-02-15,4402,2017-09-23,2144,138,4402,6,5,5,4402,0,0,0,,0,00C,"RIVER ST","FRONT ST",175.00,E,N,A,-,N,,,,,,,,,,N,2,0,1,2,A,-,08,22107,,F,D,G,A,A,H,-,C,D,0,,,Y,,Y,Y,A,01,1,0,0,0,0,0,0,0,1,"- ","- ",,,"SANTA CRUZ","SANTA CRUZ",-122.02552898,36.97608099
8465496,2018,2018-11-14,4403,2018-11-01,0645,335,"5 39",4,5,4,4403,0,0,0,,0,005,"AIRPORT BL","FREEDOM BL",654.00,E,N,A,-,N,,,,,,,,,,Y,1,1,0,2,A,-,11,21954,A,N,G,B,D,A,H,-,C,D,0,Y,,,,Y,,N,60,0,0,0,1,0,0,0,0,0,"- ","- ",,,"SANTA CRUZ",WATSONVILLE,-121.77674865722656,36.939865112304688
8497575,2017,2017-11-29,4402,2017-10-23,1837,193,4402,1,5,5,4402,0,0,0,,0,00B,"BEACH ST","MUNICIPAL WHARF",0.00,,Y,A,-,N,,,,,,,,,,N,2,0,1,1,A,-,01,21200,5,N,F,J,A,A,H,-,C,A,0,,Y,,,Y,Y,L,04,1,0,0,0,0,0,1,0,0,"- ","- ",,,"SANTA CRUZ","SANTA CRUZ",-122.02384293,36.962831110000003
8503725,2017,2018-06-19,4403,2017-11-12,2137,9761,223,7,5,4,4403,0,0,0,,0,002,"MAIN ST","GREEN VALLEY RD",0.00,,Y,A,-,Y,SCR,5,152,-,T,1.195,I,5,W,N,2,0,4,2,D,-,00,,,N,A,C,A,A,H,-,C,A,0,,,,,Y,,-,"- ",2,0,2,0,0,0,0,0,0,"- ","- ",,,"SANTA CRUZ",WATSONVILLE,-121.78385231,36.91865876
8515097,2017,2017-12-18,4403,2017-11-23,1329,381,223,4,5,4,4403,0,0,0,,0,002,"MAIN ST","OHLONE PKWY",488.00,S,N,A,-,Y,,,,,,,,,,N,2,0,3,2,A,-,09,21801,A,N,A,C,A,A,H,-,A,D,0,,,,,Y,,A,07,1,0,2,0,0,0,0,0,0,"- ","- ",,,"SANTA CRUZ",WATSONVILLE,-121.77532232999999,36.91713154
8541075,2017,2018-01-31,4402,2017-12-25,0418,167,4402,1,5,5,4402,0,0,0,,0,,"GETCHELL ST","WANZER ST",200.00,N,N,A,-,N,,,,,,,,,,Y,2,0,1,2,A,-,08,22107,,N,C,E,A,A,H,-,C,D,0,,,,,Y,Y,A,01,1,0,0,0,0,0,0,0,0,"- ","- ",,,"SANTA CRUZ","SANTA CRUZ",-122.04577843,36.952624870000001
8542297,2018,2018-02-01,4402,2018-01-02,2311,163,4402,2,5,5,4402,0,0,0,,0,000,"OCEAN ST","WATER ST",0.00,,Y,B,-,N,,,,,,,,,,N,2,0,1,2,A,-,10,21950,C,N,G,B,B,A,H,-,C,A,0,Y,,,,Y,,A,01,1,0,0,0,1,0,0,0,0,"- ","- ",,,"SANTA CRUZ","SANTA CRUZ",-122.02134704589844,36.979591369628906
8597845,2018,2018-07-26,4403,2018-03-28,2343,9615,1-11,3,5,4,4403,0,0,0,,0,001,"MAIN ST","RIVERSIDE DR",14.00,S,N,A,-,Y,SCR,5,129,-,-,0.000,I,6,E,N,2,0,1,2,A,-,03,22350,,F,G,B,B,A,H,-,C,A,0,Y,,,,Y,,D,23,1,0,0,0,1,0,0,0,0,"- ","- ",,,"SANTA CRUZ",WATSONVILLE,-121.75337982177734,36.907115936279297
8643125,2018,2018-06-26,4402,2018-06-03,0125,184,4402,7,5,5,4402,0,0,0,,0,000,"BRANCIFORTE AV","WATER ST",0.00,,Y,A,-,N,,,,,,,,,,Y,2,0,1,2,A,-,12,21453,A,N,D,C,A,A,H,-,C,A,0,,,Y,,Y,Y,C,02,1,0,0,0,0,0,0,0,1,"- ","- ",,,"SANTA CRUZ","SANTA CRUZ",-122.0140380859375,36.981441497802734
8648192,2018,2020-05-22,4402,2018-07-10,1115,188,4402,2,5,5,4402,0,0,0,,0,000,"MURRAY ST","5TH AV",550.00,W,N,A,-,N,,,,,,,,,,N,1,1,0,2,A,-,05,21650,1,N,H,G,A,A,H,-,A,D,0,,Y,,,Y,,L,04,0,0,0,0,0,1,0,0,0,"- ","- ",,,"SANTA CRUZ","SANTA CRUZ",-122.00149536132812,36.967929840087891
8669820,2018,2018-10-02,4402,2018-07-07,2122,159,4402,6,5,5,4402,0,0,0,,0,00E,"SOQUEL AV","SEABRIGHT AV",234.00,W,N,A,-,N,,,,,,,,,,N,2,0,1,2,A,-,03,22350,,N,E,E,A,A,H,-,E,D,0,,Y,,,Y,Y,L,04,1,0,0,0,0,0,1,0,0,"- ","- ",,,"SANTA CRUZ","SANTA CRUZ",-122.01129913330078,36.979434967041016
8670136,2018,2018-09-27,4402,2018-07-18,1447,124,4402,3,5,5,4402,0,0,0,,0,,"WATER ST","RIVER ST",80.00,W,N,A,-,N,,,,,,,,,,N,2,0,1,2,A,-,08,22107,,N,D,G,A,A,H,-,A,D,0,,Y,,,Y,,L,04,1,0,0,0,0,0,1,0,0,"- ","- ",,,"SANTA CRUZ","SANTA CRUZ",-122.02558135986328,36.977725982666016
8682039,2018,2018-09-12,4402,2018-07-16,1607,167,4402,1,5,5,4402,0,0,0,,0,,"MUNICIPAL WHARF","BEACH ST",1300.00,S,N,A,-,N,,,,,,,,,,N,2,0,1,2,A,-,11,21954,A,N,G,B,D,A,H,-,A,D,0,Y,,,,Y,,D,22,1,0,0,0,1,0,0,0,0,"- ","- ",,,"SANTA CRUZ","SANTA CRUZ",-122.02042388916016,36.960533142089844
8689167,2018,2018-12-28,4402,2018-08-10,0537,128,4402,5,5,5,4402,0,0,0,,0,,"RT 1","MISSION ST",0.00,,Y,A,-,Y,SCR,5,1,-,-,18.240,H,-,N,N,2,0,1,2,A,-,16,24002,A,N,F,A,A,D,G,-,B,A,0,,,Y,,Y,,I,10,1,0,0,0,0,0,0,0,1,"- ","- ",,,"SANTA CRUZ","SANTA CRUZ",-122.0330810546875,36.975772857666016
8716657,2018,2018-10-23,4402,2018-08-18,2351,146,4402,6,5,5,4402,0,0,0,,0,000,"SOQUEL AV","OCEAN ST",70.00,E,N,A,-,N,,,,,,,,,,N,2,0,1,2,A,-,11,21954,A,F,G,B,D,A,H,-,E,A,0,Y,,,,Y,,N,60,1,0,0,0,1,0,0,0,0,"- ","- ",,,"SANTA CRUZ","SANTA CRUZ",-122.01869201660156,36.974624633789062
8727238,2018,2018-12-11,4402,2018-07-15,1523,124,4402,7,5,5,4402,0,0,0,,0,000,"RT 1","RT 9",400.00,W,N,A,-,Y,SCR,5,1,-,-,17.640,H,-,N,Y,2,0,1,1,A,-,12,22451,A,N,E,J,A,A,H,-,A,A,0,,,Y,,Y,,C,02,1,0,0,0,0,0,0,0,1,"- ","- ",,,"SANTA CRUZ","SANTA CRUZ",-122.03086853027344,36.983871459960938
8727834,2018,2018-11-05,4402,2018-09-29,2009,170,4402,6,5,5,4402,0,0,0,,0,000,"MORRISSEY BL","MELROSE AV",0.00,,Y,B,-,N,,,,,,,,,,Y,2,0,2,2,A,-,09,21802,A,N,D,C,A,A,H,-,C,D,0,,,Y,,Y,,A,01,1,0,1,0,0,0,0,0,1,"- ","- ",,,"SANTA CRUZ","SANTA CRUZ",-122.00618743896484,36.983108520507812
8727852,2018,2018-11-05,4402,2018-09-02,2500,175,4402,7,5,5,4402,0,0,0,,0,000,"OCEAN ST","BLAINE ST",228.00,S,N,A,-,N,,,,,,,,,,Y,2,0,1,2,A,-,11,21954,A,N,G,B,D,A,H,-,C,A,0,Y,,,,Y,,N,60,1,0,0,0,1,0,0,0,0,"- ","- ",,,"SANTA CRUZ","SANTA CRUZ",-122.02177429199219,36.980670928955078
8757292,2018,2018-12-17,4404,2018-11-07,1554,5281,4404,3,5,3,4404,0,0,0,,0,SOUTH,"MT HERMON RD","GLEN CANYON RD",0.00,,Y,A,-,N,,,,,,,,,,Y,2,0,2,3,A,-,12,21453,A,N,D,C,A,A,H,-,A,A,0,,,,,Y,,A,01,1,0,1,0,0,0,0,0,0,"- ","- ",37.041011810302734,-122.02395629882812,"SANTA CRUZ","SCOTTS VALLEY",-122.02406311035156,37.040988922119141
8779137,2018,2019-02-05,4402,2018-12-09,2500,193,4402,7,5,5,4402,0,0,0,,0,000,"MUNICIPAL WHARF RD","BEACH ST",1524.00,S,N,A,-,N,,,,,,,,,,N,2,0,1,2,A,-,21,22106,,N,G,B,F,A,H,-,A,D,0,Y,,,,Y,,A,07,1,0,0,0,1,0,0,0,0,"- ","- ",,,"SANTA CRUZ","SANTA CRUZ",-122.01973724365234,36.960098266601562
8808220,2019,2021-05-25,4403,2019-03-23,1124,381,431,6,5,4,4403,0,0,0,,0,004,"PENNSYLVANIA DR","HAMMER DR",775.00,S,N,A,-,N,,,,,,,,,,Y,1,1,0,2,A,-,01,23152,B,N,C,E,A,A,H,-,A,D,0,,,Y,,Y,Y,C,02,0,0,0,0,0,0,0,1,0,"- ","- ",,,"SANTA CRUZ",WATSONVILLE,-121.77138519287109,36.918636322021484
8808222,2019,2019-06-13,4403,2019-05-05,1121,358,220,7,5,4,4403,0,0,0,,0,002,"RODRIGUEZ ST","BEACH ST",9.00,E,N,B,-,N,,,,,,,,,,Y,1,1,0,2,A,-,10,21950,A,N,G,B,B,A,H,-,A,A,0,Y,,,,Y,,D,22,0,0,0,1,0,0,0,0,0,"- ","- ",,,"SANTA CRUZ",WATSONVILLE,-121.75798797607422,36.909420013427734
8838646,2019,2019-04-12,4403,2019-04-06,1744,367,3-16,6,5,4,4403,0,0,0,,0,003,"WILKIE AV","PALM AV",200.00,E,N,A,-,N,,,,,,,,,,N,2,0,1,2,A,-,11,21954,A,N,G,B,E,A,H,-,A,D,0,Y,,,,Y,Y,N,60,1,0,0,0,1,0,0,0,0,"- ","- ",,,"SANTA CRUZ",WATSONVILLE,-121.7498779296875,36.921260833740234
8879982,2019,2019-06-18,4402,2019-06-05,1912,162,4402,3,5,5,4402,0,0,0,,0,00C,"MAPLE ST","CEDAR ST",0.00,,-,A,-,N,,,,,,,,,,Y,2,0,1,2,A,-,01,23153,A,F,G,B,E,A,H,-,A,D,0,Y,,,,Y,Y,A,01,1,0,0,0,1,0,0,0,0,"- ","- ",,,"SANTA CRUZ","SANTA CRUZ",-122.02642822265625,36.970020294189453
8911419,2020,2020-08-12,4402,2020-06-15,1412,148,4402,1,5,5,4402,0,0,0,,0,000,"MURRAY ST","MOTT AV",6.00,W,N,A,-,N,,,,,,,,,,Y,1,1,1,3,A,-,00,23153,F,N,G,B,F,A,H,-,A,D,0,Y,,,,Y,,A,01,0,1,0,1,0,0,0,0,0,"- ","- ",,,"SANTA CRUZ","SANTA CRUZ",-122.00901794433594,36.967006683349609
8911776,2020,2020-11-06,4403,2020-09-18,1700,398,5-39,5,5,4,4403,0,0,0,,0,005,"FREEDOM BL","ROACHE RD",241.00,S,N,A,-,N,,,,,,,,,,Y,1,1,0,2,A,-,03,22350,,N,G,B,E,A,H,-,A,D,0,Y,,,,Y,,M,59,0,0,0,1,0,0,0,0,0,"- ","- ",,,"SANTA CRUZ",WATSONVILLE,-121.77589416503906,36.937118530273438
8913349,2019,2020-01-02,4402,2019-06-30,1406,187,4402,7,5,5,4402,0,0,0,,0,,"RT 1","BALDWIN ST",14.00,S,N,A,-,Y,SCR,5,1,-,-,19.170,H,-,S,Y,2,0,1,2,A,-,01,23153,A,N,C,C,A,A,H,-,A,D,0,,,Y,,Y,Y,A,08,1,0,0,0,0,0,0,0,1,"- ","- ",,,"SANTA CRUZ","SANTA CRUZ",-122.04202270507812,36.964706420898438
8932150,2019,2019-09-24,4403,2019-09-01,2131,4559,2-21,7,5,4,4403,0,0,0,,0,001,"1ST ST","MAIN ST",10.00,W,N,A,-,N,,,,,,,,,,N,2,0,1,2,A,-,10,21950,A,N,G,B,B,A,H,-,C,D,0,Y,,,,Y,,D,22,1,0,0,0,1,0,0,0,0,"- ","- ",,,"SANTA CRUZ",WATSONVILLE,-121.75398254394531,36.907642364501953
8936025,2019,2020-01-31,4402,2019-07-25,1717,125,4402,4,5,5,4402,0,0,0,,0,,"RT 1","VAN NESS AV",75.00,S,N,A,-,Y,SCR,5,1,-,-,18.790,H,-,S,Y,2,0,1,2,A,-,09,21804,A,N,D,C,A,A,H,-,A,D,0,,,Y,,Y,,A,07,1,0,0,0,0,0,0,0,1,"- ","- ",,,"SANTA CRUZ","SANTA CRUZ",-122.037841796875,36.968788146972656
8970477,2019,2019-11-06,4402,2019-07-28,1245,194,4402,7,5,5,4402,0,0,0,,0,000,"DELAWARE AV","LIBERTY ST",0.00,,Y,A,-,N,,,,,,,,,,N,2,0,1,2,A,-,08,22107,,N,F,G,A,A,H,-,A,D,0,,Y,,,Y,,L,04,1,0,0,0,0,0,1,0,0,"- ","- ",,,"SANTA CRUZ","SANTA CRUZ",-122.03044891357422,36.958049774169922
8981165,2019,2020-01-17,4402,2019-11-25,2145,824AM,,1,5,5,4402,0,0,0,,0,UCSC,"HELLER DR","OAKES RD",0.00,,Y,A,-,N,,,,,,,,,,N,2,0,1,2,A,-,01,21200,5,N,B,G,A,A,H,-,C,A,0,,Y,,,Y,Y,L,04,1,0,0,0,0,0,1,0,0,"- ","- ",36.964248657226562,-122.01885223388672,"SANTA CRUZ","SANTA CRUZ",-122.06654,36.990189999999998
8982961,2019,2019-12-21,4402,2019-10-30,1531,817CL,,3,5,5,4402,0,0,0,,0,,"COOLIDGE DR","HIGH ST",0.00,,Y,A,-,N,,,,,,,,,,N,2,0,1,1,A,-,03,22350,,N,H,A,A,A,H,-,A,A,0,,Y,,,Y,,L,04,1,0,0,0,0,0,1,0,0,"- ","- ",36.978111267089844,-122.04480743408203,"SANTA CRUZ","SANTA CRUZ",-122.05375671386719,36.977218627929688
8985473,2019,2020-01-09,4402,2019-09-24,1840,149,4402,2,5,5,4402,0,0,0,,0,000,"WATER ST","NORTH BRANCIFORTE",500.00,W,N,A,-,N,,,,,,,,,,N,2,0,1,1,A,-,03,22350,,N,E,I,A,A,H,-,A,D,0,,Y,,,Y,,L,04,1,0,0,0,0,0,1,0,0,"- ","- ",,,"SANTA CRUZ","SANTA CRUZ",-122.01569366455078,36.981101989746094
8990429,2019,2020-01-13,4403,2019-11-14,0626,358,36,4,5,4,4403,0,0,0,,0,003,"FREEDOM BL","PROSPECT ST",125.00,,N,B,-,N,,,,,,,,,,Y,2,0,2,3,A,-,08,22102,,N,A,C,A,A,H,-,B,D,0,,,,,Y,,A,07,1,0,1,0,0,0,0,0,0,"- ","- ",,,"SANTA CRUZ",WATSONVILLE,-121.76138305664062,36.922191619873047
8990980,2019,2020-01-15,4402,2019-11-07,1449,,4402,4,5,5,4402,0,0,0,,0,000,DELAWARE,"LAKESIDE DR",15.00,E,N,A,-,N,,,,,,,,,,N,2,0,1,1,A,-,21,22106,,N,B,J,A,A,G,-,A,D,0,,,,,Y,,A,01,1,0,0,0,0,0,0,0,0,"- ","- ",,,"SANTA CRUZ","SANTA CRUZ",-122.06214141845703,36.954654693603516
90022907,2015,2016-03-22,9720,2015-09-12,0848,021045,,6,1,9,4400,0,3,5,,2,200,"30TH AVE","PORTOLA DR",68.00,S,N,A,-,N,,,,,,,,,,N,2,0,1,2,A,-,11,21954,A,N,G,B,D,A,H,-,A,D,0,Y,,,,Y,,N,60,1,0,0,0,1,0,0,0,0,"- ","- ",36.963239999999999,-121.97322,"SANTA CRUZ",UNINCORPORATED,-121.97407,36.96349
90031699,2015,2015-10-19,9720,2015-09-13,2142,018976,,7,2,9,4400,0,2,4,,1,031,"FREEDOM BLVD","PLEASANT VALLEY RD",1056.00,E,N,B,-,N,,,,,,,,,,Y,1,1,0,1,A,-,08,22107,,N,E,I,A,A,H,-,D,D,0,,,,,Y,,A,01,0,0,0,0,0,0,0,0,0,"- ","- ",36.974710000000002,-121.82335,"SANTA CRUZ",UNINCORPORATED,-121.82270289,36.974262869999997
90041620,2015,2015-10-30,9720,2015-10-12,2132,21028,,1,2,9,4400,0,2,4,,1,031,"FREEDOM BLVD","MCDONALD RD",0.00,,Y,A,-,N,,,,,,,,,,Y,2,0,2,1,A,-,08,22107,,N,F,A,A,A,H,-,D,D,0,,,,,Y,,A,07,1,0,1,0,0,0,0,0,0,"- ","- ",36.986510000000003,-121.85993000000001,"SANTA CRUZ",UNINCORPORATED,-121.86004997000001,36.986390069999999
90051318,2015,2015-11-16,9720,2015-11-02,0715,18239,,1,1,9,4400,0,3,5,,2,300,"EUREKA CANYON RD.","UPPER HIGHLAND WAY",3168.00,S,N,B,C,N,,,,,,,,,,Y,2,0,3,1,A,-,08,22107,,N,E,I,A,B,H,-,A,D,0,,,,,Y,,A,07,1,2,0,0,0,0,0,0,0,"- ","- ",37.048659999999998,-121.8086,"SANTA CRUZ",UNINCORPORATED,-121.82638943000001,37.062649409999999
90051445,2015,2016-04-04,9720,2015-10-19,0800,021044,,1,1,9,4400,0,1,3,,1,015,SR-9,"LARKSPUR ST",1056.00,S,N,A,-,Y,,,9,,,,,,,Y,2,0,4,1,A,-,08,22107,,N,F,A,A,B,H,-,A,D,0,,,,,Y,,A,01,1,2,1,0,0,0,0,0,0,"- ","- ",37.104509999999998,-122.105,"SANTA CRUZ",UNINCORPORATED,-122.10492809,37.104630909999997
90051589,2015,2017-11-21,9720,2015-10-05,0240,020807,,1,3,9,4400,0,1,3,,2,020,"SR-1 S/B","STATE PARD DR",1320.00,N,N,A,-,Y,,,1,,,,,,S,Y,2,0,2,2,A,-,03,22350,,F,C,C,A,A,H,-,A,D,0,,,,,Y,,A,01,1,1,0,0,0,0,0,0,0,"- ","- ",36.978969999999997,-121.91231999999999,"SANTA CRUZ",UNINCORPORATED,-121.91234756999999,36.978917289999998
9005776,2019,2020-06-30,4402,2019-10-09,1726,189,4402,3,5,5,4402,0,0,0,,0,000,"RT 1","SHAFFER RD",0.00,,Y,A,-,Y,SCR,5,1,-,-,20.411,I,5,S,Y,2,0,1,2,A,-,09,21804,A,N,D,C,A,A,H,-,A,A,0,,,,Y,Y,,A,01,1,0,0,0,0,0,0,0,0,"- ","- ",,,"SANTA CRUZ","SANTA CRUZ",-122.06217193603516,36.961299896240234
90067723,2015,2015-12-08,9720,2015-11-12,1755,021116,,4,2,9,4400,0,2,4,,1,021,"SOQUEL DR.","CHANTICLEER AVE",46.00,E,N,A,-,N,,,,,,,,,,N,2,0,1,2,A,-,03,22350,,N,G,B,D,A,H,-,C,D,0,Y,,,,Y,,A,01,1,0,0,0,1,0,0,0,0,"- ","- ",36.988439999999997,-121.97727,"SANTA CRUZ",UNINCORPORATED,-121.97778384,36.988493320000003
90080270,2015,2016-01-11,9720,2015-12-08,1734,021045,,2,2,9,4400,0,1,3,,1,010,SR-1,"DIMEO LN",5280.00,N,N,A,-,Y,,,1,,,,,,,Y,2,0,2,3,A,-,03,22350,,N,C,C,A,A,H,-,D,D,0,,,,,Y,,A,01,1,0,1,0,0,0,0,0,0,"- ","- ",36.969290000000001,-122.11647000000001,"SANTA CRUZ",UNINCORPORATED,-122.11650607999999,36.969206790000001
90081747,2015,2015-12-24,9720,2015-12-04,0927,021161,,5,1,9,4400,0,2,4,,1,022,"SOQUEL SAN JOSE RD","OLD TURNPIKE RD",528.00,N,N,A,-,N,,,,,,,,,,Y,2,0,1,1,A,-,03,22350,,N,E,I,A,B,H,-,A,D,0,,,,,Y,,D,22,1,0,0,0,0,0,0,0,0,"- ","- ",37.090220000000002,-121.95055000000001,"SANTA CRUZ",UNINCORPORATED,-121.95055187,37.090246389999997
90081845,2015,2015-12-24,9720,2015-12-05,0937,021161,,6,1,9,4400,0,3,5,,2,300,"LARKIN VALLEY RD","WHITE RD",0.00,,N,A,-,N,,,,,,,,,,Y,2,0,1,1,A,-,08,22107,,N,E,I,A,B,H,-,D,D,0,,,,,Y,,D,22,1,0,0,0,0,0,0,0,0,"- ","- ",36.958489999999998,-121.85595000000001,"SANTA CRUZ",UNINCORPORATED,-121.8516099,36.957420040000002