CASE_ID,ACCIDENT_YEAR,PROC_DATE,JURIS,COLLISION_DATE,COLLISION_TIME,OFFICER_ID,REPORTING_DISTRICT,DAY_OF_WEEK,CHP_SHIFT,POPULATION,CNTY_CITY_LOC,SPECIAL_COND,BEAT_TYPE,CHP_BEAT_TYPE,CITY_DIVISION_LAPD,CHP_BEAT_CLASS,BEAT_NUMBER,PRIMARY_RD,SECONDARY_RD,DISTANCE,DIRECTION,INTERSECTION,WEATHER_1,WEATHER_2,STATE_HWY_IND,CALTRANS_COUNTY,CALTRANS_DISTRICT,STATE_ROUTE,ROUTE_SUFFIX,POSTMILE_PREFIX,POSTMILE,LOCATION_TYPE,RAMP_INTERSECTION,SIDE_OF_HWY,TOW_AWAY,COLLISION_SEVERITY,NUMBER_KILLED,NUMBER_INJURED,PARTY_COUNT,PRIMARY_COLL_FACTOR,PCF_CODE_OF_VIOL,PCF_VIOL_CATEGORY,PCF_VIOLATION,PCF_VIOL_SUBSECTION,HIT_AND_RUN,TYPE_OF_COLLISION,MVIW,PED_ACTION,ROAD_SURFACE,ROAD_COND_1,ROAD_COND_2,LIGHTING,CONTROL_DEVICE,CHP_ROAD_TYPE,PEDESTRIAN_ACCIDENT,BICYCLE_ACCIDENT,MOTORCYCLE_ACCIDENT,TRUCK_ACCIDENT,NOT_PRIVATE_PROPERTY,ALCOHOL_INVOLVED,STWD_VEHTYPE_AT_FAULT,CHP_VEHTYPE_AT_FAULT,COUNT_SEVERE_INJ,COUNT_VISIBLE_INJ,COUNT_COMPLAINT_PAIN,COUNT_PED_KILLED,COUNT_PED_INJURED,COUNT_BICYCLIST_KILLED,COUNT_BICYCLIST_INJURED,COUNT_MC_KILLED,COUNT_MC_INJURED,PRIMARY_RAMP,SECONDARY_RAMP,LATITUDE,LONGITUDE,COUNTY,CITY,POINT_X,POINT_Y
90598655,2017,2017-11-20,9720,2017-10-22,1355,021387,,7,1,9,4400,0,1,3,,1,013,SR-35,"BAYVIEW DR",162.00,E,N,A,-,Y,,,35,,,,,,,Y,1,1,0,1,A,-,08,22107,,N,E,I,A,A,H,-,A,D,0,,,Y,,Y,,C,02,0,0,0,0,0,0,0,1,0,"- ","- ",37.151730000000001,-121.99632,"SANTA CRUZ",UNINCORPORATED,-121.99628722999999,37.151757590000003
90601767,2017,2017-11-27,9720,2017-11-19,1100,021714,,7,1,9,4400,0,1,3,,1,015,SR-9,"SYLVAN AVE",190.00,S,N,A,-,Y,,,9,,,,,,,Y,2,0,1,1,A,-,03,22350,,N,F,A,A,B,H,-,A,D,0,,,Y,,Y,,C,02,1,0,0,0,0,0,0,0,1,"- ","- ",37.194499999999998,-122.1456,"SANTA CRUZ",UNINCORPORATED,-122.14553841,37.194493049999998
90605895,2017,2017-11-30,9720,2017-11-24,1500,020562,,5,2,9,4400,0,3,5,,2,100,"WILDER RANCH","COAST RD",1056.00,N,N,A,-,N,,,,,,,,,,N,2,0,1,1,D,-,00,,,N,F,A,A,A,B,-,A,D,0,,Y,,,Y,,-,"- ",1,0,0,0,0,0,1,0,0,"- ","- ",36.962009999999999,-122.08402,"SANTA CRUZ",UNINCORPORATED,-122.09265232,36.961277299999999
90616528,2017,2017-12-13,9720,2017-12-08,1255,021714,,5,1,9,4400,0,3,5,,2,200,"BRANCIFORTE DR","PEAR CREEK LN",265.00,S,N,A,-,N,,,,,,,,,,Y,2,0,1,1,A,-,08,22107,,N,E,I,A,A,H,-,A,D,0,,,,,Y,,A,01,1,0,0,0,0,0,0,0,0,"- ","- ",37.0197,-121.9924,"SANTA CRUZ",UNINCORPORATED,-121.992806,37.019370459999998
90620261,2017,2017-12-19,9720,2017-12-09,1555,021790,,6,2,9,4400,0,1,3,,1,012,"SR- 236",SR-9,5808.00,E,N,A,-,Y,,,236,,,,,,,Y,2,0,1,1,A,-,08,22107,,N,E,I,A,A,H,-,A,D,0,,,,,Y,,A,07,1,0,0,0,0,0,0,0,0,"- ","- ",37.201349999999998,-122.16146000000001,"SANTA CRUZ",UNINCORPORATED,-122.16149093999999,37.20140095
90621427,2017,2017-12-20,9720,2017-12-15,0225,021178,,5,3,9,4400,0,2,4,,1,024,"EAST CLIFF DR.","PORTOLA DR",345.00,S,N,A,-,N,,,,,,,,,,Y,2,0,1,2,A,-,08,22107,,N,E,I,A,A,H,-,D,D,0,,,,,Y,,A,01,1,0,0,0,0,0,0,0,0,"- ","- ",36.962200000000003,-121.9885,"SANTA CRUZ",UNINCORPORATED,-121.98854107,36.961951280000001
90644402,2018,2018-01-22,9720,2018-01-10,0643,018071,,3,1,9,4400,0,1,3,,1,017,"SR-17 S/B","LA MADRONA DR",1056.00,N,N,B,-,Y,,,17,,,,,,S,Y,2,0,1,4,A,-,03,22350,,N,C,E,E,B,H,-,D,D,0,Y,,,,Y,,A,01,1,0,0,0,1,0,0,0,0,"- ","- ",37.023170471191406,-122.02668762207031,"SANTA CRUZ",UNINCORPORATED,-122.02680969238281,37.023159027099609
90652565,2018,2018-01-31,9720,2018-01-26,2130,021840,,5,2,9,4400,0,2,4,,1,023,"17TH AVE","HARPER ST",18.00,S,N,A,-,N,,,,,,,,,,N,2,0,1,2,A,-,11,21954,A,N,G,B,D,A,H,-,D,D,0,Y,,,,Y,,N,60,1,0,0,0,1,0,0,0,0,"- ","- ",36.973941802978516,-121.98358154296875,"SANTA CRUZ",UNINCORPORATED,-121.98366546630859,36.973773956298828
90655580,2018,2018-02-19,9720,2018-01-29,1633,021918,,1,2,9,4400,0,2,4,,1,016,"GRAHAM HILL RD","HIDDEN CREEK LN",485.00,N,N,A,-,N,,,,,,,,,,Y,2,0,1,2,A,-,01,23152,A,N,D,C,A,A,H,-,A,D,0,,,,,Y,Y,A,01,1,0,0,0,0,0,0,0,0,"- ","- ",37.001220703125,-122.03135681152344,"SANTA CRUZ",UNINCORPORATED,-122.03400421142578,37.005538940429688
90655860,2018,2018-02-06,9720,2018-02-02,2227,021702,,5,3,5,4402,0,2,S,,2,901,"MISSION STREET","EMMETT ST",105.00,S,N,A,-,N,,,,,,,,,,Y,2,0,1,1,A,-,01,23152,A,N,E,I,A,A,H,-,C,A,0,,,,,Y,Y,D,22,1,0,0,0,0,0,0,0,0,"- ","- ",36.977409362792969,-122.02948760986328,"SANTA CRUZ","SANTA CRUZ",-122.02946472167969,36.97735595703125
90661164,2017,2018-02-14,9720,2017-09-27,1927,021790,,3,2,9,4400,0,1,3,,1,034,SR-152,"DELANEY AVE",3696.00,W,N,A,-,Y,,,152,,,,,,,Y,1,1,1,2,A,-,01,23152,G,N,B,C,A,A,H,-,D,D,0,,,,,Y,Y,A,01,0,0,1,0,0,0,0,0,0,"- ","- ",36.945889999999999,-121.73684,"SANTA CRUZ",UNINCORPORATED,-121.73680159,36.94586005
90668333,2018,2018-02-23,9720,2018-02-16,2135,021717,,5,2,9,4400,0,2,4,,1,021,"SOQUEL DR","WINKLE AVE",148.00,E,N,A,-,N,,,,,,,,,,N,2,0,1,2,A,-,11,21954,A,N,G,B,D,A,H,-,D,D,0,Y,,,,Y,,N,60,1,0,0,0,1,0,0,0,0,"- ","- ",36.988121032714844,-121.74550628662109,"SANTA CRUZ",UNINCORPORATED,-121.97459411621094,36.9881591796875
90676069,2017,2018-03-06,9720,2017-11-01,1350,021760,,3,1,9,4400,0,1,3,,1,035,SR-129,"ROGGE LN",528.00,W,N,A,-,Y,,,129,,,,,,,Y,1,1,1,2,A,-,08,22107,,N,E,I,A,A,H,-,A,D,0,,,,,Y,,A,01,1,0,0,0,0,0,0,0,0,"- ","- ",36.9039,-121.64153,"SANTA CRUZ",UNINCORPORATED,-121.64153583,36.903811560000001
90677006,2018,2018-03-07,9720,2018-01-26,1712,019288,,5,2,9,4400,0,3,5,,2,200,"NORTH RODEO GULCH ROAD","SOQUEL DR",3168.00,N,N,A,-,N,,,,,,,,,,Y,2,0,6,1,A,-,01,23152,A,N,E,I,A,B,H,-,A,D,0,,,,,Y,Y,A,01,1,0,5,0,0,0,0,0,0,"- ","- ",36.99639892578125,-121.970703125,"SANTA CRUZ",UNINCORPORATED,-121.97042083740234,36.995826721191406
90677032,2018,2018-03-07,9720,2018-03-06,0915,021215,,2,1,9,4400,0,3,5,,2,100,"SWANTON RD",SR-1,5280.00,N,N,A,-,N,,,,,,,,,,Y,2,0,1,1,A,-,08,22107,,N,E,I,A,A,H,-,A,D,0,,,,,Y,,A,07,1,0,0,0,0,0,0,0,0,"- ","- ",37.042770385742188,-122.222412109375,"SANTA CRUZ",UNINCORPORATED,-122.26044464111328,37.082771301269531
90680411,2018,2018-03-12,9720,2018-03-02,0830,022011,,5,1,9,4400,0,1,3,,1,017,"SR-17 S/B TO SR-1 S/B",SR-17,106.00,S,N,B,-,Y,,,17,,,,R,,S,Y,2,0,1,2,A,-,03,22350,,F,C,C,A,B,H,-,A,D,0,,,,,Y,,-,99,1,0,0,0,0,0,0,0,0,"- ","- ",36.989841461181641,-122.02207946777344,"SANTA CRUZ",UNINCORPORATED,-122.02207946777344,36.989841461181641
90686342,2018,2018-03-21,9720,2018-03-13,0155,021969,,2,3,9,4400,0,3,5,,2,200,"BRANCIFORTE DR","CREEKSIDE LANE",267.00,N,N,C,-,N,,,,,,,,,,Y,2,0,1,3,A,-,01,23152,A,N,C,E,A,B,H,-,D,D,0,,,,,Y,Y,A,01,1,0,0,0,0,0,0,0,0,"- ","- ",36.994789123535156,-122.01174926757812,"SANTA CRUZ",UNINCORPORATED,-122.01175689697266,36.994686126708984
90698632,2018,2018-04-04,9720,2018-03-25,1715,021790,,7,2,9,4400,0,3,5,,2,200,"N RODEO GULCH RD","CHIMNEY CREEK",142.00,N,N,A,-,N,,,,,,,,,,Y,2,0,1,1,A,-,03,22350,,N,F,A,A,B,H,-,A,D,0,,,Y,,Y,,C,02,1,0,0,0,0,0,0,0,1,"- ","- ",37.022819519042969,-121.96160888671875,"SANTA CRUZ",UNINCORPORATED,-121.96148681640625,37.021961212158203
90701875,2018,2018-04-09,9720,2018-04-02,1810,021806,,1,2,9,4400,0,1,3,,1,012,SR-236,"LODGE RD",528.00,E,N,A,-,Y,,,236,,,,,,,Y,2,0,2,1,A,-,08,22107,,N,E,I,A,A,H,-,A,D,0,,,,,Y,,A,01,1,1,0,0,0,0,0,0,0,"- ","- ",37.171028137207031,-122.18055725097656,"SANTA CRUZ",UNINCORPORATED,-122.18055725097656,37.171024322509766
9070975,2020,2020-05-15,4402,2020-02-21,1538,131,4402,5,5,5,4402,0,0,0,,0,000,"NORTH PACIFIC AV","WATER ST",110.00,S,N,A,-,N,,,,,,,,,,N,2,0,1,2,A,-,11,21954,A,N,G,B,D,A,H,-,A,D,0,Y,,,,Y,,N,60,1,0,0,0,1,0,0,0,0,"- ","- ",,,"SANTA CRUZ","SANTA CRUZ",-122.02712249755859,36.977020263671875
90714050,2018,2018-04-26,9720,2018-04-19,0815,021489,,4,1,9,4400,0,3,5,,2,100,"FELTON QUARRY RD","SAN LORENZO AVE",10.00,S,N,A,-,N,,,,,,,,,,N,2,0,1,1,A,-,08,22107,,N,F,A,A,A,H,-,A,D,0,,,Y,,Y,,C,02,1,0,0,0,0,0,0,0,1,"- ","- ",37.035240173339844,-122.08748626708984,"SANTA CRUZ",UNINCORPORATED,-122.08336639404297,37.036472320556641
90717555,2018,2018-05-01,9720,2018-04-19,1705,021940,,4,2,9,4400,0,3,5,,2,300,"MT. MADONNA RD.","EDENVALE RD",2640.00,E,N,A,-,N,,,,,,,,,,Y,2,0,1,1,A,-,08,22107,,N,E,I,A,A,H,-,A,D,0,,,,,Y,,A,01,1,0,0,0,0,0,0,0,0,"- ","- ",36.984031677246094,-121.73773193359375,"SANTA CRUZ",UNINCORPORATED,-121.73793792724609,36.986076354980469
90720332,2018,2018-05-04,9720,2018-04-10,2124,020413,,2,2,9,4400,0,2,4,,1,023,"7TH AVE","EATON ST",10.00,E,N,A,-,N,,,,,,,,,,N,2,0,1,2,A,-,09,21801,A,N,G,B,B,A,H,-,C,A,0,Y,,,,Y,Y,N,60,1,0,0,0,1,0,0,0,0,"- ","- ",36.967720031738281,-121.99797058105469,"SANTA CRUZ",UNINCORPORATED,-121.99799346923828,36.967697143554688
90723638,2018,2018-05-10,9720,2018-04-30,1210,021248,,1,1,9,4400,0,2,4,,1,016,"GRAHAM HILL RD","TREETOP DR",315.00,N,N,A,-,N,,,,,,,,,,Y,2,0,2,2,A,-,09,21804,A,N,D,C,A,A,H,-,A,D,0,,,,,Y,,A,08,1,1,0,0,0,0,0,0,0,"- ","- ",37.016799926757812,-122.03517150878906,"SANTA CRUZ",UNINCORPORATED,-122.0350341796875,37.016704559326172
90738282,2018,2018-05-31,9720,2018-05-22,0745,017642,,2,1,9,4400,0,1,3,,2,020,"SR-1 N/B","RIO DEL MAR BLVD",528.00,N,N,B,-,Y,,,1,,,,,,N,Y,2,0,1,2,A,-,07,21658,A,N,B,C,A,A,H,-,A,D,0,,,Y,,Y,,A,01,1,0,0,0,0,0,0,0,1,"- ","- ",36.975471496582031,-121.88884735107422,"SANTA CRUZ",UNINCORPORATED,-121.88884735107422,36.975475311279297
90744260,2018,2018-06-08,9720,2018-06-02,1540,019956,,6,2,9,4400,0,1,3,,2,020,"SR-1 N/B","FREEDOM BLVD",0.00,,Y,A,-,Y,,,1,,,,,,N,Y,2,0,4,1,A,-,08,22107,,N,F,A,A,A,H,-,A,D,0,,,,,Y,,A,01,2,0,2,0,0,0,0,0,0,"- ","- ",36.970451354980469,-121.87296295166016,"SANTA CRUZ",UNINCORPORATED,-121.87299346923828,36.970386505126953
90752789,2018,2018-06-21,9720,2018-06-11,1120,021969,,1,1,9,4400,0,3,5,,2,100,"FELTON EMPIRE RD","EMPIRE GRADE RD",7392.00,S,N,A,-,N,,,,,,,,,,Y,2,0,2,3,A,-,01,23152,A,N,B,C,A,A,H,-,A,D,0,,,,,Y,,A,08,1,1,0,0,0,0,0,0,0,"- ","- ",37.056640625,-122.10204315185547,"SANTA CRUZ",UNINCORPORATED,-122.12312316894531,37.057949066162109
90752954,2018,2018-06-21,9720,2018-06-13,1700,018650,,3,2,9,4400,0,3,5,,2,100,"FELTON EMPIRE RD","FEATHERSTON WAY",1584.00,W,N,A,-,N,,,,,,,,,,Y,2,0,1,1,A,-,03,22350,,N,E,I,A,A,H,-,A,D,0,,,,Y,Y,,F,26,1,0,0,0,0,0,0,0,0,"- ","- ",37.050750732421875,-122.09269714355469,"SANTA CRUZ",UNINCORPORATED,-122.08878326416016,37.048725128173828
90762438,2018,2018-07-04,9720,2018-06-22,1922,021760,,5,2,9,4400,0,1,3,,1,012,SR-236,SR-9,20.00,W,N,A,-,Y,,,236,,,,,,,N,2,0,1,2,D,-,00,,,F,G,B,D,A,H,-,A,D,0,Y,,,,Y,,-,"- ",1,0,0,0,1,0,0,0,0,"- ","- ",37.125301361083984,-122.12249755859375,"SANTA CRUZ",UNINCORPORATED,-122.12251281738281,37.125347137451172
90766890,2018,2018-07-11,9720,2018-07-07,1240,18239,,6,1,9,4400,0,2,4,,1,021,"SOQUEL DR.","ROBERTSON ST",30.00,W,N,A,-,N,,,,,,,,,,N,2,0,2,1,A,-,08,22107,,N,E,I,A,A,H,-,A,D,0,,,Y,,Y,,C,02,1,1,0,0,0,0,0,0,2,"- ","- ",36.987739562988281,-121.96050262451172,"SANTA CRUZ",UNINCORPORATED,-121.96063232421875,36.987770080566406
90774188,2018,2018-07-23,9720,2018-07-14,1705,021227,,6,2,9,4400,0,3,5,,2,200,"MISSION DR","SOQUEL DR",250.00,N,N,A,-,N,,,,,,,,,,N,2,0,1,2,A,-,03,22350,,N,C,C,A,A,H,-,A,D,0,,,Y,,Y,,C,03,1,0,0,0,0,0,0,0,1,"- ","- ",36.989921569824219,-122.98047637939453,"SANTA CRUZ",UNINCORPORATED,-121.98055267333984,36.989757537841797
90775955,2018,2019-04-05,9720,2018-07-22,1050,021215,,7,1,9,4400,0,1,3,,1,010,SR-1,"SWANTON RD",928.00,N,N,A,-,Y,,,1,,,,,,,Y,2,0,2,2,A,-,06,21750,,N,D,C,A,A,H,-,A,D,0,,,Y,,Y,,C,02,1,0,1,0,0,0,0,0,1,"- ","- ",37.030361175537109,-122.21880340576172,"SANTA CRUZ",UNINCORPORATED,-122.21892547607422,37.030158996582031
90785724,2018,2018-11-20,9720,2018-02-05,1905,021140,,1,2,9,4400,0,2,4,,1,021,"SOQUEL DRIVE","41ST AVENUE",150.00,S,N,A,-,N,,,,,,,,,,N,1,1,0,2,A,-,11,21955,,N,G,B,D,A,H,-,D,D,0,Y,,,,Y,Y,N,60,0,0,0,1,0,0,0,0,0,"- ","- ",36.997631072998047,-121.96437072753906,"SANTA CRUZ",UNINCORPORATED,-121.96548461914062,36.987331390380859
9078614,2020,2020-09-16,4402,2020-03-08,0049,150,4402,7,5,5,4402,0,0,0,,0,000,"RT 1","RT 9",17.00,N,N,B,C,Y,SCR,5,1,-,-,17.560,I,5,N,Y,2,0,1,2,-,-,"- ",,,N,-,B,-,B,H,-,C,A,0,Y,,,,Y,,-,"- ",1,0,0,0,1,0,0,0,0,"- ","- ",,,"SANTA CRUZ","SANTA CRUZ",-122.02980804443359,36.984500885009766
90786340,2018,2018-08-08,9720,2018-08-05,2154,021840,,7,2,9,4400,0,2,4,,1,022,"SOQUEL SAN JOSE RD","MILLER HILL RD",1056.00,N,N,A,-,N,,,,,,,,,,Y,2,0,1,1,A,-,08,22107,,N,E,I,A,A,H,-,D,D,0,,,,,Y,Y,A,07,1,0,0,0,0,0,0,0,0,"- ","- ",37.112720489501953,-121.94339752197266,"SANTA CRUZ",UNINCORPORATED,-121.94868469238281,37.111579895019531
90786903,2018,2018-08-08,9720,2018-07-29,1615,021358,,7,2,9,4400,0,1,3,,1,015,"SR-9 S/B","OAK AVE",0.00,,Y,A,-,Y,,,9,,,,,,S,Y,2,0,1,2,A,-,09,21802,A,N,D,C,A,A,H,-,A,A,0,,,Y,,Y,,A,01,1,0,0,0,0,0,0,0,1,"- ","- ",37.043258666992188,-122.07282257080078,"SANTA CRUZ",UNINCORPORATED,-122.07278442382812,37.043262481689453
90805904,2018,2018-09-05,9720,2018-04-21,1351,021714,,6,1,9,4400,0,3,5,,2,100,"EMPIRE GRADE RD","FELTON QUARRY RD",1056.00,N,N,A,-,N,,,,,,,,,,Y,1,1,1,2,A,-,05,21460,A,N,A,C,A,A,H,-,A,D,0,,,Y,,Y,,C,02,0,1,0,0,0,0,0,1,0,"- ","- ",37.029571533203125,-122.10648345947266,"SANTA CRUZ",UNINCORPORATED,-122.10565185546875,37.029548645019531
90814430,2018,2018-09-17,9720,2018-09-09,1804,021940,,7,2,9,4400,0,1,3,,1,017,"SR-17 N/B","PASATIEMPO DR",100.00,S,N,A,-,Y,,,17,,,,,,N,Y,2,0,1,2,A,-,01,23152,A,N,D,C,A,A,H,-,A,D,0,,,,,Y,Y,A,07,1,0,0,0,0,0,0,0,0,"- ","- ",36.994899749755859,-122.01899719238281,"SANTA CRUZ",UNINCORPORATED,-122.01913452148438,36.994865417480469
90816302,2018,2018-09-19,9720,2018-09-08,0940,021477,,6,1,9,4400,0,1,3,,1,034,"SR-152 E/B","BELLA VISTA LN",5280.00,W,N,A,-,Y,,,152,,,,,,E,Y,2,0,2,1,A,-,08,22107,,N,F,A,A,A,H,-,D,D,0,,,,,Y,,A,01,2,0,0,0,0,0,0,0,0,"- ","- ",36.985050201416016,-121.71388244628906,"SANTA CRUZ",UNINCORPORATED,-121.71388244628906,36.985137939453125
90818300,2018,2018-09-21,9720,2018-09-15,0037,021215,,6,3,9,4400,0,3,5,,2,200,"GLEN HAVEN RD","CHERRYVALE AVE",280.00,N,N,A,-,N,,,,,,,,,,Y,2,0,1,1,A,-,01,23152,A,N,F,I,A,A,H,-,D,D,0,,,,,Y,Y,A,07,1,0,0,0,0,0,0,0,0,"- ","- ",36.997940063476562,-121.94986724853516,"SANTA CRUZ",UNINCORPORATED,-121.94976043701172,36.99798583984375
90820608,2018,2018-09-25,9720,2018-09-14,0025,022011,,5,3,9,4400,0,2,4,,1,016,"GRAHAM HILL RD","LOCKEWOOD LANE",98.00,N,N,A,-,Y,,,,,,,,,,Y,2,0,1,1,A,-,08,22107,,N,E,I,A,A,H,-,C,D,0,,,,,Y,Y,A,01,1,0,0,0,0,0,0,0,0,"- ","- ",37.036979675292969,-122.04234313964844,"SANTA CRUZ",UNINCORPORATED,-122.04245758056641,37.037113189697266
90825271,2018,2018-10-01,9720,2018-09-20,0720,022125,,4,1,9,4400,0,1,3,,1,034,SR-152,"MUNKS CT",46.00,W,N,B,-,Y,,,152,,,,,,,Y,2,0,1,2,A,-,09,21804,A,N,D,C,A,A,H,-,A,D,0,,,Y,,Y,,D,23,1,0,0,0,0,0,0,0,1,"- ","- ",36.931411743164062,-121.74401092529297,"SANTA CRUZ",UNINCORPORATED,-121.74404907226562,36.931423187255859
90826456,2018,2018-10-02,9720,2018-09-23,1513,022011,,7,2,9,4400,0,1,3,,1,015,SR-9,"POOL DR.",0.00,,Y,A,-,Y,,,9,,,,,,,N,2,0,1,2,A,-,08,22107,,N,B,C,A,A,H,-,A,D,0,,,Y,,Y,,C,02,1,0,0,0,0,0,0,0,1,"- ","- ",37.154850006103516,-122.13336944580078,"SANTA CRUZ",UNINCORPORATED,-122.1334228515625,37.154861450195312
90828524,2018,2018-10-04,9720,2018-10-03,0802,014931,,3,1,9,4400,0,2,4,,1,031,"FREEDOM BLVD","WHITE RD",106.00,S,N,B,-,N,,,,,,,,,,Y,2,0,1,2,A,-,05,21460,A,N,D,C,A,A,H,-,A,D,0,,,,,Y,,D,22,1,0,0,0,0,0,0,0,0,"- ","- ",36.971199035644531,-121.81942749023438,"SANTA CRUZ",UNINCORPORATED,-121.81936645507812,36.971134185791016
90836416,2018,2018-10-15,9720,2018-10-12,1602,017568,,5,2,9,4400,0,1,3,,2,020,"SR-1 N/B","SOQUEL DR",500.00,N,N,A,-,Y,,,1,,,,,,N,Y,2,0,1,2,C,-,18,,,N,G,C,A,A,H,-,A,D,0,,,Y,,Y,,-,"- ",1,0,0,0,0,0,0,0,1,"- ","- ",36.987728118896484,-121.989501953125,"SANTA CRUZ",UNINCORPORATED,-121.98950958251953,36.987674713134766
90853691,2018,2018-11-06,9720,2018-10-27,1507,021358,,6,2,9,4400,0,1,3,,2,020,"SR-1 S/B","SOQUEL AVE",850.00,S,N,A,-,Y,,,1,,,,,,S,Y,2,0,2,4,A,-,01,23152,A,N,B,C,A,A,H,-,A,D,0,,,Y,,Y,Y,C,02,1,1,0,0,0,0,0,0,2,"- ","- ",36.986179351806641,-121.98310852050781,"SANTA CRUZ",UNINCORPORATED,-121.98309326171875,36.986240386962891
90856911,2018,2018-11-09,9720,2018-11-03,2016,020640,,6,2,9,4400,0,3,5,,2,300,"GREEN VALLEY RD","LITCHFIELD LN",800.00,S,N,A,-,N,,,,,,,,,,Y,2,0,2,1,A,-,01,23152,A,N,E,I,A,A,H,-,D,D,0,,,,,Y,Y,A,01,1,1,0,0,0,0,0,0,0,"- ","- ",36.974601745605469,-121.77700042724609,"SANTA CRUZ",UNINCORPORATED,-121.77681732177734,36.974582672119141
90863163,2018,2018-11-19,9720,2018-11-12,1800,021714,,1,2,9,4400,0,3,5,,2,100,"SMITH GRD","MOORE RANCH RD",1584.00,E,N,A,-,N,,,,,,,,,,Y,2,0,2,1,A,-,08,22107,,N,E,I,A,A,H,-,D,D,0,,,,,Y,,A,01,1,1,0,0,0,0,0,0,0,"- ","- ",37.005889892578125,-122.06478118896484,"SANTA CRUZ",UNINCORPORATED,-122.10523986816406,37.021255493164062
90863751,2018,2018-11-20,9720,2018-11-09,1349,018083,,5,1,9,4400,0,2,4,,1,022,"SOQUEL SAN JOSE ROAD","LAUREL GLEN RD",75.00,S,N,A,-,N,,,,,,,,,,Y,2,0,1,1,A,-,08,22107,,N,E,J,A,A,H,-,A,D,0,,,,,Y,Y,A,01,1,0,0,0,0,0,0,0,0,"- ","- ",37.032180786132812,-121.94705200195312,"SANTA CRUZ",UNINCORPORATED,-121.94704437255859,37.032211303710938
90884884,2018,2018-12-18,9720,2018-12-10,1659,021860,,1,2,9,4400,0,3,5,,2,100,"MOUNT HERMON RD","GRAHAM HILL RD",700.00,N,N,A,-,N,,,,,,,,,,Y,2,0,3,3,A,-,05,21460,A,N,A,C,A,A,H,-,D,D,0,,,,,Y,,D,22,2,0,1,0,0,0,0,0,0,"- ","- ",37.053611755371094,-122.06906890869141,"SANTA CRUZ",UNINCORPORATED,-122.06916809082031,37.053562164306641
90893692,2018,2018-12-28,9720,2018-12-20,1650,018650,,4,2,9,4400,0,1,3,,1,012,SR-236,"LITTLE BASIN RD",8448.00,N,N,A,-,Y,,,236,,,,,,,Y,2,0,1,1,A,-,03,22350,,N,E,I,A,B,H,-,D,D,0,,,,,Y,,D,22,1,0,0,0,0,0,0,0,0,"- ","- ",37.168098449707031,-122.21399688720703,"SANTA CRUZ",UNINCORPORATED,-122.21401214599609,37.168323516845703
90894220,2018,2018-12-31,9720,2018-12-19,1745,021988,,3,2,9,4400,0,3,5,,2,100,"EMPIRE GRADE RD","TOSCA TERRACE",711.00,N,N,A,-,N,,,,,,,,,,N,2,0,1,2,A,-,03,22350,,N,H,B,E,A,H,-,D,D,0,Y,Y,,,Y,,L,04,1,0,0,0,0,0,1,0,0,"- ","- ",36.981929779052734,-122.06162261962891,"SANTA CRUZ",UNINCORPORATED,-122.06159973144531,36.981952667236328
90894543,2018,2018-12-31,9720,2018-12-15,2112,021840,,6,2,9,4400,0,3,5,,2,200,"PAUL SWEET RD","RED TRAIL RD",500.00,N,N,A,-,N,,,,,,,,,,Y,2,0,1,1,A,-,03,22350,,F,F,A,A,B,B,-,D,D,0,,,Y,,Y,,C,02,1,0,0,0,0,0,0,0,1,"- ","- ",37.006198883056641,-121.98290252685547,"SANTA CRUZ",UNINCORPORATED,-121.98311614990234,37.007442474365234
90907521,2019,2019-01-18,9720,2019-01-11,1647,021714,,5,2,9,4400,0,2,4,,1,024,"E. CLIFF DR.","SUNNY COVE DR.",0.00,,Y,C,-,N,,,,,,,,,,Y,2,0,1,2,A,-,01,23152,A,N,D,C,A,B,H,-,A,D,0,,,,,Y,Y,A,01,1,0,0,0,0,0,0,0,0,"- ","- ",36.961681365966797,-121.98851776123047,"SANTA CRUZ",UNINCORPORATED,-121.98856353759766,36.961631774902344
90925202,2019,2019-02-28,9720,2019-02-01,1606,022125,,5,2,9,4400,0,1,3,,1,015,SR-9,"IRWIN WAY",305.00,S,N,C,-,Y,,,9,,,,,,,Y,2,0,1,2,A,-,05,21460,A,N,A,C,A,B,H,-,A,D,0,,,,,Y,,A,01,1,0,0,0,0,0,0,0,0,"- ","- ",37.111351013183594,-122.11435699462891,"SANTA CRUZ",UNINCORPORATED,-122.11432647705078,37.111354827880859