CASE_ID,ACCIDENT_YEAR,PROC_DATE,JURIS,COLLISION_DATE,COLLISION_TIME,OFFICER_ID,REPORTING_DISTRICT,DAY_OF_WEEK,CHP_SHIFT,POPULATION,CNTY_CITY_LOC,SPECIAL_COND,BEAT_TYPE,CHP_BEAT_TYPE,CITY_DIVISION_LAPD,CHP_BEAT_CLASS,BEAT_NUMBER,PRIMARY_RD,SECONDARY_RD,DISTANCE,DIRECTION,INTERSECTION,WEATHER_1,WEATHER_2,STATE_HWY_IND,CALTRANS_COUNTY,CALTRANS_DISTRICT,STATE_ROUTE,ROUTE_SUFFIX,POSTMILE_PREFIX,POSTMILE,LOCATION_TYPE,RAMP_INTERSECTION,SIDE_OF_HWY,TOW_AWAY,COLLISION_SEVERITY,NUMBER_KILLED,NUMBER_INJURED,PARTY_COUNT,PRIMARY_COLL_FACTOR,PCF_CODE_OF_VIOL,PCF_VIOL_CATEGORY,PCF_VIOLATION,PCF_VIOL_SUBSECTION,HIT_AND_RUN,TYPE_OF_COLLISION,MVIW,PED_ACTION,ROAD_SURFACE,ROAD_COND_1,ROAD_COND_2,LIGHTING,CONTROL_DEVICE,CHP_ROAD_TYPE,PEDESTRIAN_ACCIDENT,BICYCLE_ACCIDENT,MOTORCYCLE_ACCIDENT,TRUCK_ACCIDENT,NOT_PRIVATE_PROPERTY,ALCOHOL_INVOLVED,STWD_VEHTYPE_AT_FAULT,CHP_VEHTYPE_AT_FAULT,COUNT_SEVERE_INJ,COUNT_VISIBLE_INJ,COUNT_COMPLAINT_PAIN,COUNT_PED_KILLED,COUNT_PED_INJURED,COUNT_BICYCLIST_KILLED,COUNT_BICYCLIST_INJURED,COUNT_MC_KILLED,COUNT_MC_INJURED,PRIMARY_RAMP,SECONDARY_RAMP,LATITUDE,LONGITUDE,COUNTY,CITY,POINT_X,POINT_Y
90940014,2019,2019-03-05,9720,2019-02-25,1110,015170,,1,1,9,4400,0,3,5,,2,100,"BEAR CREEK RD",SR-35,35.00,W,N,B,-,Y,,,,,,,,,,Y,2,0,1,1,A,-,08,22107,,N,E,I,A,B,H,-,A,D,0,,,,,Y,,A,01,1,0,0,0,0,0,0,0,0,"- ","- ",37.166900634765625,-122.02641296386719,"SANTA CRUZ",UNINCORPORATED,,
90948621,2019,2019-03-19,9720,2019-03-10,1715,022011,,7,2,9,4400,0,1,3,,1,017,"S/B SR-17","GLENWOOD DR",1056.00,S,N,B,-,Y,,,17,,,,,,,Y,2,0,1,1,A,-,08,22107,,N,E,I,A,B,H,-,A,D,0,,,,,Y,,A,01,1,0,0,0,0,0,0,0,0,"- ","- ",37.115898132324219,-121.97540283203125,"SANTA CRUZ",UNINCORPORATED,-121.97560119628906,37.115764617919922
90956002,2019,2019-03-28,9720,2019-03-15,1020,021489,,5,1,9,4400,0,1,3,,1,014,"SR-9 N/B","SARATOGA TOLL RD",0.00,,Y,A,-,Y,,,9,,,,,,N,Y,2,0,2,2,A,-,09,21804,A,N,D,C,A,A,H,-,A,D,0,,,,,Y,,D,22,1,0,1,0,0,0,0,0,0,"- ","- ",37.20697021484375,-122.14524078369141,"SANTA CRUZ",UNINCORPORATED,-122.14528656005859,37.206977844238281
90962219,2019,2019-04-05,9720,2019-04-02,1405,019956,,2,2,9,4400,0,2,4,,1,024,"EAST CLIFF DR","PROSPECT ST",464.00,W,N,B,C,N,,,,,,,,,,Y,2,0,1,2,A,-,01,23152,A,N,A,C,A,B,H,-,A,D,0,,,,,Y,Y,A,01,1,0,0,0,0,0,0,0,0,"- ","- ",36.962360382080078,-121.99578094482422,"SANTA CRUZ",UNINCORPORATED,-121.99581146240234,36.962207794189453
90962721,2019,2019-04-08,9720,2019-01-13,1535,021548,,7,2,9,4400,0,3,5,,2,300,"LAKEVIEW RD","CRESTWOOD DR.",528.00,S,N,A,-,N,,,,,,,,,,Y,2,0,1,1,A,-,08,22107,,M,E,I,A,A,H,-,A,D,0,,,Y,,Y,,C,02,1,0,0,0,0,0,0,0,1,"- ","- ",36.926788330078125,-121.73390197753906,"SANTA CRUZ",UNINCORPORATED,-121.73391723632812,36.927055358886719
90964008,2019,2019-04-09,9720,2019-04-02,2111,022171,,2,2,9,4400,0,1,3,,1,017,"SR-17 S/B","GLENWOOD DR",2112.00,S,N,C,-,Y,,,17,,,,,,S,Y,2,0,1,1,A,-,03,22350,,N,E,I,A,B,H,-,D,D,0,,,,,Y,,A,01,1,0,0,0,0,0,0,0,0,"- ","- ",37.114151000976562,-121.97463226318359,"SANTA CRUZ",UNINCORPORATED,-121.97451019287109,37.114139556884766
90965613,2019,2019-06-04,9720,2019-02-21,1700,022162,,4,2,9,4400,0,1,3,,1,015,SR-9,"GRAHAM HILL RD",400.00,N,N,B,-,Y,,,9,,,,,,,N,1,1,0,2,A,-,08,22107,,N,G,B,E,A,H,-,A,D,0,Y,,,,Y,Y,A,07,0,0,0,1,0,0,0,0,0,"- ","- ",37.053848266601562,-122.07363128662109,"SANTA CRUZ",UNINCORPORATED,-122.07363891601562,37.053840637207031
90975316,2019,2019-04-25,9720,2019-02-12,1425,021860,,2,2,9,4400,0,3,5,,2,100,"LARKSPUR ST",SR-9,40.00,E,N,B,-,N,,,,,,,,,,N,1,1,0,2,A,-,03,22350,,N,G,B,E,A,C,-,A,D,0,Y,,,,Y,Y,E,22,0,0,0,1,0,0,0,0,0,"- ","- ",37.106330871582031,-122.10614776611328,"SANTA CRUZ",UNINCORPORATED,-122.10611724853516,37.106258392333984
90977715,2019,2019-04-29,9720,2019-04-20,1959,021988,,6,2,9,4400,0,2,4,,1,024,"PORTOLA DR","41ST AVE",21.00,E,N,A,-,N,,,,,,,,,,N,2,0,1,2,A,-,10,21950,A,N,G,B,B,A,H,-,C,A,0,Y,,,,Y,Y,A,07,1,0,0,0,1,0,0,0,0,"- ","- ",36.9635009765625,-121.96469879150391,"SANTA CRUZ",UNINCORPORATED,-121.96483612060547,36.963565826416016
90978259,2019,2019-04-29,9720,2019-04-14,1435,021477,,7,2,9,4400,0,3,5,,2,300,"PEACEFUL VALLEY DR.","SAN ANDREAS RD",1056.00,N,N,A,-,N,,,,,,,,,,Y,2,0,1,1,A,-,01,23152,A,N,E,I,A,A,H,-,A,D,0,,,,,Y,Y,D,22,1,0,0,0,0,0,0,0,0,"- ","- ",36.923358917236328,-121.83740234375,"SANTA CRUZ",UNINCORPORATED,-121.83786010742188,36.921760559082031
90982665,2019,2019-05-06,9720,2019-04-27,0640,020391,,6,1,9,4400,0,1,3,,2,020,"SR-1 SOUTHBOUND","SOQUEL DR",2640.00,S,N,B,-,Y,,,1,,,,,,S,Y,2,0,1,1,A,-,08,22107,,N,E,I,A,A,H,-,A,D,0,,,,,Y,,A,01,1,0,0,0,0,0,0,0,0,"- ","- ",36.984569549560547,-121.976806640625,"SANTA CRUZ",UNINCORPORATED,-121.97679138183594,36.984657287597656
90984393,2019,2019-05-08,9720,2019-05-01,1630,021714,,3,2,9,4400,0,1,3,,2,020,"SR-1 S/B","PARK AVE",1056.00,N,N,A,-,Y,,,1,,,,,,S,Y,2,0,1,2,A,-,03,22350,,N,C,C,A,A,H,-,A,D,0,,,,,Y,,A,08,1,0,0,0,0,0,0,0,0,"- ","- ",36.983940124511719,-121.94316864013672,"SANTA CRUZ",UNINCORPORATED,-121.94316864013672,36.983936309814453
90987579,2019,2019-05-13,9720,2019-05-07,1033,014931,,2,1,9,4400,0,3,5,,2,300,"BUENA VISTA DR","NORTH DR",272.00,W,N,B,-,N,,,,,,,,,,Y,2,0,1,1,A,-,08,22107,,N,E,I,A,A,H,-,A,D,0,,,,,Y,,D,22,1,0,0,0,0,0,0,0,0,"- ","- ",36.939620971679688,-121.78904724121094,"SANTA CRUZ",UNINCORPORATED,-121.78885650634766,36.939735412597656
90992597,2019,2019-05-21,9720,2019-05-11,1648,021860,,6,2,9,4400,0,3,5,,2,100,"LOCKHART GULCH RD","GEYER RD",1056.00,N,N,A,-,N,,,,,,,,,,Y,2,0,1,1,A,-,08,22107,,N,E,I,A,A,H,-,A,D,0,,,,,Y,,A,07,1,0,0,0,0,0,0,0,0,"- ","- ",37.059368133544922,-122.03366851806641,"SANTA CRUZ",UNINCORPORATED,-122.03462982177734,37.0601806640625
91005445,2019,2019-06-07,9720,2019-06-01,1835,021806,,6,2,9,4400,0,3,5,,2,100,"MT. HERMON RD.","GRAHAM HILL RD",528.00,S,N,A,-,N,,,,,,,,,,Y,2,0,1,2,A,-,05,21460,A,N,B,C,A,A,H,-,A,D,0,,,Y,,Y,,C,02,1,0,0,0,0,0,0,0,1,"- ","- ",37.0535888671875,-122.06925201416016,"SANTA CRUZ",UNINCORPORATED,-122.07051086425781,37.052028656005859
91005471,2019,2019-06-07,9720,2019-06-01,1340,021540,,6,1,9,4400,0,3,5,,2,200,"BRANCIFORTE DR","GLEN CANYON RD",256.00,N,N,A,-,N,,,,,,,,,,Y,2,0,1,1,A,-,08,22107,,N,E,J,A,A,H,-,A,D,0,,,,,Y,,D,22,1,0,0,0,0,0,0,0,0,"- ","- ",36.998611450195312,-122.00827026367188,"SANTA CRUZ",UNINCORPORATED,-122.00844573974609,36.998577117919922
91005831,2019,2019-06-07,9720,2019-05-31,1015,021227,,5,1,9,4400,0,3,5,,2,300,"SAN ANDREAS RD","LA PLAYA BLVD",2112.00,N,N,A,-,N,,,,,,,,,,Y,2,0,2,2,A,-,01,23152,A,N,A,C,A,A,H,-,A,D,0,,,,,Y,Y,D,22,2,0,0,0,0,0,0,0,0,"- ","- ",36.945468902587891,-121.86138153076172,"SANTA CRUZ",UNINCORPORATED,-121.86155700683594,36.945537567138672
91024556,2019,2019-07-04,9720,2019-06-26,1445,021877,,3,2,9,4400,0,3,5,,2,200,"SPRECKELS DR","MOOSEHEAD DR",528.00,N,N,A,-,N,,,,,,,,,,N,2,0,1,1,A,-,03,22350,,N,F,A,A,A,H,-,A,D,0,,Y,,,Y,,L,04,1,0,0,0,0,0,1,0,0,"- ","- ",36.973770141601562,-121.90395355224609,"SANTA CRUZ",UNINCORPORATED,-121.90333557128906,36.974727630615234
91024581,2019,2019-07-04,9720,2019-03-11,1630,021548,,1,2,9,4400,0,2,4,,1,024,"CAPITOLA RD.","17TH AVE.",0.00,,Y,A,-,N,,,,,,,,,,N,2,0,1,2,A,-,12,21453,A,N,D,G,A,A,H,-,A,A,0,,Y,,,Y,,L,04,1,0,0,0,0,0,1,0,0,"- ","- ",36.975868225097656,-121.98301696777344,"SANTA CRUZ",UNINCORPORATED,-121.98301696777344,36.975841522216797
91024764,2019,2019-07-05,9720,2019-06-28,1412,021714,,5,2,9,4400,0,1,3,,2,020,"SR-1 N/B","RIO DEL MAR BLVD O/C",7920.00,S,N,A,-,Y,,,1,,,,,,N,Y,2,0,1,1,C,-,18,,,N,E,J,A,A,H,-,A,D,0,,,Y,,Y,,-,"- ",1,0,0,0,0,0,0,0,1,"- ","- ",36.974239349365234,-121.88347625732422,"SANTA CRUZ",UNINCORPORATED,-121.88348388671875,36.974227905273438
91039956,2019,2019-07-29,9720,2019-07-20,1537,021969,,6,2,9,4400,0,3,5,,2,300,"ROGGE LN",SR-129,1000.00,S,N,A,-,N,,,,,,,,,,Y,2,0,1,1,A,-,01,23152,G,N,E,I,A,A,H,-,A,D,0,,,,,Y,Y,A,01,1,0,0,0,0,0,0,0,0,"- ","- ",36.901229858398438,-121.64015960693359,"SANTA CRUZ",UNINCORPORATED,-121.64011383056641,36.901416778564453
91040351,2019,2019-07-29,9720,2019-07-20,2235,021717,,6,3,9,4400,0,1,3,,1,034,"SR-152 E/B","RED HAWK PLACE",2112.00,E,N,A,-,Y,,,152,,,,,,E,Y,2,0,3,1,A,-,01,23152,A,N,F,A,A,A,H,-,D,D,0,,,,,Y,Y,A,01,1,2,0,0,0,0,0,0,0,"- ","- ",36.975601196289062,-121.71476745605469,"SANTA CRUZ",UNINCORPORATED,-121.71475982666016,36.975620269775391
91044902,2019,2019-08-05,9720,2019-07-28,1800,021860,,7,2,9,4400,0,3,5,,2,100,"EMPIRE GRADE RD","PINERIDGE RD",1584.00,N,N,A,-,N,,,,,,,,,,N,2,0,1,1,A,-,08,22107,,N,E,I,A,A,H,-,A,D,0,,,,,Y,Y,D,22,1,0,0,0,0,0,0,0,0,"- ","- ",37.048709869384766,-122.11522674560547,"SANTA CRUZ",UNINCORPORATED,-122.11399078369141,37.04803466796875
91054467,2019,2019-08-19,9720,2019-08-10,1405,021321,,6,2,9,4400,0,3,5,,2,100,"JAMISON CREEK RD","STATE ROUTE 236",2640.00,W,N,A,-,N,,,,,,,,,,N,2,0,1,1,D,-,00,,,N,F,A,A,A,H,-,A,D,0,,Y,,,Y,,-,"- ",1,0,0,0,0,0,1,0,0,"- ","- ",37.149978637695312,-122.16623687744141,"SANTA CRUZ",UNINCORPORATED,-122.16534423828125,37.1497802734375
91055669,2019,2019-08-20,9720,2019-08-15,2110,021321,,4,2,9,4400,0,1,3,,2,020,"RT 1","PARK AVE",2640.00,N,N,A,-,Y,,,1,,,,,,,Y,2,0,1,1,A,-,08,22107,,N,E,I,A,A,H,-,C,D,0,,,,,Y,,A,07,1,0,0,0,0,0,0,0,0,"- ","- ",36.983978271484375,-121.94306182861328,"SANTA CRUZ",UNINCORPORATED,-121.94306182861328,36.983936309814453
91061673,2019,2019-08-28,9720,2019-08-16,2104,021860,,5,2,9,4400,0,1,3,,1,034,SR-152,"PACIFIC VIEW TERRACE",1056.00,W,N,A,-,Y,,,152,,,,,,,Y,2,0,5,3,A,-,05,21460,A,N,A,C,A,A,H,-,D,D,0,,,,,Y,,A,01,2,3,0,0,0,0,0,0,0,"- ","- ",36.984401702880859,-121.71759796142578,"SANTA CRUZ",UNINCORPORATED,-121.71755981445312,36.984477996826172
91065116,2019,2019-09-02,9720,2019-08-21,1705,022162,,3,2,9,4400,0,1,3,,2,020,"SR-1 S/B","SOQUEL AVE",528.00,N,N,A,-,Y,,,1,,,,,,S,Y,2,0,2,4,A,-,03,22350,,N,C,C,A,A,H,-,A,D,0,,,,,Y,,A,01,1,0,1,0,0,0,0,0,0,"- ","- ",36.982841491699219,-121.95989990234375,"SANTA CRUZ",UNINCORPORATED,-121.95990753173828,36.982921600341797
91070266,2019,2019-09-09,9720,2019-06-21,0507,021988,,5,3,9,4400,0,2,4,,1,022,"SOQUEL SAN JOSE RD","LAUREL GLEN RD",113.00,S,N,A,-,N,,,,,,,,,,Y,1,1,1,1,A,-,08,22107,,N,E,I,A,A,H,-,D,D,0,,,,,Y,,A,01,0,1,0,0,0,0,0,0,0,"- ","- ",37.0343017578125,-121.94750213623047,"SANTA CRUZ",UNINCORPORATED,-121.94712066650391,37.032127380371094
91074058,2019,2019-09-13,9720,2019-09-03,1730,021790,,2,2,9,4400,0,2,4,,1,021,"SOQUEL DR","PORTER ST",310.00,E,N,A,-,N,,,,,,,,,,N,2,0,1,2,A,-,10,21950,A,N,G,B,C,A,H,-,A,D,0,Y,,,,Y,Y,A,01,1,0,0,0,1,0,0,0,0,"- ","- ",36.988529205322266,-121.95630645751953,"SANTA CRUZ",UNINCORPORATED,-121.95639038085938,36.988449096679688
91074065,2019,2019-09-13,9720,2019-09-05,0227,022171,,4,3,9,4400,0,1,3,,1,015,SR-9,"PIKE RD",1056.00,S,N,A,-,Y,,,9,,,,,,,Y,2,0,1,1,A,-,01,23152,A,N,F,A,A,A,H,-,D,D,0,,,Y,,Y,Y,C,02,1,0,0,0,0,0,0,0,1,"- ","- ",37.098251342773438,-122.09777069091797,"SANTA CRUZ",UNINCORPORATED,-122.09782409667969,37.098197937011719
91083866,2019,2019-09-26,9720,2019-09-10,0052,021183,,2,3,9,4400,0,1,3,,2,030,"SR-1 S/B","BUENA VISTA DR",3696.00,N,N,A,-,Y,,,1,,,,,,S,Y,2,0,2,2,A,-,01,23152,A,N,C,C,A,A,H,-,D,D,0,,,,,Y,Y,A,01,1,0,1,0,0,0,0,0,0,"- ","- ",36.93511962890625,-121.82318115234375,"SANTA CRUZ",UNINCORPORATED,-121.82317352294922,36.935131072998047
91084036,2019,2019-09-26,9720,2019-09-18,2257,022293,,3,3,9,4400,0,1,3,,1,015,"RT 9","CASCADE AVE",107.00,S,N,A,-,Y,,,9,,,,,,,Y,2,0,1,1,A,-,01,23152,A,N,F,A,A,A,H,-,C,D,0,,,Y,,Y,Y,C,02,1,0,0,0,0,0,0,0,1,"- ","- ",37.107799530029297,-122.10820007324219,"SANTA CRUZ",UNINCORPORATED,-122.10820007324219,37.107799530029297
91100060,2019,2019-10-17,9720,2019-08-28,0301,022171,,3,3,9,4400,0,2,4,,1,024,"PORTOLA DR","41ST AVE",111.00,W,N,B,-,N,,,,,,,,,,Y,2,0,6,1,A,-,08,22107,,N,F,A,A,A,H,-,C,A,0,,,,,Y,,A,07,6,0,0,0,0,0,0,0,0,"- ","- ",36.963348388671875,-121.96552276611328,"SANTA CRUZ",UNINCORPORATED,-121.96527099609375,36.963466644287109
91104360,2019,2019-10-23,9720,2019-10-15,0009,022293,,2,3,9,4400,0,3,5,,2,200,"PORTER ST","MAIN ST",50.00,S,N,A,-,N,,,,,,,,,,N,2,0,1,1,A,-,17,21200,,N,E,J,A,A,H,-,C,D,0,,Y,,,Y,Y,L,04,1,0,0,0,0,0,1,0,0,"- ","- ",36.984149932861328,-121.95725250244141,"SANTA CRUZ",UNINCORPORATED,-121.95718383789062,36.984024047851562
91109234,2019,2019-10-29,9720,2019-10-24,1525,020012,,4,2,5,4402,0,1,3,,2,020,"SR-1 N/B","STATE PARD DR",2640.00,N,N,A,-,Y,,,,,,,,,,Y,2,0,1,2,A,-,01,23152,A,N,B,C,A,A,H,-,A,D,0,,,Y,,Y,Y,C,02,1,0,0,0,0,0,0,0,1,"- ","- ",36.982490539550781,-121.92159271240234,"SANTA CRUZ","SANTA CRUZ",,
91110221,2019,2019-10-30,9720,2019-10-19,1015,021489,,6,1,9,4400,0,1,3,,1,014,SR-9,"SKYLINE DR",200.00,S,N,A,-,Y,,,9,,,,,,,N,2,0,1,2,A,-,03,22350,,N,D,C,A,A,H,-,A,D,0,,Y,,,Y,,L,04,1,0,0,0,0,0,1,0,0,"- ","- ",37.257888793945312,-122.12294769287109,"SANTA CRUZ",UNINCORPORATED,-122.12294006347656,37.257881164550781
91111311,2019,2019-11-01,9720,2019-10-28,0826,022293,,1,1,9,4400,0,1,3,,1,015,SR-9,"LAKEVIEW DR",0.00,,Y,A,-,Y,,,9,,,,,,,Y,2,0,1,2,A,-,09,21802,A,N,D,C,A,A,H,-,A,A,0,,,,,Y,,A,01,1,0,0,0,0,0,0,0,0,"- ","- ",37.038101196289062,-122.06739807128906,"SANTA CRUZ",UNINCORPORATED,-122.06735229492188,37.038169860839844
91116489,2019,2019-11-08,9720,2019-09-03,2108,019848,,2,2,9,4400,0,3,5,,2,300,"LARKIN VALLEY RD","WHITE RD",528.00,E,N,A,-,N,,,,,,,,,,Y,1,1,0,1,A,-,01,23152,A,N,E,I,A,A,H,-,D,D,0,,,,,Y,Y,D,22,0,0,0,0,0,0,0,0,0,"- ","- ",36.957401275634766,-121.85430145263672,"SANTA CRUZ",UNINCORPORATED,-121.85041809082031,36.956390380859375
91117849,2019,2019-11-12,9720,2019-10-02,0845,017642,,3,1,9,4400,0,1,3,,2,020,"SR-1 N/B","PARK AVE",1584.00,S,N,B,-,Y,,,1,,,,,,N,Y,2,0,1,2,A,-,03,22350,,N,C,C,A,A,H,-,A,D,0,,,,,Y,,A,07,1,0,0,0,0,0,0,0,0,"- ","- ",36.983928680419922,-121.93216705322266,"SANTA CRUZ",UNINCORPORATED,-121.93216705322266,36.983985900878906
91118291,2019,2019-11-12,9720,2019-11-04,1318,014931,,1,1,9,4400,0,1,3,,2,030,"SR-1 N/B","MAR MONTE AVE",4752.00,S,N,A,-,Y,,,1,,,,,,N,Y,2,0,1,2,A,-,03,22350,,N,B,C,A,A,H,-,A,D,0,,,,,Y,,D,22,1,0,0,0,0,0,0,0,0,"- ","- ",36.941699981689453,-121.83944702148438,"SANTA CRUZ",UNINCORPORATED,-121.83940887451172,36.941776275634766
91123661,2019,2019-11-19,9720,2019-11-09,2353,022125,,6,3,9,4400,0,3,5,,2,100,"E ZAYANTE RD.","E CREEK RD.",50.00,N,N,A,-,N,,,,,,,,,,Y,2,0,1,1,A,-,03,22350,,F,E,I,A,A,H,-,D,D,0,,,,,Y,Y,A,01,1,0,0,0,0,0,0,0,0,"- ","- ",37.099929809570312,-122.03408050537109,"SANTA CRUZ",UNINCORPORATED,-122.0352783203125,37.100109100341797
91134812,2019,2019-12-03,9720,2019-11-23,2032,021860,,6,2,9,4400,0,1,3,,1,015,"SR-9 N/B","CALIFORNIA DR",1056.00,N,N,A,-,Y,,,9,,,,,,N,Y,2,0,1,1,A,-,08,22107,,N,E,I,A,A,H,-,D,D,0,,,,,Y,Y,A,01,1,0,0,0,0,0,0,0,0,"- ","- ",37.097900390625,-122.09770202636719,"SANTA CRUZ",UNINCORPORATED,-122.09767913818359,37.097904205322266
91134891,2019,2019-12-03,9720,2019-11-23,0500,021940,,6,3,9,4400,0,3,5,,2,300,"WHITING RD","MIGOTTI WAY",730.00,W,N,A,-,N,,,,,,,,,,Y,2,0,1,1,A,-,01,23152,A,N,E,J,A,A,H,-,C,D,0,,,,,Y,Y,A,01,1,0,0,0,0,0,0,0,0,"- ","- ",36.956390380859375,-121.73816680908203,"SANTA CRUZ",UNINCORPORATED,-121.73812103271484,36.956462860107422
91135299,2019,2019-12-04,9720,2019-09-20,1952,021806,,5,2,9,4400,0,1,3,,2,020,"SR-1 S/B","SOQUEL DR. O/C",336.00,N,N,A,-,Y,,,,,,,,,,Y,1,1,0,2,A,-,01,23152,G,N,B,C,A,A,D,-,D,D,0,,,Y,,Y,Y,C,02,0,0,0,0,0,0,0,1,0,"- ","- ",36.966800689697266,-121.88259887695312,"SANTA CRUZ",UNINCORPORATED,,
91144896,2019,2019-12-17,9720,2019-12-06,0100,022044,,5,3,5,4402,0,3,5,,2,100,"SOQUEL AVE","OCEAN ST",25.00,N,N,B,-,N,,,,,,,,,,Y,2,0,1,1,A,-,03,22350,,N,E,I,A,A,H,-,C,D,0,,,Y,,Y,,C,02,1,0,0,0,0,0,0,0,1,"- ","- ",36.582801818847656,-122.18589782714844,"SANTA CRUZ","SANTA CRUZ",-122.01882934570312,36.974578857421875
91150723,2019,2019-12-23,9720,2019-12-18,1028,017642,,3,1,9,4400,0,1,3,,1,035,SR-129,"OLD CHITTENDEN RD",0.00,,Y,B,-,Y,,,129,,,,,,,Y,2,0,2,2,A,-,09,21801,A,N,A,C,A,B,H,-,A,A,0,,,,,Y,,A,01,1,1,0,0,0,0,0,0,0,"- ","- ",36.900810241699219,-121.59803771972656,"SANTA CRUZ",UNINCORPORATED,-121.59811401367188,36.900680541992188
91160805,2019,2020-01-07,9720,2019-12-28,0705,022399,,6,1,9,4400,0,2,4,,1,016,"GRAHAM HILL RD","SUMMIT AVE",1584.00,S,N,A,-,N,,,,,,,,,,Y,2,0,2,1,A,-,08,22107,,N,E,I,A,A,H,-,B,D,0,,,,,Y,,A,07,1,1,0,0,0,0,0,0,0,"- ","- ",37.046588897705078,-122.05709838867188,"SANTA CRUZ",UNINCORPORATED,-122.06401824951172,37.047492980957031
91185758,2020,2020-02-12,9720,2020-01-31,0815,021248,,5,1,9,4400,0,3,5,,2,200,"N RODEO GULCH RD","HIDDEN VALLEY RD",528.00,N,N,A,-,N,,,,,,,,,,Y,2,0,1,1,A,-,05,21460,A,N,F,A,A,A,H,-,A,D,0,,,,,Y,,A,01,1,0,0,0,0,0,0,0,0,"- ","- ",37.015430450439453,-121.96196746826172,"SANTA CRUZ",UNINCORPORATED,-121.96237182617188,37.014442443847656
91191911,2019,2020-02-24,9720,2019-09-24,0650,021211,,2,1,9,4400,0,1,3,,1,015,SR-9,"GLENGARRY RD",2112.00,S,N,A,-,Y,,,9,,,,,,,Y,1,1,0,1,A,-,05,21460,A,N,F,A,A,A,H,-,A,D,0,,,Y,,Y,,C,02,0,0,0,0,0,0,0,1,0,"- ","- ",37.030101776123047,-122.05879974365234,"SANTA CRUZ",UNINCORPORATED,-122.05889892578125,37.030071258544922
91201851,2020,2020-03-04,9720,2020-02-11,1605,022523,,2,2,9,4400,0,3,5,,2,200,"CENTER AVE.","EL CAMINO DEL MAR",0.00,,Y,A,-,N,,,,,,,,,,N,2,0,1,2,A,-,09,21801,A,N,D,G,A,A,H,-,A,D,0,,Y,,,Y,,A,01,1,0,0,0,0,0,1,0,0,"- ","- ",36.974601745605469,-121.90699768066406,"SANTA CRUZ",UNINCORPORATED,-121.90692901611328,36.974620819091797
91206256,2020,2020-03-11,9720,2020-02-28,1700,022400,,5,2,9,4400,0,3,5,,2,100,"KINGS CREEK RD","SUNBEAM AVE",3168.00,N,N,A,-,Y,,,,,,,,,,N,2,0,1,2,A,-,03,22350,,N,A,E,A,A,H,-,A,D,0,,,Y,,Y,,C,02,1,0,0,0,0,0,0,0,1,"- ","- ",37.166980743408203,-122.12246704101562,"SANTA CRUZ",UNINCORPORATED,-122.12258148193359,37.166080474853516
91210127,2020,2020-03-17,9720,2020-03-07,1220,022511,,6,1,9,4400,0,1,3,,1,035,SR-129,"MURPHY CROSSING RD",3950.00,E,N,B,-,Y,,,129,,,,,,,Y,2,0,3,2,A,-,05,21460,A,F,A,C,A,A,H,-,A,D,0,,,,,Y,,A,01,2,1,0,0,0,0,0,0,0,"- ","- ",36.914348602294922,-121.66793060302734,"SANTA CRUZ",UNINCORPORATED,-121.66793060302734,36.914371490478516
91226567,2020,2020-04-16,9720,2020-04-08,1626,022125,,3,2,9,4400,0,3,5,,2,100,"SMITH GRADE","MOORE RANCH RD",98.00,W,N,A,-,N,,,,,,,,,,Y,2,0,1,1,A,-,01,23152,A,N,E,I,A,A,H,-,A,D,0,,,,,Y,Y,A,01,1,0,0,0,0,0,0,0,0,"- ","- ",37.016151428222656,-122.11168670654297,"SANTA CRUZ",UNINCORPORATED,-122.11199188232422,37.016231536865234
91227591,2020,2020-04-20,9720,2020-04-14,1640,021053,,2,2,9,4400,0,1,3,,1,014,SR-9,"W PARK AVE.",100.00,S,N,A,-,Y,,,9,,,,,,,N,2,0,1,2,A,-,03,22350,,N,C,C,A,A,H,-,A,D,0,,,Y,,Y,,C,02,1,0,0,0,0,0,0,0,1,"- ","- ",37.127101898193359,-122.122802734375,"SANTA CRUZ",UNINCORPORATED,-122.12285614013672,37.127082824707031