CASE_ID,ACCIDENT_YEAR,PROC_DATE,JURIS,COLLISION_DATE,COLLISION_TIME,OFFICER_ID,REPORTING_DISTRICT,DAY_OF_WEEK,CHP_SHIFT,POPULATION,CNTY_CITY_LOC,SPECIAL_COND,BEAT_TYPE,CHP_BEAT_TYPE,CITY_DIVISION_LAPD,CHP_BEAT_CLASS,BEAT_NUMBER,PRIMARY_RD,SECONDARY_RD,DISTANCE,DIRECTION,INTERSECTION,WEATHER_1,WEATHER_2,STATE_HWY_IND,CALTRANS_COUNTY,CALTRANS_DISTRICT,STATE_ROUTE,ROUTE_SUFFIX,POSTMILE_PREFIX,POSTMILE,LOCATION_TYPE,RAMP_INTERSECTION,SIDE_OF_HWY,TOW_AWAY,COLLISION_SEVERITY,NUMBER_KILLED,NUMBER_INJURED,PARTY_COUNT,PRIMARY_COLL_FACTOR,PCF_CODE_OF_VIOL,PCF_VIOL_CATEGORY,PCF_VIOLATION,PCF_VIOL_SUBSECTION,HIT_AND_RUN,TYPE_OF_COLLISION,MVIW,PED_ACTION,ROAD_SURFACE,ROAD_COND_1,ROAD_COND_2,LIGHTING,CONTROL_DEVICE,CHP_ROAD_TYPE,PEDESTRIAN_ACCIDENT,BICYCLE_ACCIDENT,MOTORCYCLE_ACCIDENT,TRUCK_ACCIDENT,NOT_PRIVATE_PROPERTY,ALCOHOL_INVOLVED,STWD_VEHTYPE_AT_FAULT,CHP_VEHTYPE_AT_FAULT,COUNT_SEVERE_INJ,COUNT_VISIBLE_INJ,COUNT_COMPLAINT_PAIN,COUNT_PED_KILLED,COUNT_PED_INJURED,COUNT_BICYCLIST_KILLED,COUNT_BICYCLIST_INJURED,COUNT_MC_KILLED,COUNT_MC_INJURED,PRIMARY_RAMP,SECONDARY_RAMP,LATITUDE,LONGITUDE,COUNTY,CITY,POINT_X,POINT_Y
91231034,2020,2020-04-29,9720,2020-04-27,1317,014931,,1,1,9,4400,0,3,5,,2,300,"BEACH RD","PANABAKER RD",1056.00,W,N,A,-,N,,,,,,,,,,Y,2,0,2,2,A,-,05,21650,,N,A,C,A,A,H,-,A,D,0,,,,,Y,,D,22,1,1,0,0,0,0,0,0,0,"- ","- ",36.888069152832031,-121.79080200195312,"SANTA CRUZ",UNINCORPORATED,-121.79080200195312,36.88800048828125
91234368,2020,2020-05-06,9720,2020-04-30,1827,022511,,4,2,9,4400,0,2,4,,1,021,"SOQUEL DR","CAPITOLA AVE",0.00,,Y,A,-,N,,,,,,,,,,N,2,0,1,2,A,-,10,21950,A,N,G,B,B,A,H,-,A,A,0,Y,,,,Y,,A,01,1,0,0,0,1,0,0,0,0,"- ","- ",36.987129211425781,-121.95108795166016,"SANTA CRUZ",UNINCORPORATED,-121.95115661621094,36.987190246582031
91246585,2020,2020-07-07,9720,2020-04-11,1515,022140,,6,2,9,4400,0,3,5,,2,300,"EUREKA CANYON RD","GERONIMO WAY",130.00,S,N,B,-,N,,,,,,,,,,Y,1,2,0,1,A,-,08,22107,,N,E,J,A,A,H,-,A,D,0,,,,,Y,,A,01,0,0,0,0,0,0,0,0,0,"- ","- ",36.996170043945312,-121.80506134033203,"SANTA CRUZ",UNINCORPORATED,-121.80502319335938,36.996337890625
91247550,2020,2020-06-04,9720,2020-05-25,1544,022511,,1,2,9,4400,0,2,4,,1,016,"GRAHAM HILL RD","SUMMIT AVE",2640.00,E,N,A,-,N,,,,,,,,,,Y,2,0,2,1,A,-,08,22107,,F,E,I,A,A,H,-,A,D,0,,,,,Y,,A,01,2,0,0,0,0,0,0,0,0,"- ","- ",37.04364013671875,-122.05249786376953,"SANTA CRUZ",UNINCORPORATED,-122.05256652832031,37.043613433837891
91254784,2020,2021-05-18,9720,2020-06-10,1028,021211,,3,1,9,4400,0,1,3,,1,010,SR-1,"COAST RD",528.00,S,N,A,-,Y,,,1,,,,,,,Y,2,0,1,2,A,-,05,21460,A,F,B,C,A,A,H,-,A,D,0,,,,,Y,,A,07,1,0,0,0,0,0,0,0,0,"- ","- ",36.962001800537109,-122.08589935302734,"SANTA CRUZ",UNINCORPORATED,-122.08590698242188,36.962089538574219
91260620,2020,2020-06-30,9720,2020-06-20,1505,021806,,6,2,9,4400,0,2,4,,1,021,"SOQUEL DR","ROBERTSON RD.",0.00,,Y,A,-,N,,,,,,,,,,N,2,0,2,3,A,-,10,21950,A,N,G,B,B,A,H,-,A,D,0,Y,,,,Y,,A,07,1,1,0,0,2,0,0,0,0,"- ","- ",36.987800598144531,-121.96050262451172,"SANTA CRUZ",UNINCORPORATED,-121.96053314208984,36.987751007080078
91260676,2020,2020-06-30,9720,2020-06-19,1320,021211,,5,1,9,4400,0,3,5,,2,300,"BUENA VISTA DR","WHISKEY HILL RD",60.00,E,N,B,-,N,,,,,,,,,,N,2,0,1,1,A,-,08,22107,,N,F,A,A,A,H,-,A,D,0,,,Y,,Y,,C,02,1,0,0,0,0,0,0,0,1,"- ","- ",36.917499542236328,-121.82489776611328,"SANTA CRUZ",UNINCORPORATED,-121.824951171875,36.917404174804688
9126316,2020,2020-08-07,4402,2020-04-29,0625,189,4402,3,5,5,4402,0,0,0,,0,000,"SAN LORENZO PARK","WATER ST",0.00,,Y,A,-,N,,,,,,,,,,N,2,0,1,2,A,-,21,22106,,N,G,B,F,A,G,H,A,D,0,Y,,,Y,Y,,F,86,1,0,0,0,1,0,0,0,0,"- ","- ",,,"SANTA CRUZ","SANTA CRUZ",,
91264804,2020,2020-07-07,9720,2020-07-03,1300,014653,,5,1,4,4403,0,1,3,,2,030,"SR-1 S/B","HARKINS SLOUGH",100.00,S,N,A,-,Y,,,1,,,,,,S,Y,2,0,4,4,A,-,03,22350,,N,C,C,A,A,H,-,A,D,0,,,,,Y,,A,01,1,3,0,0,0,0,0,0,0,"- ","- ",36.905319213867188,-121.78119659423828,"SANTA CRUZ",WATSONVILLE,-121.78121948242188,36.905307769775391
91270843,2020,2020-07-20,9720,2020-07-09,2350,022399,,4,3,9,4400,0,3,5,,2,300,"LAKEVIEW RD",SR-129,2112.00,N,N,A,-,N,,,,,,,,,,Y,2,0,1,1,A,-,01,23152,A,N,E,I,A,A,H,-,D,D,0,,,,,Y,Y,D,22,1,0,0,0,0,0,0,0,0,"- ","- ",36.922500610351562,-121.73224639892578,"SANTA CRUZ",UNINCORPORATED,-121.73217010498047,36.922534942626953
91303266,2020,2020-09-11,9720,2020-09-02,1530,021714,,3,2,9,4400,0,2,4,,1,023,"7TH AVE","MANOR AVE",528.00,S,N,A,-,N,,,,,,,,,,N,2,0,1,2,A,-,09,21804,A,N,H,G,A,A,H,-,A,D,0,,Y,,,Y,,D,22,1,0,0,0,0,0,1,0,0,"- ","- ",36.973300933837891,-121.99520111083984,"SANTA CRUZ",UNINCORPORATED,-121.99552917480469,36.972900390625
91304304,2020,2020-09-14,9720,2020-09-10,1850,021053,,4,2,9,4400,0,2,4,,1,031,"FREEDOM BLVD","APPLETREE LN",300.00,W,N,B,-,N,,,,,,,,,,N,2,0,1,2,A,-,09,21804,A,N,D,G,A,A,H,-,B,D,0,,Y,,,Y,,A,01,1,0,0,0,0,0,1,0,0,"- ","- ",36.954601287841797,-121.79859924316406,"SANTA CRUZ",UNINCORPORATED,-121.79869842529297,36.954685211181641
91305607,2020,2020-09-16,9720,2020-09-09,0015,021702,,3,3,9,4400,0,1,3,,2,020,"SR-1 S/B","BRANCIFORTE AVE",100.00,S,N,A,-,Y,,,,,,,,,,N,2,0,1,1,A,-,03,22350,,N,E,J,A,A,D,-,C,A,0,,,Y,,Y,,C,02,1,0,0,0,0,0,0,0,1,"- ","- ",36.988399505615234,-122.01069641113281,"SANTA CRUZ",UNINCORPORATED,,
91319163,2020,2020-10-07,9720,2020-09-26,0355,021806,,6,3,5,4402,0,2,4,,1,031,"FREEDOM BLVD","PISTA LN",270.00,N,N,A,-,N,,,,,,,,,,Y,2,0,1,2,A,-,01,23152,A,N,C,E,A,A,H,-,D,D,0,,,,,Y,Y,A,01,1,0,0,0,0,0,0,0,0,"- ","- ",36.943641662597656,-121.78621673583984,"SANTA CRUZ","SANTA CRUZ",-121.78575897216797,36.943351745605469
91338237,2020,2020-11-03,9720,2020-10-26,1950,021806,,1,2,9,4400,0,2,4,,1,023,"17TH AVE","KINSLEY ST",210.00,S,N,A,-,N,,,,,,,,,,Y,2,0,1,1,A,-,08,22107,,N,E,I,A,A,H,-,D,D,0,,,,,Y,,A,07,1,0,0,0,0,0,0,0,0,"- ","- ",36.969291687011719,-121.98512268066406,"SANTA CRUZ",UNINCORPORATED,-121.98501586914062,36.969295501708984
91346679,2020,2020-11-17,9720,2020-11-07,1710,022511,,6,2,9,4400,0,2,4,,1,031,"FREEDOM BLVD","REDWOOD HEIGHTS RD",528.00,W,N,A,-,N,,,,,,,,,,Y,2,0,2,2,A,-,01,23152,A,N,A,C,A,A,H,-,B,D,0,,,,,Y,Y,D,22,2,0,0,0,0,0,0,0,0,"- ","- ",36.987400054931641,-121.84349060058594,"SANTA CRUZ",UNINCORPORATED,-121.84349060058594,36.987400054931641
91347012,2020,2020-11-17,9720,2020-11-05,1035,021489,,4,1,9,4400,0,2,4,,1,021,"SOQUEL DR","STANELY AVE",53.70,E,N,A,-,N,,,,,,,,,,Y,2,0,1,2,A,-,09,21801,A,N,D,C,A,A,H,-,A,D,0,,,,Y,Y,,F,27,1,0,0,0,0,0,0,0,0,"- ","- ",36.987998962402344,-121.97312164306641,"SANTA CRUZ",UNINCORPORATED,-121.97313690185547,36.987991333007812
91351340,2020,2020-11-23,9720,2020-11-14,2200,022399,,6,3,9,4400,0,1,3,,1,017,"SR-17 S/B","GLENWOOD DR",1021.00,S,N,A,-,Y,,,17,,,,,,S,Y,2,0,2,1,A,-,01,23152,A,N,E,I,A,A,H,-,D,D,0,,,,,Y,Y,A,07,2,0,0,0,0,0,0,0,0,"- ","- ",37.11724853515625,-121.97557067871094,"SANTA CRUZ",UNINCORPORATED,-121.97547149658203,37.117183685302734
91354432,2020,2020-11-27,9720,2020-11-17,1905,022564,,2,2,9,4400,0,2,4,,1,024,"CAPITOLA RD","JOSE AVE",32.00,E,N,B,-,N,,,,,,,,,,Y,2,0,1,1,A,-,01,23152,F,M,E,I,A,B,H,-,C,D,0,,,,,Y,,D,22,1,0,0,0,0,0,0,0,0,"- ","- ",36.977909088134766,-121.98909759521484,"SANTA CRUZ",UNINCORPORATED,-121.98912048339844,36.977916717529297
91360651,2020,2020-12-24,9720,2020-10-30,1214,021489,,5,1,9,4400,0,3,5,,2,200,"RIO DEL MAR BLVD","APTOS BEACH DR",90.00,S,N,A,-,N,,,,,,,,,,N,1,1,0,3,A,-,17,21200,,N,H,E,A,A,H,-,A,D,0,,Y,,,Y,Y,L,04,0,0,0,0,0,1,0,0,0,"- ","- ",36.969341278076172,-121.90541076660156,"SANTA CRUZ",UNINCORPORATED,-121.89717102050781,36.970893859863281
91363796,2020,2020-12-10,9720,2020-11-05,1700,021806,,4,2,9,4400,0,2,4,,1,031,"FREEDOM BOULEVARD","VALENCIA ROAD",0.00,,Y,A,-,N,,,,,,,,,,Y,1,1,1,2,A,-,09,21801,A,N,D,C,A,A,H,-,B,D,0,,,,,Y,,A,08,0,1,0,0,0,0,0,0,0,"- ","- ",36.981590270996094,-121.86443328857422,"SANTA CRUZ",UNINCORPORATED,-121.86441802978516,36.981548309326172
91367471,2020,2020-12-15,9720,2020-12-04,1351,020012,,5,1,9,4400,0,2,4,,1,031,"FREEDOM BLVD","SABINA WAY",585.00,N,N,A,-,N,,,,,,,,,,Y,2,0,1,2,A,-,01,23152,A,N,G,B,D,A,H,-,A,D,0,Y,,,,Y,,A,01,1,0,0,0,1,0,0,0,0,"- ","- ",36.974018096923828,-121.87039947509766,"SANTA CRUZ",UNINCORPORATED,-121.87049102783203,36.974010467529297
91376105,2020,2022-04-18,9720,2020-03-09,1801,020391,,1,2,9,4400,0,1,3,,1,035,SR-129,"ROGGE LN",4805.00,W,N,B,-,Y,,,129,,,,,,,Y,1,1,1,2,A,-,05,21460,A,N,A,C,A,A,H,-,A,D,0,,,,,Y,Y,D,22,0,0,1,0,0,0,0,0,0,"- ","- ",36.911750793457031,-121.65232849121094,"SANTA CRUZ",UNINCORPORATED,-121.65235137939453,36.911739349365234
91376802,2020,2020-12-29,9720,2020-12-21,1955,022545,,1,2,9,4400,0,3,5,,2,200,"TROUT GULCH RD","FERN FLAT RD",940.00,S,N,A,-,N,,,,,,,,,,Y,2,0,1,1,A,-,01,23152,A,N,E,I,A,A,H,-,D,D,0,,,,,Y,Y,A,01,1,0,0,0,0,0,0,0,0,"- ","- ",37.024059295654297,-121.88459014892578,"SANTA CRUZ",UNINCORPORATED,-121.88043212890625,37.020969390869141
91378292,2020,2021-01-07,9720,2020-12-19,1740,022140,,6,2,9,4400,0,2,4,,1,021,"SOQUEL DR","N RODEO GULCH RD",0.00,,Y,A,-,N,,,,,,,,,,Y,2,0,1,2,A,-,03,22350,,N,H,G,A,A,H,-,C,A,0,,Y,,,Y,,A,01,1,0,0,0,0,0,1,0,0,"- ","- ",36.987659454345703,-121.96945953369141,"SANTA CRUZ",UNINCORPORATED,-121.96955871582031,36.98760986328125
91379437,2020,2021-01-04,9720,2020-12-26,1738,022290,,6,2,9,4400,0,3,5,,2,100,"FELTON EMPIRE RD","EMPIRE GRADE RD",5280.00,E,N,A,-,N,,,,,,,,,,Y,2,0,2,1,A,-,01,23152,A,N,E,I,A,B,H,-,D,D,0,,,,,Y,Y,D,22,2,0,0,0,0,0,0,0,0,"- ","- ",37.056320190429688,-122.10201263427734,"SANTA CRUZ",UNINCORPORATED,-122.10882568359375,37.059555053710938
91385999,2021,2021-01-12,9720,2021-01-02,0601,022564,,6,1,5,4402,0,1,3,,1,035,SR-129,"ROGGE LN",4752.00,W,N,B,-,Y,,,,,,,,,,Y,2,0,1,1,A,-,03,22350,,N,E,I,A,B,H,-,D,D,0,,,,,Y,,A,07,1,0,0,0,0,0,0,0,0,"- ","- ",36.910781860351562,-121.65180206298828,"SANTA CRUZ","SANTA CRUZ",-121.65125274658203,36.909904479980469
91389891,2021,2021-01-18,9720,2021-01-08,1209,021714,,5,1,9,4400,0,3,5,,2,200,"N. RODEO GULCH RD.","RODEO RIDGE RD.",1056.00,S,N,A,-,N,,,,,,,,,,Y,2,0,2,2,A,-,01,23152,F,N,A,C,A,A,H,-,A,D,0,,,Y,,Y,,A,01,1,1,0,0,0,0,0,0,1,"- ","- ",36.996879577636719,-121.97090911865234,"SANTA CRUZ",UNINCORPORATED,-121.96959686279297,37.002006530761719
91400016,2021,2021-02-01,9720,2021-01-20,1755,022545,,3,2,9,4400,0,1,3,,2,020,"SR-1 N/B","STATE PARD DR",550.00,N,N,A,-,Y,,,1,,,,,,N,N,2,0,1,2,A,-,01,23152,A,M,C,C,A,A,H,-,B,D,0,,,Y,,Y,Y,C,02,1,0,0,0,0,0,0,0,1,"- ","- ",36.9788818359375,-121.91195678710938,"SANTA CRUZ",UNINCORPORATED,-121.91194152832031,36.978908538818359
91400835,2021,2021-02-02,9720,2021-01-10,2145,022162,,7,2,9,4400,0,3,5,,2,200,"EL RANCHO DR","HUNT CT",826.00,N,N,A,-,N,,,,,,,,,,Y,1,1,1,1,A,-,01,23152,G,N,E,I,A,A,H,-,D,D,0,,,,,Y,Y,A,01,1,0,0,0,0,0,0,0,0,"- ","- ",37.013130187988281,-122.02340698242188,"SANTA CRUZ",UNINCORPORATED,-122.02338409423828,37.013191223144531
91412165,2021,2021-02-22,9720,2021-02-12,1110,021248,,5,1,9,4400,0,3,5,,2,200,"DAY VALLEY RD","DAY VALLEY VIEW",0.00,,Y,A,-,N,,,,,,,,,,N,2,0,2,2,C,-,18,,,N,F,A,A,A,H,-,A,D,0,,Y,,,Y,,-,"- ",1,1,0,0,0,0,2,0,0,"- ","- ",36.992881774902344,-121.84284210205078,"SANTA CRUZ",UNINCORPORATED,-121.84315490722656,36.993068695068359
91426077,2021,2021-03-12,9720,2021-01-13,1815,021548,,3,2,9,4400,0,3,5,,2,200,"SUMMIT ROAD","TIMMUS LANE",485.00,W,N,A,-,N,,,,,,,,,,Y,1,1,0,1,A,-,08,22107,,N,E,I,A,A,H,-,D,D,0,,,,,Y,,D,22,0,0,0,0,0,0,0,0,0,"- ","- ",37.1285400390625,-121.95121002197266,"SANTA CRUZ",UNINCORPORATED,-121.95115661621094,37.128520965576172
91430215,2021,2021-03-18,9720,2021-01-23,1755,022511,,6,2,9,4400,0,3,5,,2,200,"SUMNER AVENUE","DOLPHIN DRIVE",446.00,S,N,A,-,N,,,,,,,,,,N,1,1,0,1,A,-,01,23152,A,N,E,I,A,A,H,-,B,D,0,,,Y,,Y,Y,O,05,0,0,0,0,0,0,0,1,0,"- ","- ",36.953170776367188,-121.87837219238281,"SANTA CRUZ",UNINCORPORATED,-121.8782958984375,36.952980041503906
91437428,2021,2021-03-29,9720,2021-03-20,1200,020977,,6,1,9,4400,0,1,3,,1,013,"SUMMIT RD","SOQUEL SAN JOSE ROAD",0.00,,Y,A,-,N,,,,,,,,,,N,2,0,1,1,A,-,03,22350,,N,E,I,A,A,H,-,A,A,0,,,,,Y,,M,94,1,0,0,0,0,0,0,0,0,"- ","- ",37.118740081787109,-121.92552185058594,"SANTA CRUZ",UNINCORPORATED,-121.92542266845703,37.118709564208984
91440171,2021,2021-03-31,9720,2021-03-19,2144,022400,,5,2,9,4400,0,2,4,,1,016,"GRAHAM HILL RD","NEPENTHE DR",130.00,S,N,A,-,Y,,,,,,,,,,Y,2,0,1,2,A,-,05,21460,A,N,B,C,A,A,H,-,D,D,0,,,Y,,Y,,C,02,1,0,0,0,0,0,0,0,1,"- ","- ",37.014419555664062,-122.03421783447266,"SANTA CRUZ",UNINCORPORATED,-122.03422546386719,37.014286041259766
91444134,2021,2021-04-06,9720,2021-03-26,1430,018171,,5,2,9,4400,0,2,4,,1,021,"DOLPHIN DRIVE","DRIFTWOOD COURT",0.00,,Y,A,-,N,,,,,,,,,,N,2,0,1,2,A,-,08,22107,,N,B,G,A,A,H,-,A,D,0,,Y,,,Y,,L,04,1,0,0,0,0,0,1,0,0,"- ","- ",36.955608367919922,-121.87412261962891,"SANTA CRUZ",UNINCORPORATED,-121.87409210205078,36.955619812011719
91444387,2021,2021-04-06,9720,2021-03-27,1245,021714,,6,1,9,4400,0,2,4,,1,021,"SOQUEL DR","S. RODEO GULCH RD.",0.00,,Y,A,-,N,,,,,,,,,,Y,2,0,1,2,A,-,07,21658,A,N,B,C,A,A,H,-,A,D,0,,,Y,,Y,,C,02,1,0,0,0,0,0,0,0,1,"- ","- ",36.987560272216797,-121.96949768066406,"SANTA CRUZ",UNINCORPORATED,-121.96955871582031,36.987606048583984
91445265,2021,2021-05-11,9720,2021-02-21,0017,022399,,7,3,9,4400,0,1,3,,2,030,"SR-1 S/B","AIRPORT BLVD",255.00,S,N,A,-,Y,,,1,,,,,,S,Y,1,1,2,2,A,-,01,23152,A,N,A,C,A,A,H,-,D,D,0,,,,,Y,Y,A,01,2,0,0,0,0,0,0,0,0,"- ","- ",36.923999786376953,-121.79625701904297,"SANTA CRUZ",UNINCORPORATED,-121.79625701904297,36.924007415771484
91447709,2021,2021-04-12,9720,2021-03-31,1820,022044,,3,2,9,4400,0,1,3,,1,014,"SR-9 N/B","CRESTA DR",1056.00,S,N,A,-,Y,,,9,,,,,,N,Y,2,0,1,1,A,-,01,23152,A,N,E,I,A,A,H,-,A,D,0,,,Y,,Y,Y,C,02,1,0,0,0,0,0,0,0,1,"- ","- ",37.137561798095703,-122.12859344482422,"SANTA CRUZ",UNINCORPORATED,-122.128662109375,37.137504577636719
91460298,2021,2021-04-28,9720,2021-04-20,1703,022545,,2,2,9,4400,0,2,4,,1,016,"GRAHAM HILL RD","LYLE WAY",95.00,S,N,A,-,N,,,,,,,,,,Y,2,0,1,2,A,-,09,21804,A,N,D,C,A,A,H,-,A,D,0,,,Y,,Y,,D,22,1,0,0,0,0,0,0,0,1,"- ","- ",36.998981475830078,-122.02993011474609,"SANTA CRUZ",UNINCORPORATED,-122.02992248535156,36.999008178710938
91473344,2021,2021-05-14,9720,2021-05-05,1320,021714,,3,1,9,4400,0,1,3,,1,010,"DIMEO LN","SR-1 N/B",20.00,E,N,A,-,Y,,,,,,,,,,Y,2,0,1,2,A,-,08,22107,,N,D,C,A,A,H,-,A,D,0,,,,Y,Y,,A,01,1,0,0,0,0,0,0,0,0,"- ","- ",36.964561462402344,-122.10482025146484,"SANTA CRUZ",UNINCORPORATED,-122.1048583984375,36.964603424072266
91474586,2021,2021-05-17,9720,2021-05-08,2025,022140,,6,2,9,4400,0,3,5,,2,200,"35TH AVE","EAST CLIFF DR",60.00,N,N,A,-,N,,,,,,,,,,Y,2,0,2,2,A,-,08,22107,,N,B,E,A,A,H,-,C,D,0,,,,,Y,Y,M,96,1,1,0,0,0,0,0,0,0,"- ","- ",36.957359313964844,-121.97048187255859,"SANTA CRUZ",UNINCORPORATED,-121.970458984375,36.957294464111328
91479602,2021,2021-05-24,9720,2021-05-11,1522,022329,,2,2,9,4400,0,2,4,,1,023,"17TH AVE","BROMMER ST",15.00,S,N,A,-,N,,,,,,,,,,N,2,0,1,2,A,-,08,22107,,N,C,G,A,A,H,-,A,D,0,,Y,,,Y,,A,01,1,0,0,0,0,0,1,0,0,"- ","- ",36.970970153808594,-121.98455047607422,"SANTA CRUZ",UNINCORPORATED,-121.98451232910156,36.971031188964844
91481859,2021,2021-05-27,9720,2021-05-22,2137,022458,,6,2,9,4400,0,2,4,,1,022,"SOQUEL SAN JOSE RD","CONFERENCE GROUND ROAD",528.00,N,N,B,-,N,,,,,,,,,,Y,2,0,1,1,A,-,01,23152,A,N,E,I,A,A,H,-,C,D,0,,,,,Y,Y,D,22,1,0,0,0,0,0,0,0,0,"- ","- ",37.016529083251953,-121.95194244384766,"SANTA CRUZ",UNINCORPORATED,-121.95185852050781,37.015739440917969
91496171,2021,2021-06-14,9720,2021-06-07,1200,022140,,1,1,9,4400,0,3,5,,2,200,"APTOS BEACH DR","WIXON AVENUE",100.00,W,N,A,-,N,,,,,,,,,,N,2,0,1,2,A,-,03,22350,,F,H,G,A,A,H,-,A,D,0,,Y,,,Y,,-,99,1,0,0,0,0,0,1,0,0,"- ","- ",36.971691131591797,-121.90052795410156,"SANTA CRUZ",UNINCORPORATED,-121.90125274658203,36.971778869628906
91510895,2021,2021-07-01,9720,2021-06-20,1545,022290,,7,2,9,4400,0,1,3,,2,020,"SR-1 N/B FROM 41ST AVE","41ST AVE",225.00,N,N,A,-,Y,,,1,,,,R,,N,Y,2,0,4,1,A,-,01,23152,A,N,E,I,A,A,H,-,A,D,0,,,,,Y,Y,A,01,1,3,0,0,0,0,0,0,0,"- ","- ",36.983169555664062,-121.96543121337891,"SANTA CRUZ",UNINCORPORATED,-121.96543121337891,36.983169555664062
91512692,2021,2021-07-05,9720,2021-06-24,0035,022162,,4,3,9,4400,0,1,3,,1,015,"SR-9 N/B","MIDDLE DRIVE",185.00,N,N,A,-,Y,,,9,,,,,,N,Y,2,0,1,1,A,-,01,23152,A,N,E,I,A,A,H,-,D,D,0,,,,,Y,Y,A,08,1,0,0,0,0,0,0,0,0,"- ","- ",37.098201751708984,-122.09774780273438,"SANTA CRUZ",UNINCORPORATED,-122.09780120849609,37.098163604736328
91516102,2020,2022-02-01,9720,2020-12-21,2330,021806,,1,3,9,4400,0,1,3,,1,010,"SR-1 N/B","COAST RD",614.00,N,N,A,-,Y,,,1,,,,,,N,Y,1,1,0,2,D,-,00,,,F,G,B,D,A,H,-,D,D,0,Y,,,,Y,,-,"- ",0,0,0,1,0,0,0,0,0,"- ","- ",36.962211608886719,-122.08033752441406,"SANTA CRUZ",UNINCORPORATED,-122.08033752441406,36.962215423583984
91522131,2021,2021-07-16,9720,2021-07-07,1820,021053,,3,2,9,4400,0,1,3,,1,034,SR-152,"FALLOWFIELD LN",1000.00,E,N,A,-,Y,,,152,,,,,,,Y,2,0,1,1,A,-,08,22107,,M,E,I,A,A,H,-,A,D,0,,,,,Y,,D,22,1,0,0,0,0,0,0,0,0,"- ","- ",36.964900970458984,-121.72100067138672,"SANTA CRUZ",UNINCORPORATED,-121.72107696533203,36.964878082275391
91529583,2021,2021-07-27,9720,2021-07-23,2140,022511,,5,2,9,4400,0,3,5,,2,100,"FELTON EMPIRE RD","KRAZY ARCE LN.",107.00,W,N,A,-,N,,,,,,,,,,Y,2,0,1,1,A,-,03,22350,,N,F,A,A,A,H,-,D,D,0,,,Y,,Y,,C,02,1,0,0,0,0,0,0,0,1,"- ","- ",37.052829742431641,-122.09364318847656,"SANTA CRUZ",UNINCORPORATED,-122.09356689453125,37.052818298339844
91531472,2021,2021-08-12,9720,2021-03-25,1632,021833,,4,2,5,4402,0,1,3,,2,020,"SR-1 S/B","MORRISSEY BLVD",1056.00,N,N,A,-,Y,,,1,,,,,,S,Y,1,1,3,4,A,-,03,22350,,N,C,C,A,A,H,-,A,D,0,,,,,Y,,D,22,1,0,2,0,0,0,0,0,0,"- ","- ",36.988338470458984,-122.00846099853516,"SANTA CRUZ","SANTA CRUZ",-122.00846099853516,36.988388061523438
91534251,2021,2021-08-02,9720,2021-07-28,0005,014931,,3,3,9,4400,0,2,4,,1,032,"GREEN VALLEY RD","WHEELOCK WAY",528.00,E,N,A,-,N,,,,,,,,,,Y,2,0,2,1,A,-,08,22107,,F,E,I,A,A,H,-,D,D,0,,,,,Y,,A,01,1,0,1,0,0,0,0,0,0,"- ","- ",36.978649139404297,-121.77578735351562,"SANTA CRUZ",UNINCORPORATED,-121.77593994140625,36.979000091552734
91539648,2021,2021-08-09,9720,2021-08-01,1300,021321,,7,1,9,4400,0,1,3,,1,034,"STATE ROUTE 152","BELLA VISTA LANE",1450.00,W,N,A,-,Y,,,152,,,,,,,Y,2,0,1,1,A,-,03,22350,,N,E,I,A,A,H,-,A,D,0,,,Y,,Y,,C,02,1,0,0,0,0,0,0,0,1,"- ","- ",36.990261077880859,-121.71636962890625,"SANTA CRUZ",UNINCORPORATED,-121.71630859375,36.990314483642578
91540467,2021,2021-08-09,9720,2021-07-03,1610,022329,,6,2,9,4400,0,3,5,,2,300,"CASSERLY RD","MT. MADONNA",566.00,S,N,A,-,N,,,,,,,,,,Y,2,0,1,1,A,-,01,23152,A,N,E,I,A,A,H,-,A,D,0,,,,,Y,Y,A,01,1,0,0,0,0,0,0,0,0,"- ","- ",36.974849700927734,-121.74250793457031,"SANTA CRUZ",UNINCORPORATED,-121.74234008789062,36.974330902099609