CASE_ID,ACCIDENT_YEAR,PROC_DATE,JURIS,COLLISION_DATE,COLLISION_TIME,OFFICER_ID,REPORTING_DISTRICT,DAY_OF_WEEK,CHP_SHIFT,POPULATION,CNTY_CITY_LOC,SPECIAL_COND,BEAT_TYPE,CHP_BEAT_TYPE,CITY_DIVISION_LAPD,CHP_BEAT_CLASS,BEAT_NUMBER,PRIMARY_RD,SECONDARY_RD,DISTANCE,DIRECTION,INTERSECTION,WEATHER_1,WEATHER_2,STATE_HWY_IND,CALTRANS_COUNTY,CALTRANS_DISTRICT,STATE_ROUTE,ROUTE_SUFFIX,POSTMILE_PREFIX,POSTMILE,LOCATION_TYPE,RAMP_INTERSECTION,SIDE_OF_HWY,TOW_AWAY,COLLISION_SEVERITY,NUMBER_KILLED,NUMBER_INJURED,PARTY_COUNT,PRIMARY_COLL_FACTOR,PCF_CODE_OF_VIOL,PCF_VIOL_CATEGORY,PCF_VIOLATION,PCF_VIOL_SUBSECTION,HIT_AND_RUN,TYPE_OF_COLLISION,MVIW,PED_ACTION,ROAD_SURFACE,ROAD_COND_1,ROAD_COND_2,LIGHTING,CONTROL_DEVICE,CHP_ROAD_TYPE,PEDESTRIAN_ACCIDENT,BICYCLE_ACCIDENT,MOTORCYCLE_ACCIDENT,TRUCK_ACCIDENT,NOT_PRIVATE_PROPERTY,ALCOHOL_INVOLVED,STWD_VEHTYPE_AT_FAULT,CHP_VEHTYPE_AT_FAULT,COUNT_SEVERE_INJ,COUNT_VISIBLE_INJ,COUNT_COMPLAINT_PAIN,COUNT_PED_KILLED,COUNT_PED_INJURED,COUNT_BICYCLIST_KILLED,COUNT_BICYCLIST_INJURED,COUNT_MC_KILLED,COUNT_MC_INJURED,PRIMARY_RAMP,SECONDARY_RAMP,LATITUDE,LONGITUDE,COUNTY,CITY,POINT_X,POINT_Y
91543321,2021,2021-08-12,9720,2021-08-03,2345,022458,,2,3,9,4400,0,3,5,,2,300,"LARKIN VALLEY RD","MANFRE ROAD",317.00,N,N,A,-,N,,,,,,,,,,Y,2,0,1,1,A,-,01,23152,A,N,F,A,A,A,H,-,D,D,0,,,Y,,Y,Y,C,02,1,0,0,0,0,0,0,0,1,"- ","- ",36.927520751953125,-121.80140686035156,"SANTA CRUZ",UNINCORPORATED,-121.80141448974609,36.927658081054688
91547986,2021,2021-08-18,9720,2021-08-09,1250,021321,,1,1,9,4400,0,1,3,,1,015,"RT 9","FOREST STREET",18.00,S,N,A,-,Y,,,9,,,,,,,N,2,0,1,2,A,-,10,21950,A,N,G,B,B,A,H,-,A,D,0,Y,,,,Y,,D,22,1,0,0,0,1,0,0,0,0,"- ","- ",37.123981475830078,-122.12185668945312,"SANTA CRUZ",UNINCORPORATED,-122.12184906005859,37.123981475830078
91564517,2021,2021-09-07,9720,2021-09-01,0732,014931,,3,1,9,4400,0,1,3,,1,035,SR-129,"SR-1 N/B OFF RAMP TO SR-129",0.00,,Y,B,-,Y,,,129,,,,,,,Y,2,0,1,2,A,-,09,21802,A,N,D,C,A,A,H,-,A,A,0,,,,,Y,,A,01,1,0,0,0,0,0,0,0,0,"- ","- ",36.895149230957031,-121.77210235595703,"SANTA CRUZ",UNINCORPORATED,-121.77212524414062,36.895183563232422
91579809,2021,2021-09-27,9720,2021-09-17,2200,022545,,5,3,9,4400,0,3,5,,2,100,"UPPER ZAYANTE RD","UPPER ELLEN RD",3168.00,N,N,B,E,N,,,,,,,,,,N,2,0,2,1,A,-,08,22107,,N,E,I,A,A,H,-,A,D,0,,,,,Y,,D,22,2,0,0,0,0,0,0,0,0,"- ","- ",37.154178619384766,-122.01175689697266,"SANTA CRUZ",UNINCORPORATED,-122.02144622802734,37.142936706542969
91581179,2021,2021-09-28,9720,2021-09-21,0535,022471,,2,3,9,4400,0,2,4,,1,032,"GREEN VALLEY RD","DICK PHELPS RD",43.00,S,N,A,-,N,,,,,,,,,,Y,2,0,1,2,A,-,05,21460,A,N,A,C,A,A,H,-,B,A,0,,,,,Y,,A,01,1,0,0,0,0,0,0,0,0,"- ","- ",36.949428558349609,-121.764892578125,"SANTA CRUZ",UNINCORPORATED,-121.76491546630859,36.949382781982422
91597738,2021,2021-10-15,9720,2021-10-14,1400,022293,,4,2,9,4400,0,2,4,,1,023,"EAST CLIFF DR","7TH AVE",0.00,,Y,A,-,N,,,,,,,,,,N,2,0,1,2,A,-,10,21950,A,N,G,B,B,A,H,-,A,A,0,Y,,,,Y,,D,22,1,0,0,0,1,0,0,0,0,"- ","- ",36.963150024414062,-121.99854278564453,"SANTA CRUZ",UNINCORPORATED,-121.99861907958984,36.963199615478516
91599091,2021,2021-10-18,9720,2021-10-10,1045,020012,,7,1,9,4400,0,3,5,,2,200,"SUMMIT RD.","MORRILL CUTOFF RD.",1056.00,E,N,A,-,N,,,,,,,,,,N,2,0,2,2,A,-,10,21950,A,N,G,B,B,A,H,-,A,A,0,Y,,Y,,Y,,C,02,1,1,0,0,1,0,0,0,1,"- ","- ",37.127109527587891,-121.94436645507812,"SANTA CRUZ",UNINCORPORATED,-121.94277954101562,37.126651763916016
91601523,2021,2021-10-20,9720,2021-10-12,1320,014931,,2,1,9,4400,0,3,5,,2,300,"LARKIN VALLEY ROAD","LARKIN VISTA LANE",26.00,S,N,A,-,N,,,,,,,,,,Y,2,0,1,1,A,-,08,22107,,N,E,I,A,A,H,-,A,D,0,,,,,Y,,A,01,1,0,0,0,0,0,0,0,0,"- ","- ",36.950721740722656,-121.83004760742188,"SANTA CRUZ",UNINCORPORATED,-121.83000946044922,36.950756072998047
91606830,2021,2021-10-26,9720,2021-10-15,2020,022140,,5,2,9,4400,0,3,5,,2,100,"EMPIRE GRADE RD","CAVE GULCH",390.00,S,N,A,-,N,,,,,,,,,,Y,2,0,2,2,A,-,05,21460,A,N,A,C,A,A,H,-,D,D,0,,,Y,,Y,,C,02,1,0,1,0,0,0,0,0,1,"- ","- ",37.006130218505859,-122.07425689697266,"SANTA CRUZ",UNINCORPORATED,-122.07440185546875,37.006206512451172
91606888,2021,2021-10-26,9720,2021-10-17,1659,021918,,7,2,9,4400,0,1,3,,1,017,"S/B SR-17","MOUNT HERMON RD",200.00,N,N,A,-,Y,,,17,,,,,,,N,2,0,1,1,A,-,08,22107,,N,F,A,A,A,H,-,A,D,0,,,Y,,Y,,C,02,1,0,0,0,0,0,0,0,1,"- ","- ",37.036781311035156,-122.01947021484375,"SANTA CRUZ",UNINCORPORATED,-122.01942443847656,37.036689758300781
91622361,2021,2021-11-11,9720,2021-11-08,1525,021321,,1,2,9,4400,0,3,5,,2,100,"GLENWOOD DR","BEAN CREEK RD",1584.00,S,N,B,-,N,,,,,,,,,,Y,2,0,2,2,A,-,01,23152,A,N,A,C,A,A,H,-,A,D,0,,,,,Y,Y,A,01,1,0,1,0,0,0,0,0,0,"- ","- ",37.083461761474609,-122.0074462890625,"SANTA CRUZ",UNINCORPORATED,-122.00743865966797,37.083168029785156
91625933,2021,2021-11-16,9720,2021-11-09,1720,018171,,2,2,9,4400,0,2,4,,1,022,"SOQUEL SAN JOSE ROAD","OLSON RD",0.00,,Y,B,-,N,,,,,,,,,,Y,2,0,1,2,A,-,01,23152,G,N,D,C,A,B,H,-,D,D,0,,,,,Y,Y,A,01,1,0,0,0,0,0,0,0,0,"- ","- ",37.057121276855469,-121.94187164306641,"SANTA CRUZ",UNINCORPORATED,-121.94189453125,37.056987762451172
91628226,2021,2021-12-06,9720,2021-11-13,0900,021717,,6,1,9,4400,0,1,3,,1,015,SR-9,"FOREST ST.",110.00,N,N,A,-,Y,,,9,,,,,,,Y,2,0,1,2,A,-,06,21755,A,N,F,0,A,A,H,-,A,D,0,,,Y,,Y,,C,02,1,0,0,0,0,0,0,0,1,"- ","- ",37.124370574951172,-122.12200164794922,"SANTA CRUZ",UNINCORPORATED,-122.12197875976562,37.124378204345703
91646937,2021,2021-12-08,9720,2021-11-29,2125,021806,,1,2,9,4400,0,1,3,,1,017,"S/B SR-17","S/B SR-17 FROM LA MADRONA DR.",2376.00,N,N,A,-,Y,,,17,,,,,,,N,2,0,3,2,A,-,01,23152,A,N,C,2,A,A,H,-,D,D,0,,,,,Y,Y,A,07,1,2,0,0,0,0,0,0,0,"- ","- ",37.024448394775391,-122.02683258056641,"SANTA CRUZ",UNINCORPORATED,-122.02687835693359,37.024456024169922
91653811,2021,2021-12-21,9720,2021-12-08,1707,021877,,3,2,9,4400,0,1,3,,2,020,"SR-1 S/B","SOQUEL DR",528.00,N,N,A,-,Y,,,1,,,,,,S,Y,2,0,1,3,A,-,03,22350,,N,B,C,A,A,H,-,C,D,0,,,Y,,Y,,C,02,1,0,0,0,0,0,0,0,1,"- ","- ",36.987339019775391,-121.98757934570312,"SANTA CRUZ",UNINCORPORATED,-121.98758697509766,36.987319946289062
91674046,2021,2022-01-10,9720,2021-12-13,1004,021248,,1,1,9,4400,0,2,4,,1,021,"SOQUEL DR","E LEDYARD WAY",70.00,W,N,A,-,N,,,,,,,,,,N,2,0,1,2,A,-,09,21804,A,N,D,G,A,A,H,-,A,D,0,,Y,,,Y,,L,04,1,0,0,0,0,0,1,0,0,"- ","- ",36.980800628662109,-121.90904235839844,"SANTA CRUZ",UNINCORPORATED,-121.90904998779297,36.98065185546875
91678274,2022,2022-01-14,9720,2022-01-04,1448,021833,,2,2,9,4400,0,1,3,,1,034,SR-152,"PACIFIC VIEW TERRACE",2112.00,E,N,A,-,Y,SCR,,152,,,7.675,H,,R,Y,2,0,1,1,A,-,01,23152,,N,E,I,A,A,H,-,A,D,0,,,,,Y,Y,A,01,1,0,0,0,0,0,0,0,0,"- ","- ",36.990730285644531,-121.71324157714844,"SANTA CRUZ",UNINCORPORATED,-121.71333312988281,36.990650177001953
91692075,2022,2022-02-02,9720,2022-01-24,1635,021877,,1,2,9,4400,0,1,3,,1,017,"SR-17 S/B","GLENWOOD DR",528.00,S,N,A,-,Y,SCR,,17,,,10.439,H,,L,N,2,0,1,1,A,-,03,22350,,N,F,A,A,A,H,-,A,D,0,,Y,,,Y,,L,04,1,0,0,0,0,0,1,0,0,"- ","- ",37.117179870605469,-121.97560882568359,"SANTA CRUZ",UNINCORPORATED,-121.97557830810547,37.117168426513672
91693091,2022,2022-02-03,9720,2022-01-29,1629,019956,,6,2,9,4400,0,1,3,,1,010,SR-1,"LAGUNA RD",36.00,N,N,A,-,Y,SCR,,1,,,25.992,H,,R,Y,2,0,1,2,A,-,03,22350,,N,C,C,A,A,H,-,A,D,0,,,,,Y,,D,22,1,0,0,0,0,0,0,0,0,"- ","- ",36.987068176269531,-122.15548706054688,"SANTA CRUZ",UNINCORPORATED,-122.15547943115234,36.987091064453125
9170829,2020,2021-01-13,4402,2020-10-03,1827,158,4402,6,5,5,4402,0,0,0,,0,000,"PACIFIC AV","BEACH ST",0.00,,Y,A,-,N,,,,,,,,,,N,2,0,1,1,A,-,08,22107,,N,F,A,A,A,G,-,A,D,0,,Y,,,Y,Y,L,04,1,0,0,0,0,0,1,0,0,"- ","- ",,,"SANTA CRUZ","SANTA CRUZ",-122.02384600000001,36.962918999999999
91719146,2022,2022-03-09,9720,2022-02-26,1513,022545,,6,2,9,4400,0,1,3,,1,034,SR-152,"RED HAWK PL",1848.00,E,N,A,-,Y,SCR,,152,,,5.609,H,,R,N,2,0,1,1,A,-,01,23152,A,N,E,I,A,A,H,-,A,D,0,,,Y,,Y,Y,C,02,1,0,0,0,0,0,0,0,1,"- ","- ",36.975551605224609,-121.71462249755859,"SANTA CRUZ",UNINCORPORATED,-121.71467590332031,36.975509643554688
91721499,2022,2022-03-14,9720,2022-03-07,0443,022458,,1,3,9,4400,0,1,3,,1,017,"SR-17 S/B","GLENWOOD CUTOFF",1584.00,N,N,A,-,Y,SCR,,17,,,9.448,H,,L,N,2,0,1,1,A,-,08,22107,,N,F,A,A,A,H,-,C,D,0,,,,Y,Y,,F,26,1,0,0,0,0,0,0,0,0,"- ","- ",37.1043701171875,-121.97505187988281,"SANTA CRUZ",UNINCORPORATED,-121.97519683837891,37.104450225830078
91722425,2022,2022-03-14,9720,2022-03-08,1657,021877,,2,2,9,4400,0,1,3,,2,020,"SR-1 S/B","CAPITOLA AVE",528.00,S,N,A,-,Y,SCR,,1,,,12.775,H,,L,Y,2,0,1,2,A,-,07,21658,A,N,B,C,A,A,H,-,A,D,0,,,Y,,Y,,A,01,1,0,0,0,0,0,0,0,1,"- ","- ",36.983898162841797,-121.94931793212891,"SANTA CRUZ",UNINCORPORATED,-121.94931793212891,36.983871459960938
91729891,2022,2022-03-23,9720,2022-03-06,1521,021860,,7,2,9,4400,0,1,3,,1,015,SR-9,"KEYSTONE WAY",2640.00,N,N,A,-,Y,SCR,,9,,,2.215,H,,R,N,2,0,1,1,A,-,08,22107,,N,E,I,A,A,H,-,A,D,0,,,Y,,Y,,C,02,1,0,0,0,0,0,0,0,1,"- ","- ",37.008010864257812,-122.04786682128906,"SANTA CRUZ",UNINCORPORATED,-122.04786682128906,37.007976531982422
91731233,2022,2022-03-24,9720,2022-03-20,1214,021321,,7,1,9,4400,0,1,3,,1,017,"GROVE ST","RT 9",0.00,,Y,A,-,Y,SCR,,9,,,12.545,H,,R,N,2,0,1,1,A,-,17,21200,,N,F,A,A,A,H,-,A,D,0,,Y,,,Y,Y,M,91,1,0,0,0,0,0,1,0,0,"- ","- ",37.117538452148438,-122.1204833984375,"SANTA CRUZ",UNINCORPORATED,-122.12055206298828,37.117534637451172
91733348,2021,2022-03-25,9720,2021-11-27,0155,022162,,6,3,9,4400,0,2,4,,1,032,"GREEN VALLEY ROAD","LITTLEWAY LANE",32.00,S,N,A,-,N,,,,,,,,,,N,1,1,0,2,A,-,06,21760,B,F,H,G,A,A,H,-,C,D,0,,Y,,,Y,,A,01,0,0,0,0,0,1,0,0,0,"- ","- ",36.959751129150391,-121.76493072509766,"SANTA CRUZ",UNINCORPORATED,-121.76496887207031,36.959560394287109
91735095,2022,2022-03-28,9720,2022-03-16,1100,021548,,3,1,9,4400,0,3,5,,2,200,"GRANITE CREEK RD.","O'LAUGHLIN RD.",528.00,S,N,A,-,N,,,,,,,,,,N,2,0,1,1,A,-,03,22350,,N,H,J,A,A,B,-,A,D,0,,Y,,,Y,,L,04,1,0,0,0,0,0,1,0,0,"- ","- ",37.032039642333984,-121.99640655517578,"SANTA CRUZ",UNINCORPORATED,-121.99635314941406,37.032470703125
91738188,2022,2022-03-31,9720,2022-03-25,1806,020012,,5,2,9,4400,0,3,5,,2,300,"WHITE ROAD","YELLOW BRICK RD.",1056.00,E,N,A,-,N,,,,,,,,,,N,2,0,1,1,A,-,03,22350,,N,F,A,A,A,H,-,A,D,0,,,Y,,Y,,-,"- ",1,0,0,0,0,0,0,0,1,"- ","- ",36.968990325927734,-121.83751678466797,"SANTA CRUZ",UNINCORPORATED,-121.8382568359375,36.968910217285156
91740920,2022,2022-04-05,9720,2022-03-26,1435,022471,,6,2,9,4400,0,3,5,,2,200,"TROUT GULCH RD","CATHEDRAL DR",0.00,,Y,A,-,N,,,,,,,,,,N,2,0,1,2,A,-,10,21950,A,N,G,B,B,A,H,-,A,A,0,Y,,,,Y,,A,01,1,0,0,0,1,0,0,0,0,"- ","- ",36.978748321533203,-121.89913940429688,"SANTA CRUZ",UNINCORPORATED,-121.89914703369141,36.978713989257812
91743423,2022,2022-04-07,9720,2022-03-27,1410,022140,,7,2,9,4400,0,2,4,,1,023,"17TH AVE","BROMMER ST",80.00,N,N,B,-,N,,,,,,,,,,Y,2,0,1,2,A,-,09,21804,A,N,D,C,A,A,H,-,A,D,0,,,Y,,Y,,A,01,1,0,0,0,0,0,0,0,1,"- ","- ",36.971309661865234,-121.98439788818359,"SANTA CRUZ",UNINCORPORATED,-121.98442840576172,36.971282958984375
91752802,2022,2022-06-08,9720,2022-04-12,1430,021918,,2,2,9,4400,0,1,3,,1,015,"SR -9","MOUNTAIN ST.",0.00,,Y,A,-,Y,SCR,,9,,,12.867,H,,R,N,2,0,1,2,A,-,09,21802,A,N,D,G,A,A,H,-,A,D,0,,Y,,,Y,,A,01,1,0,0,0,0,0,1,0,0,"- ","- ",37.123291015625,-122.12151336669922,"SANTA CRUZ",UNINCORPORATED,-122.12162017822266,37.123268127441406
91754848,2022,2022-04-22,9720,2022-04-13,1745,022044,,3,2,9,4400,0,1,3,,2,020,"SR-1 S/B","STATE PARK DR.",4224.00,N,N,A,-,Y,SCR,,1,,,11.333,H,,L,Y,2,0,1,2,A,-,07,21658,A,N,B,C,A,A,H,-,A,D,0,,,Y,,Y,,A,01,1,0,0,0,0,0,0,0,1,"- ","- ",36.982799530029297,-121.92333984375,"SANTA CRUZ",UNINCORPORATED,-121.92337799072266,36.982631683349609
91764323,2022,2022-05-04,9720,2022-05-01,0820,021321,,7,1,9,4400,0,3,5,,2,100,"LOMPICO RD","LAKE BOULEVARD",247.00,S,N,A,-,N,,,,,,,,,,Y,2,0,1,1,A,-,08,22107,,N,E,I,A,A,H,-,A,D,0,,,,,Y,,A,07,1,0,0,0,0,0,0,0,0,"- ","- ",37.095050811767578,-122.04215240478516,"SANTA CRUZ",UNINCORPORATED,-122.05290985107422,37.092315673828125
91779217,2022,2022-05-24,9720,2022-05-18,1522,021918,,3,2,9,4400,0,2,4,,1,021,"SOQUEL DR","THURBER LANE",30.00,E,N,A,-,N,,,,,,,,,,N,2,0,2,2,A,-,07,21658,A,F,D,C,A,A,H,-,A,D,0,,,Y,,Y,Y,A,01,1,1,0,0,0,0,0,0,1,"- ","- ",36.988979339599609,-122.97904968261719,"SANTA CRUZ",UNINCORPORATED,-121.97908020019531,36.988731384277344
91785413,2022,2022-10-03,9720,2022-05-18,1730,018171,,3,2,9,4400,0,3,5,,2,100,"SWANTON RD","SCHOOLHOUSE GULCH RD",1637.00,S,N,A,-,N,,,,,,,,,,N,1,1,0,1,D,-,00,,,N,F,A,A,A,H,-,A,D,0,,Y,,,Y,,-,"- ",0,0,0,0,0,1,0,0,0,"- ","- ",37.056270599365234,-122.22519683837891,"SANTA CRUZ",UNINCORPORATED,-122.22532653808594,37.058258056640625
91788202,2022,2022-06-03,9720,2022-05-21,0133,022329,,6,3,9,4400,0,1,3,,2,020,"S/B SR-1","41ST AVE OVERCROSSING",457.00,S,N,A,-,Y,SCR,,1,,,13.294,H,,R,Y,2,0,1,2,A,-,01,23152,A,N,C,2,A,A,H,-,C,D,0,,,,,Y,Y,A,01,1,0,0,0,0,0,0,0,0,"- ","- ",36.983020782470703,-121.95864105224609,"SANTA CRUZ",UNINCORPORATED,-121.95865631103516,36.983116149902344
91804862,2022,2022-06-28,9720,2022-06-20,1958,022458,,1,2,9,4400,0,3,5,,2,300,"CARLTON ROAD","THOMPSON ROAD",155.00,W,N,A,-,N,,,,,,,,,,Y,2,0,2,1,A,-,08,22107,,N,E,I,A,A,H,-,A,D,0,,,,,Y,,A,01,1,1,0,0,0,0,0,0,0,"- ","- ",36.928821563720703,-121.70661163330078,"SANTA CRUZ",UNINCORPORATED,-121.70705413818359,36.938034057617188
91806859,2022,2022-06-30,9720,2022-06-18,2010,019956,,6,2,9,4400,0,1,3,,2,020,"SR-1 N/B","SPRECKELS DR",100.00,S,N,A,-,Y,SCR,,1,,,9.963,H,,R,Y,2,0,1,1,A,-,03,22350,,N,F,A,A,A,H,-,A,D,0,,,Y,,Y,,C,02,1,0,0,0,0,0,0,0,1,"- ","- ",36.975009918212891,-121.90093231201172,"SANTA CRUZ",UNINCORPORATED,-121.90092468261719,36.975032806396484
91809783,2022,2022-07-04,9720,2022-06-07,1210,022471,,2,1,9,4400,0,1,3,,1,010,SR-1,"LAGUNA RD",0.00,,Y,A,-,Y,SCR,,1,,,25.976,H,,R,Y,2,0,1,2,A,-,03,22350,,N,D,C,A,A,H,-,A,D,0,,,,Y,Y,,G,25,1,0,0,0,0,0,0,0,0,"- ","- ",36.986991882324219,-122.15521240234375,"SANTA CRUZ",UNINCORPORATED,-122.15522003173828,36.986972808837891
91809975,2022,2022-07-05,9720,2022-06-20,1700,022044,,1,2,9,4400,0,3,5,,2,200,"HIGHLAND WAY","SKYLAND RD.",700.00,S,N,A,-,N,,,,,,,,,,Y,2,0,2,1,A,-,08,22107,,N,E,I,A,A,H,-,A,D,0,,,,,Y,,A,07,2,0,0,0,0,0,0,0,0,"- ","- ",37.115390777587891,-121.92006683349609,"SANTA CRUZ",UNINCORPORATED,-121.920166015625,37.115451812744141
91812083,2022,2022-07-07,9720,2022-07-03,1620,021860,,7,2,9,4400,0,3,5,,2,100,"SMITH GRADE","WOODPECKER RIDGE",405.00,E,N,A,-,N,,,,,,,,,,N,2,0,1,1,C,-,18,,,N,H,A,A,A,G,-,A,D,0,,Y,,,Y,,-,"- ",1,0,0,0,0,0,1,0,0,"- ","- ",37.035800933837891,-122.14543151855469,"SANTA CRUZ",UNINCORPORATED,-122.14553070068359,37.035873413085938
91815067,2022,2022-07-12,9720,2022-06-30,0950,021304,,4,1,9,4400,0,3,5,,2,200,"MCDONALD RD","RAMADA LN",1056.00,N,N,A,-,N,,,,,,,,,,N,2,0,1,1,C,-,18,,,N,F,A,A,A,H,-,A,D,0,,Y,,,Y,,-,"- ",1,0,0,0,0,0,1,0,0,"- ","- ",36.991050720214844,-121.859130859375,"SANTA CRUZ",UNINCORPORATED,-121.85749816894531,36.992603302001953
91816551,2022,2022-07-14,9720,2022-06-30,1504,022879,,4,2,9,4400,0,1,3,,1,017,"SR-17 S/B TO MOUNT HERMON ROAD","MOUNT HERMON OVERCROSSING",100.00,N,N,A,-,Y,SCR,,17,,,3.466,H,,L,Y,2,0,2,1,A,-,01,23152,F,N,E,I,A,A,H,-,A,D,0,,,,,Y,,A,01,2,0,0,0,0,0,0,0,0,"- ","- ",37.036178588867188,-122.02098846435547,"SANTA CRUZ",UNINCORPORATED,-122.02084350585938,37.036022186279297
91817581,2022,2022-07-14,9720,2022-07-03,0728,022907,,7,1,9,4400,0,2,4,,1,023,"17TH AVE","CAPITOLA RD",0.00,,Y,A,-,N,,,,,,,,,,N,2,0,5,2,A,-,01,23152,A,F,D,C,A,A,H,-,A,A,0,,,,,Y,Y,A,01,2,0,3,0,0,0,0,0,0,"- ","- ",36.975921630859375,-121.98320007324219,"SANTA CRUZ",UNINCORPORATED,-121.98302459716797,36.975841522216797
91819198,2022,2022-07-18,9720,2022-07-08,1152,021540,,5,1,9,4400,0,1,3,,1,013,SR-35,"BEAR CREEK RD",4752.00,N,N,A,-,Y,SCR,,35,,,4.017,H,,R,N,2,0,1,2,A,-,05,21650,,N,A,G,A,A,H,-,A,D,0,,Y,,,Y,,L,04,1,0,0,0,0,0,1,0,0,"- ","- ",37.170928955078125,-122.02749633789062,"SANTA CRUZ",UNINCORPORATED,-122.02751159667969,37.170921325683594
91821096,2022,2022-07-20,9720,2022-07-08,2109,022349,,5,2,9,4400,0,2,4,,1,016,"GRAHAM HILL RD.","MEYER RD.",106.00,S,N,A,-,N,,,,,,,,,,N,2,0,2,2,A,-,01,23152,A,N,A,C,A,A,H,-,C,D,0,,,,,Y,Y,A,07,2,0,0,0,0,0,0,0,0,"- ","- ",37.028350830078125,-122.03575897216797,"SANTA CRUZ",UNINCORPORATED,-122.03575134277344,37.018394470214844
91825456,2022,2022-07-26,9720,2022-07-18,1200,022162,,1,1,9,4400,0,1,3,,1,035,SR-129,"VANONI ROAD",1584.00,W,N,A,-,Y,SCR,,129,,,6.594,H,,R,Y,2,0,1,1,A,-,01,23152,A,N,F,A,A,A,H,-,A,D,0,,,Y,,Y,Y,C,02,1,0,0,0,0,0,0,0,1,"- ","- ",36.906101226806641,-121.64975738525391,"SANTA CRUZ",UNINCORPORATED,-121.64972686767578,36.906135559082031
91826902,2022,2022-07-28,9720,2022-07-18,1115,015170,,1,1,9,4400,0,1,3,,1,017,"SR-17 (S/B)","GRANITE CREEK RD",1056.00,S,N,A,-,Y,,,,,,,,,,Y,2,0,4,2,A,-,03,22350,,N,C,C,A,A,H,-,A,D,0,,,,,Y,,A,01,1,3,0,0,0,0,0,0,0,"- ","- ",36.971050262451172,-121.87145233154297,"SANTA CRUZ",UNINCORPORATED,-122.00581359863281,37.058601379394531
91829528,2022,2022-08-01,9720,2022-07-19,2010,022879,,2,2,9,4400,0,1,3,,2,020,"N/B SR-1","EMELINE AVE.",1056.00,N,N,A,-,Y,SCR,,1,,,16.926,H,,R,N,2,0,1,1,A,-,08,22107,,N,E,I,A,A,H,-,A,D,0,,,,,Y,,A,01,1,0,0,0,0,0,0,0,0,"- ","- ",36.991001129150391,-122.02230072021484,"SANTA CRUZ",UNINCORPORATED,-122.022216796875,36.990985870361328
91829885,2022,2022-08-01,9720,2022-07-01,0134,022542,,5,3,9,4400,0,1,3,,1,017,"SR-1 N/B TO SR-17 N/B","PASATIEMPO DRIVE",1200.00,S,N,A,-,Y,,,,,,,,,,Y,2,0,1,1,A,-,01,23152,A,N,F,A,A,A,H,-,C,D,0,,,Y,,Y,Y,C,02,1,0,0,0,0,0,0,0,1,"- ","- ",36.989990234375,-122.02078247070312,"SANTA CRUZ",UNINCORPORATED,-122.02078247070312,36.989990234375
91840101,2022,2022-08-15,9720,2022-08-04,1848,021918,,4,2,9,4400,0,1,3,,1,017,"SR-17 SB TO MOUNT HERMON ROAD","MOUNT HERMON OVERCROSSING",150.00,N,N,A,-,Y,SCR,,17,,,3.466,H,,L,N,2,0,1,1,A,-,01,23152,A,N,E,I,A,A,H,-,A,D,0,,,,,Y,Y,D,22,1,0,0,0,0,0,0,0,0,"- ","- ",37.036178588867188,-122.02098846435547,"SANTA CRUZ",UNINCORPORATED,-122.02084350585938,37.036022186279297
91846439,2022,2022-08-23,9720,2022-08-13,1535,022901,,6,2,9,4400,0,1,3,,1,010,SR-1,"SWANTON ROAD",10560.00,N,N,A,-,Y,SCR,,1,,,31.453,H,,R,N,2,0,1,2,A,-,09,21804,A,N,C,C,A,A,H,-,A,D,0,,,Y,,Y,,C,02,1,0,0,0,0,0,0,0,1,"- ","- ",37.039451599121094,-122.22776794433594,"SANTA CRUZ",UNINCORPORATED,-122.22780609130859,37.0394287109375
91848130,2022,2022-08-24,9720,2022-08-12,2100,021489,,5,2,9,4400,0,3,5,,2,200,"TREMONT DRIVE","17TH AVENUE",126.00,W,N,A,-,N,,,,,,,,,,N,2,0,1,1,A,-,17,21200,,N,E,I,A,A,H,-,C,D,0,,Y,,,Y,Y,M,91,1,0,0,0,0,0,1,0,0,"- ","- ",36.963840484619141,-121.98789978027344,"SANTA CRUZ",UNINCORPORATED,-121.98773956298828,36.963863372802734