CASE_ID,ACCIDENT_YEAR,PROC_DATE,JURIS,COLLISION_DATE,COLLISION_TIME,OFFICER_ID,REPORTING_DISTRICT,DAY_OF_WEEK,CHP_SHIFT,POPULATION,CNTY_CITY_LOC,SPECIAL_COND,BEAT_TYPE,CHP_BEAT_TYPE,CITY_DIVISION_LAPD,CHP_BEAT_CLASS,BEAT_NUMBER,PRIMARY_RD,SECONDARY_RD,DISTANCE,DIRECTION,INTERSECTION,WEATHER_1,WEATHER_2,STATE_HWY_IND,CALTRANS_COUNTY,CALTRANS_DISTRICT,STATE_ROUTE,ROUTE_SUFFIX,POSTMILE_PREFIX,POSTMILE,LOCATION_TYPE,RAMP_INTERSECTION,SIDE_OF_HWY,TOW_AWAY,COLLISION_SEVERITY,NUMBER_KILLED,NUMBER_INJURED,PARTY_COUNT,PRIMARY_COLL_FACTOR,PCF_CODE_OF_VIOL,PCF_VIOL_CATEGORY,PCF_VIOLATION,PCF_VIOL_SUBSECTION,HIT_AND_RUN,TYPE_OF_COLLISION,MVIW,PED_ACTION,ROAD_SURFACE,ROAD_COND_1,ROAD_COND_2,LIGHTING,CONTROL_DEVICE,CHP_ROAD_TYPE,PEDESTRIAN_ACCIDENT,BICYCLE_ACCIDENT,MOTORCYCLE_ACCIDENT,TRUCK_ACCIDENT,NOT_PRIVATE_PROPERTY,ALCOHOL_INVOLVED,STWD_VEHTYPE_AT_FAULT,CHP_VEHTYPE_AT_FAULT,COUNT_SEVERE_INJ,COUNT_VISIBLE_INJ,COUNT_COMPLAINT_PAIN,COUNT_PED_KILLED,COUNT_PED_INJURED,COUNT_BICYCLIST_KILLED,COUNT_BICYCLIST_INJURED,COUNT_MC_KILLED,COUNT_MC_INJURED,PRIMARY_RAMP,SECONDARY_RAMP,LATITUDE,LONGITUDE,COUNTY,CITY,POINT_X,POINT_Y
91848405,2022,2022-08-25,9720,2022-08-13,1000,021304,,6,1,9,4400,0,3,5,,2,300,"MOUNT MADONNA RD","HAZEL DELL RD",5808.00,N,N,A,-,N,,,,,,,,,,N,2,0,1,1,A,-,03,22350,,N,E,I,A,A,H,-,A,D,0,,Y,,,Y,,L,04,1,0,0,0,0,0,1,0,0,"- ","- ",37.00128173828125,-121.73142242431641,"SANTA CRUZ",UNINCORPORATED,-121.73097229003906,37.000400543212891
91855681,2022,2022-09-01,9720,2022-08-24,2500,021248,,3,4,9,4400,0,1,3,,2,020,"SR-1 N/B","41ST AVE",1180.00,N,N,A,-,Y,SCR,,1,,,13.903,H,,R,N,2,0,1,2,A,-,11,21954,A,F,G,B,E,A,H,-,C,D,0,Y,,,,Y,,N,60,1,0,0,0,1,0,0,0,0,"- ","- ",36.983150482177734,-121.96952819824219,"SANTA CRUZ",UNINCORPORATED,-121.96952819824219,36.983154296875
91856526,2022,2024-02-16,9720,2022-08-23,1803,023026,,2,2,9,4400,0,1,3,,1,015,SR-9,"SCENIC WAY",0.00,,Y,A,-,Y,SCR,,9,,,8.925,H,,R,N,2,0,1,2,A,-,09,21801,A,N,D,C,A,A,H,-,A,D,0,,,Y,,Y,,A,07,1,0,0,0,0,0,0,0,1,"- ","- ",37.082649230957031,-122.08759307861328,"SANTA CRUZ",UNINCORPORATED,-122.08741760253906,37.082782745361328
91857392,2022,2022-09-05,9720,2022-02-19,0058,021540,,6,3,9,4400,0,2,4,,1,021,"SOQUEL DR","PERIMETER RD",665.00,W,N,A,-,N,,,,,,,,,,Y,1,1,0,1,A,-,01,23152,A,N,E,J,A,A,H,-,C,D,0,,,,,Y,Y,A,01,0,0,0,0,0,0,0,0,0,"- ","- ",36.98822021484375,-121.92465209960938,"SANTA CRUZ",UNINCORPORATED,-121.93099212646484,36.990463256835938
91869654,2022,2022-09-21,9720,2022-09-10,1834,021918,,6,2,9,4400,0,1,3,,1,015,SR-9,"FERN ST",0.00,,Y,A,-,Y,SCR,,9,,,17.404,H,,R,Y,2,0,1,2,A,-,09,21802,A,N,D,C,A,A,H,-,A,D,0,,,Y,,Y,,A,07,1,0,0,0,0,0,0,0,1,"- ","- ",37.182979583740234,-122.14103698730469,"SANTA CRUZ",UNINCORPORATED,-122.14109039306641,37.182979583740234
91872840,2022,2022-09-26,9720,2022-09-10,1259,022879,,6,1,9,4400,0,2,4,,1,021,"SOQUEL DR.","PORTER ST.",328.00,E,N,A,-,N,,,,,,,,,,N,2,0,1,2,A,-,03,22350,,N,D,G,A,A,H,-,A,D,0,,Y,,,Y,,L,04,1,0,0,0,0,0,1,0,0,"- ","- ",36.988609313964844,-121.95623016357422,"SANTA CRUZ",UNINCORPORATED,-121.95633697509766,36.988468170166016
91882186,2022,2022-10-04,9720,2022-09-06,1734,021833,,2,2,9,4400,0,1,3,,2,020,"S/B SR-1","OCEAN STREET",311.00,S,N,A,-,Y,SCR,,1,,,17.059,H,,L,Y,2,0,1,2,A,-,02,22400,A,N,C,C,A,A,H,-,A,D,0,,,Y,,Y,,A,01,1,0,0,0,0,0,0,0,1,"- ","- ",36.987251281738281,-122.02275085449219,"SANTA CRUZ",UNINCORPORATED,-122.02275085449219,36.987251281738281
91884263,2022,2023-02-06,9720,2022-03-30,1538,022140,,3,2,9,4400,0,3,5,,2,200,"GRANITE CREEK RD","BRANCIFORTE DR",665.00,N,N,A,-,N,,,,,,,,,,Y,1,1,1,1,A,-,03,22350,,N,E,I,A,A,H,-,A,D,0,,,,,Y,Y,A,01,0,1,0,0,0,0,0,0,0,"- ","- ",37.019828796386719,-121.99716186523438,"SANTA CRUZ",UNINCORPORATED,-121.99726867675781,37.019752502441406
91889233,2022,2022-10-13,9720,2022-09-30,1910,022907,,5,2,9,4400,0,3,5,,2,300,"HAMES RD","270 HAMES ROAD",122.00,W,N,B,-,N,,,,,,,,,,N,2,0,1,1,A,-,01,23152,A,N,E,I,A,B,H,-,D,D,0,,,Y,,Y,Y,C,03,1,0,0,0,0,0,0,0,1,"- ","- ",36.992259979248047,-121.81253051757812,"SANTA CRUZ",UNINCORPORATED,,
91889239,2022,2022-10-13,9720,2022-10-01,0110,022293,,6,3,9,4400,0,3,5,,2,100,"DORRANCE RD","HOPKINS GULCH RD",375.00,W,N,A,-,N,,,,,,,,,,Y,2,0,4,1,A,-,08,22107,,N,E,I,A,A,H,-,D,D,0,,,,,Y,,A,08,2,2,0,0,0,0,0,0,0,"- ","- ",37.139598846435547,-122.10205841064453,"SANTA CRUZ",UNINCORPORATED,-122.10174560546875,37.139232635498047
91891014,2022,2022-10-17,9720,2022-10-07,0830,020138,,5,1,9,4400,0,2,S,,2,904,"OLD SUMMIT ROAD","SUMMIT ROAD",170.00,S,N,A,-,N,,,,,,,,,,Y,2,0,1,1,A,-,08,22107,,N,E,I,A,A,H,-,A,D,0,,,,,Y,,A,08,1,0,0,0,0,0,0,0,0,"- ","- ",37.145030975341797,-121.98320770263672,"SANTA CRUZ",UNINCORPORATED,-121.98314666748047,37.145088195800781
91891232,2022,2022-10-17,9720,2022-10-05,1725,022140,,3,2,9,4400,0,2,4,,1,024,"EAST CLIFF DR","PORTOLA DR",60.00,S,N,A,-,N,,,,,,,,,,N,2,0,1,1,A,-,03,22350,,N,F,A,A,A,H,-,A,D,0,,,,,Y,Y,M,96,1,0,0,0,0,0,0,0,0,"- ","- ",36.962581634521484,-121.98837280273438,"SANTA CRUZ",UNINCORPORATED,-121.98822021484375,36.962688446044922
91912576,2022,2023-03-27,9720,2022-10-28,2147,020977,,5,2,9,4400,0,1,3,,1,035,"STATE ROUTE 129","HARVEST DRIVE",0.00,,Y,A,-,Y,SCR,,129,,L,0.810,H,,R,Y,1,1,0,2,A,-,11,21954,A,N,G,B,E,A,H,-,D,D,0,Y,,,,Y,,N,60,0,0,0,1,0,0,0,0,0,"- ","- ",36.901649475097656,-121.76309967041016,"SANTA CRUZ",UNINCORPORATED,-121.76299285888672,36.90155029296875
9192952,2020,2020-12-22,4401,2020-11-05,0815,530,4401,4,5,3,4401,0,0,0,,0,,"42ND AV","CAPITOLA RD",278.00,S,N,A,-,N,,,,,,,,,,Y,2,0,1,2,A,-,08,22107,,N,D,J,A,A,H,-,A,D,0,,,Y,,Y,,-,"- ",1,0,0,0,0,0,0,0,1,"- ","- ",,,"SANTA CRUZ",CAPITOLA,-121.962646484375,36.973709106445312
91934974,2022,2022-12-06,9720,2022-11-23,0148,023026,,3,3,9,4400,0,2,4,,1,021,"SOQUEL AVE","BOSTWICK LN",200.00,W,N,A,-,N,,,,,,,,,,N,2,0,1,1,A,-,17,21200,,N,F,A,A,A,H,-,C,D,0,,Y,,,Y,Y,M,91,1,0,0,0,0,0,1,0,0,"- ","- ",36.984611511230469,-121.99150085449219,"SANTA CRUZ",UNINCORPORATED,-121.99120330810547,36.98480224609375
91935651,2022,2022-12-06,9720,2022-10-09,0303,022542,,7,3,9,4400,0,3,5,,2,100,"EMPIRE GRADE","MCGIVERN WAY",500.00,S,N,A,-,N,,,,,,,,,,Y,1,1,0,1,A,-,08,22107,,N,E,I,A,A,H,-,D,D,0,,,,,Y,,A,07,0,0,0,0,0,0,0,0,0,"- ","- ",37.053260803222656,-122.11538696289062,"SANTA CRUZ",UNINCORPORATED,-122.11543273925781,37.053371429443359
91948122,2022,2022-12-21,9720,2022-12-15,1215,022293,,4,1,9,4400,0,2,4,,1,021,"SOQUEL DRIVE","41ST AVENUE",330.00,W,N,A,-,N,,,,,,,,,,N,2,0,1,2,A,-,08,22107,,N,E,I,F,A,H,-,A,D,0,Y,,,,Y,,A,07,1,0,0,0,1,0,0,0,0,"- ","- ",36.987319946289062,-121.96624755859375,"SANTA CRUZ",UNINCORPORATED,-121.96608734130859,36.987224578857422
91955890,2022,2022-12-29,9720,2022-12-21,1740,022907,,3,2,9,4400,0,2,4,,1,022,"SOQUEL SAN JOSE RD","SHAUNA CT",157.00,N,N,A,-,N,,,,,,,,,,Y,2,0,1,1,A,-,01,23152,A,N,E,I,A,A,H,-,C,D,0,,,,,Y,Y,A,01,1,0,0,0,0,0,0,0,0,"- ","- ",37.001190185546875,-121.95543670654297,"SANTA CRUZ",UNINCORPORATED,-121.95540618896484,37.001152038574219
9195846,2020,2021-01-08,4402,2020-09-08,2128,125,4402,2,5,5,4402,0,0,0,,0,000,"GRANT ST","PLYMOUTH ST",0.00,,Y,A,-,N,,,,,,,,,,N,2,0,1,2,A,-,09,21801,A,F,H,G,A,A,H,-,C,A,0,,Y,,,Y,Y,L,04,1,0,0,0,0,0,1,0,0,"- ","- ",,,"SANTA CRUZ","SANTA CRUZ",-122.02304840087891,36.985759735107422
91970054,2023,2023-01-17,9720,2023-01-02,1053,022976,,1,1,9,4400,0,1,3,,2,020,"SR-1 N/B","EMELINE AVENUE",3960.00,N,N,C,-,Y,SCR,,1," "," ",16.578,H,,R,Y,2,0,3,5,A,-,03,22350,,N,C,C,A,B,H,-,A,D,0,,,,,Y,,D,22,1,0,2,0,0,0,0,0,0,"- ","- ",36.988971710205078,-122.01690673828125,"SANTA CRUZ",UNINCORPORATED,-122.01690673828125,36.988986968994141
91995283,2023,2023-02-15,9720,2023-02-06,1647,023103,,1,2,9,4400,0,3,5,,2,200,"GLEN HAVEN ROAD","CHERRYVALE AVENUE",0.00,,Y,A,-,N,,,,,,,,,,Y,2,0,1,2,A,-,01,23153,G,N,A,C,A,A,H,-,A,A,0,,,,,Y,,A,07,1,0,0,0,0,0,0,0,0,"- ","- ",36.997859954833984,-121.95062255859375,"SANTA CRUZ",UNINCORPORATED,-121.95066833496094,36.997882843017578
9200131,2020,2021-03-15,4403,2020-12-16,1455,381,5-39,3,5,4,4403,0,0,0,,0,005,"AIRPORT BL","HOLM RD",160.00,E,N,A,-,N,,,,,,,,,,Y,2,0,1,2,A,-,08,22100,,N,D,C,A,A,H,-,A,D,0,,,,,Y,,D,22,1,0,0,0,0,0,0,0,0,"- ","- ",,,"SANTA CRUZ",WATSONVILLE,-121.78697204589844,36.93231201171875
92005156,2023,2023-02-28,9720,2023-02-18,2100,021717,,6,2,9,4400,0,3,5,,2,300,"PAULSEN RD","DIAS LN.",2640.00,W,N,A,-,N,,,,,,,,,,Y,2,0,4,2,A,-,01,23152,A,N,A,2,A,A,H,-,D,D,0,,,,,Y,Y,A,01,2,2,0,0,0,0,0,0,0,"- ","- ",36.955478668212891,-121.75581359863281,"SANTA CRUZ",UNINCORPORATED,,
92005629,2022,2023-03-01,9720,2022-11-25,1239,020562,,5,1,9,4400,0,1,3,,2,030,"SR-1 S/B TO SR-129",SR-129,345.00,N,N,A,-,Y,,,,,,,,,,Y,1,1,0,1,A,-,01,23152,A,N,F,A,A,A,H,-,A,D,0,,,Y,,Y,Y,C,02,0,0,0,0,0,0,0,1,0,"- ","- ",36.894969940185547,-121.77522277832031,"SANTA CRUZ",UNINCORPORATED,-121.77522277832031,36.894969940185547
92011926,2023,2023-03-07,9720,2023-02-27,1911,022458,,1,2,9,4400,0,1,3,,1,017,"SR-17 N/B","MT. HERMON ROAD",1056.00,S,N,B,-,Y,SCR,,17," "," ",2.935,H,,R,Y,2,0,1,1,A,-,03,22350,,N,E,8,A,B,H,-,D,D,0,,,,,Y,,A,01,1,0,0,0,0,0,0,0,0,"- ","- ",37.028759002685547,-122.02332305908203,"SANTA CRUZ",UNINCORPORATED,-122.02338409423828,37.028789520263672
92014043,2023,2023-03-09,9720,2023-02-26,2027,019956,,7,2,9,4400,0,1,3,,1,017,"SR-17 N/B","EL RANCHO DR",150.00,S,N,B,C,Y,SCR,,17," "," ",2.146,H,,R,Y,2,0,1,1,A,-,01,23152,A,N,E,I,A,B,H,-,C,D,0,,,,,Y,Y,A,01,1,0,0,0,0,0,0,0,0,"- ","- ",37.018489837646484,-122.02770233154297,"SANTA CRUZ",UNINCORPORATED,-122.02763366699219,37.018497467041016
92014271,2022,2023-03-10,9720,2022-11-27,0200,021717,,7,3,9,4400,0,2,4,,1,032,"AIRPORT BOULEVARD","PAJARO LANE",425.73,E,N,A,-,N,,,,,,,,,,Y,1,1,0,1,A,-,01,23152,A,N,E,I,A,A,H,-,D,D,0,,,,,Y,Y,A,01,0,0,0,0,0,0,0,0,0,"- ","- ",36.941459655761719,-121.77298736572266,"SANTA CRUZ",UNINCORPORATED,-121.77305603027344,36.941505432128906
92014272,2022,2023-03-10,9720,2022-11-20,1627,021860,,7,2,9,4400,0,3,5,,2,100,"MOUNT HERMON ROAD","COVENANT LANE",593.50,S,N,A,-,N,,,,,,,,,,Y,1,1,1,2,A,-,05,21460,A,N,A,C,A,A,H,-,A,D,0,,,,,Y,,A,07,1,0,0,0,0,0,0,0,0,"- ","- ",37.054351806640625,-122.0628662109375,"SANTA CRUZ",UNINCORPORATED,-122.06283569335938,37.054401397705078
92017527,2023,2023-03-14,9720,2023-03-03,2220,023166,,5,3,9,4400,0,2,4,,1,024,"E CLIFF DR.","JOHANS BEACH DR",103.00,W,N,A,-,N,,,,,,,,,,Y,2,0,2,2,A,-,01,23152,A,F,C,E,A,A,D,-,C,D,0,,,,,Y,Y,A,01,1,1,0,0,0,0,0,0,0,"- ","- ",36.962959289550781,-121.98906707763672,"SANTA CRUZ",UNINCORPORATED,-121.98903656005859,36.962963104248047
92018401,2023,2023-03-15,9720,2023-03-05,"749 ",021304,,7,1,9,4400,0,1,3,,1,035,SR-129,"LEE ROAD",1056.00,E,N,C,-,Y,SCR,,129," ",L,0.051,H,,R,Y,2,0,2,2,A,-,05,21460,A,N,A,C,A,B,H,-,A,D,0,,,,,Y,,A,01,1,1,0,0,0,0,0,0,0,"- ","- ",36.894630432128906,-121.77333068847656,"SANTA CRUZ",UNINCORPORATED,-121.7733154296875,36.894603729248047
92080530,2023,2023-05-29,9720,2023-05-17,1226,023166,,3,1,9,4400,0,2,4,,1,016,"GRAHAM HILL RD.","MICHAEL LN.",451.00,S,N,A,-,N,,,,,,,,,,Y,2,0,1,1,A,-,08,22107,,N,E,8,A,A,H,-,A,D,0,,,Y,,Y,,C,02,1,0,0,0,0,0,0,0,1,"- ","- ",36.997821807861328,-122.02874755859375,"SANTA CRUZ",UNINCORPORATED,-122.02876281738281,36.997577667236328
92083842,2023,2023-06-01,9720,2023-05-27,1945,023166,,6,2,9,4400,0,1,3,,1,012,SR-236,"LITTLE BASIN RD",2640.00,S,N,A,-,Y,SCR,,236," "," ",6.052,H,,R,Y,2,0,1,1,C,-,18,,,N,H,H,A,A,H,-,B,D,0,,Y,,,Y,,-,"- ",1,0,0,0,0,0,1,0,0,"- ","- ",37.170658111572266,-122.18379211425781,"SANTA CRUZ",UNINCORPORATED,-122.18378448486328,37.170650482177734
92085913,2023,2023-06-05,9720,2023-03-03,"800 ",015699,,5,1,9,4400,0,3,5,,2,300,"SAN ANDREAS RD","DAIRY RD",18.00,S,N,A,-,N,,,,,,,,,,Y,2,0,1,1,A,-,03,22350,,N,F,A,A,A,H,-,A,D,0,,,,,Y,,A,01,1,0,0,0,0,0,0,0,0,"- ","- ",36.888050079345703,-121.80651092529297,"SANTA CRUZ",UNINCORPORATED,-121.80657958984375,36.888134002685547
92087345,2023,2023-06-06,9720,2023-06-03,1250,022458,,6,1,9,4400,0,3,5,,2,100,"MARTIN ROAD","QUAIL DRIVE",528.00,N,N,A,-,N,,,,,,,,,,N,2,0,1,1,A,-,08,22107,,N,F,A,A,A,H,-,A,D,0,,,Y,,Y,,C,02,1,0,0,0,0,0,0,0,1,"- ","- ",37.046669006347656,-122.14740753173828,"SANTA CRUZ",UNINCORPORATED,-122.14736938476562,37.046100616455078
92090946,2023,2023-06-12,9720,2023-06-01,1940,023166,,4,2,9,4400,0,3,5,,2,100,"EMPIRE GRADE RD","ALBA RD",215.00,N,N,A,-,N,,,,,,,,,,Y,2,0,2,1,A,-,08,22107,,N,E,I,A,A,H,-,A,D,0,,,,,Y,,D,22,1,0,1,0,0,0,0,0,0,"- ","- ",37.104709625244141,-122.14144134521484,"SANTA CRUZ",UNINCORPORATED,-122.14140319824219,37.104637145996094
92091900,2023,2023-06-12,9720,2023-06-12,"605 ",022399,,1,1,9,4400,0,1,3,,2,030,"SB SR-1","BUENA VISTA DR",1056.00,S,N,B,-,Y,SCR,,1," ",R,3.853,H,,L,Y,2,0,1,1,A,-,08,22107,,N,E,I,A,A,H,-,A,D,0,,,,,Y,,D,22,1,0,0,0,0,0,0,0,0,"- ","- ",36.930030822753906,-121.80693054199219,"SANTA CRUZ",UNINCORPORATED,-121.80686950683594,36.930122375488281
92094591,2023,2023-06-15,9720,2023-06-04,2130,022907,,7,2,9,4400,0,1,3,,1,017,"SB SR-17","SUMMIT RD",5280.00,S,N,A,-,Y,SCR,,17," "," ",11.646,H,,R,N,2,0,1,1,A,-,01,23152,A,N,F,A,A,A,H,-,D,D,0,,,Y,,Y,Y,C,02,1,0,0,0,0,0,0,0,1,"- ","- ",37.131740570068359,-121.98001098632812,"SANTA CRUZ",UNINCORPORATED,-121.9798583984375,37.131839752197266
92098715,2023,2023-06-21,9720,2023-06-12,1707,022349,,1,2,9,4400,1,3,5,,2,300,"MARK AVE","TRINITY AVE",0.00,,Y,A,-,N,,,,,,,,,,N,2,0,1,2,A,-,12,22450,A,N,H,G,A,A,H,-,A,A,0,,Y,,,Y,,L,04,1,0,0,0,0,0,1,0,0,"- ","- ",36.966079711914062,-121.76315307617188,"SANTA CRUZ",UNINCORPORATED,-121.76317596435547,36.966041564941406
92103499,2023,2023-07-20,9720,2023-02-16,"640 ",023026,,4,1,9,4400,0,3,5,,2,100,"BOONY DOON RD",SR-1,7920.00,N,N,A,-,N,,,,,,,,,,Y,1,1,0,1,A,-,03,22350,,N,E,I,A,A,H,-,B,D,0,,,,,Y,,A,01,0,0,0,0,0,0,0,0,0,"- ","- ",37.017791748046875,-122.16763305664062,"SANTA CRUZ",UNINCORPORATED,-122.16855621337891,37.017002105712891
92109704,2023,2023-07-05,9720,2023-06-25,2124,023166,,7,2,9,4400,0,1,3,,1,034,"SR-152 (E LAKE AVE)","DELANEY AVE",2640.00,W,N,A,-,Y,SCR,,152," "," ",2.974,H,,R,N,2,0,1,1,A,-,08,22107,,N,F,A,A,A,H,-,D,D,0,,,Y,,Y,,C,02,1,0,0,0,0,0,0,0,1,"- ","- ",36.948001861572266,-121.73503875732422,"SANTA CRUZ",UNINCORPORATED,-121.73504638671875,36.948001861572266
92110977,2023,2023-07-06,9720,2023-05-08,1535,023186,,1,2,9,4400,0,3,5,,2,300,"CARLTON RD","THOMPSON RD",0.00,,Y,A,-,N,,,,,,,,,,Y,1,1,0,2,A,-,03,22350,,N,F,A,A,A,H,-,A,D,0,,,Y,Y,Y,,C,02,0,0,0,0,0,0,0,1,0,"- ","- ",36.938388824462891,-121.70671844482422,"SANTA CRUZ",UNINCORPORATED,-121.70665740966797,36.938304901123047
92112576,2023,2024-02-20,9720,2023-06-29,1846,023186,,4,2,9,4400,0,1,3,,1,017,"RT 17","CRESCENT DR",200.00,S,N,A,-,Y,SCR,,17," "," ",6.684,H,,R,Y,1,1,1,2,A,-,08,22107,,N,E,I,A,A,H,-,A,D,0,,,,,Y,,A,07,0,1,0,0,0,0,0,0,0,"- ","- ",37.073310852050781,-121.98963928222656,"SANTA CRUZ",UNINCORPORATED,-121.98963165283203,37.07330322265625
92115099,2023,2023-07-12,9720,2023-07-01,1225,023103,,6,1,9,4400,0,3,5,,2,100,"EMPIRE GRADE","CAVE GULCH",1056.00,S,N,A,-,N,,,,,,,,,,N,2,0,1,1,C,-,18,,,N,F,A,A,A,A,-,A,D,0,,Y,,,Y,,-,"- ",1,0,0,0,0,0,1,0,0,"- ","- ",37.005111694335938,-122.07366943359375,"SANTA CRUZ",UNINCORPORATED,-122.07346343994141,37.004573822021484
9211714,2021,2021-03-11,4403,2021-01-19,1834,281,5-27,2,5,4,4403,0,0,0,,0,005,"AIRPORT BL","FREEDOM BL",425.00,W,N,A,-,N,,,,,,,,,,N,1,1,0,2,A,-,11,21954,A,N,G,B,D,A,H,-,C,D,0,Y,,,,Y,,N,60,0,0,0,1,0,0,0,0,0,"- ","- ",,,"SANTA CRUZ",WATSONVILLE,-121.77857971191406,36.937309265136719
92124286,2023,2023-07-24,9720,2023-07-14,2500,022458,,5,4,9,4400,0,1,3,,1,010,SR-1,"UPPER SWANTON ROAD",5280.00,S,N,A,-,Y,SCR,,1," "," ",34.249,H,,R,Y,2,0,1,1,A,-,21,22106,,N,E,I,A,A,H,-,A,D,0,,,,,Y,,A,01,1,0,0,0,0,0,0,0,0,"- ","- ",37.071521759033203,-122.25891876220703,"SANTA CRUZ",UNINCORPORATED,-122.25873565673828,37.071613311767578
92132099,2023,2023-07-31,9720,2023-03-26,2141,022976,,7,2,9,4400,0,1,3,,1,015,SR-9,"FILLMORE AVENUE",150.00,N,N,A,-,Y,SCR,,9," "," ",9.625,H,,R,N,1,1,0,2,D,-,00,,,F,G,B,D,A,H,-,C,D,0,Y,,,,Y,,-,"- ",0,0,0,1,0,0,0,0,0,"- ","- ",37.089431762695312,-122.09201049804688,"SANTA CRUZ",UNINCORPORATED,-122.09200286865234,37.089405059814453
92133385,2023,2023-08-01,9720,2023-07-25,1518,021833,,2,2,9,4400,0,3,5,,2,200,"SOQUEL AVE","7TH AVE",260.00,E,N,A,-,N,,,,,,,,,,Y,2,0,1,2,A,-,09,21801,A,N,D,G,A,A,H,-,A,D,0,,Y,,,Y,,A,07,1,0,0,0,0,0,1,0,0,"- ","- ",36.985591888427734,-121.98893737792969,"SANTA CRUZ",UNINCORPORATED,-121.98899841308594,36.985588073730469
92136981,2023,2023-08-07,9720,2023-07-16,2105,022349,,7,2,9,4400,0,1,3,,1,034,SR-152,"BELLA VISTA LN",160.00,E,N,A,-,Y,SCR,,152," "," ",8.206,H,,R,Y,2,0,1,1,A,-,01,23152,A,N,E,I,A,A,H,-,D,D,0,,,,,Y,Y,D,22,1,0,0,0,0,0,0,0,0,"- ","- ",36.994621276855469,-121.71826934814453,"SANTA CRUZ",UNINCORPORATED,-121.71810150146484,36.994655609130859
9213885,2021,2021-03-08,4403,2021-01-07,1555,381,224,4,5,4,4403,0,0,0,,0,002,"BEACH ST","LEE RD",1034.00,E,N,A,-,N,,,,,,,,,,Y,2,0,1,2,A,-,08,22102,,N,D,C,A,A,H,-,A,D,0,,,Y,,Y,,A,07,1,0,0,0,0,0,0,0,1,"- ","- ",,,"SANTA CRUZ",WATSONVILLE,-121.77587890625,36.899074554443359
92151357,2023,2023-08-23,9720,2023-08-15,1650,021304,,2,2,9,4400,0,2,4,,1,032,"518 GREEN VALLEY ROAD","MINTO ROAD",45.00,E,N,A,-,N,,,,,,,,,,N,2,0,1,2,A,-,01,23152,A,M,D,E,A,A,D,-,A,D,0,,,,,Y,Y,D,22,1,0,0,0,0,0,0,0,0,"- ","- ",36.951541900634766,-121.76480102539062,"SANTA CRUZ",UNINCORPORATED,-121.76490783691406,36.951358795166016
92151597,2023,2023-08-23,9720,2023-08-11,2003,023103,,5,2,9,4400,0,3,5,,2,300,"LAKEVIEW ROAD","CRESTWOOD DRIVE",528.00,S,N,A,-,N,,,,,,,,,,Y,2,0,1,1,A,-,01,23152,A,N,E,I,A,A,H,-,A,D,0,,,,,Y,Y,D,22,1,0,0,0,0,0,0,0,0,"- ","- ",36.926910400390625,-121.73388671875,"SANTA CRUZ",UNINCORPORATED,-121.73391723632812,36.927055358886719
92152713,2023,2023-08-24,9720,2023-08-15,1652,021304,,2,2,9,4400,0,2,4,,1,032,"518 GREEN VALLEY ROAD","MINTO ROAD",45.00,E,N,A,-,N,,,,,,,,,,N,2,0,1,3,A,-,01,23152,A,M,B,4,A,A,H,-,A,D,0,,,,,Y,Y,D,22,1,0,0,0,0,0,0,0,0,"- ","- ",36.951541900634766,-121.76480865478516,"SANTA CRUZ",UNINCORPORATED,-121.76490783691406,36.951358795166016
92155192,2023,2023-08-28,9720,2023-08-15,1653,021304,,2,2,9,4400,0,2,4,,1,032,"GREEN VALLEY RD","PAULSEN RD",20.00,W,N,A,-,N,,,,,,,,,,Y,2,0,3,2,A,-,01,23152,A,F,C,2,A,A,D,-,A,A,0,,,,,Y,Y,D,22,1,1,1,0,0,0,0,0,0,"- ","- ",36.955608367919922,-121.76492309570312,"SANTA CRUZ",UNINCORPORATED,-121.76495361328125,36.955780029296875