CASE_ID,ACCIDENT_YEAR,PROC_DATE,JURIS,COLLISION_DATE,COLLISION_TIME,OFFICER_ID,REPORTING_DISTRICT,DAY_OF_WEEK,CHP_SHIFT,POPULATION,CNTY_CITY_LOC,SPECIAL_COND,BEAT_TYPE,CHP_BEAT_TYPE,CITY_DIVISION_LAPD,CHP_BEAT_CLASS,BEAT_NUMBER,PRIMARY_RD,SECONDARY_RD,DISTANCE,DIRECTION,INTERSECTION,WEATHER_1,WEATHER_2,STATE_HWY_IND,CALTRANS_COUNTY,CALTRANS_DISTRICT,STATE_ROUTE,ROUTE_SUFFIX,POSTMILE_PREFIX,POSTMILE,LOCATION_TYPE,RAMP_INTERSECTION,SIDE_OF_HWY,TOW_AWAY,COLLISION_SEVERITY,NUMBER_KILLED,NUMBER_INJURED,PARTY_COUNT,PRIMARY_COLL_FACTOR,PCF_CODE_OF_VIOL,PCF_VIOL_CATEGORY,PCF_VIOLATION,PCF_VIOL_SUBSECTION,HIT_AND_RUN,TYPE_OF_COLLISION,MVIW,PED_ACTION,ROAD_SURFACE,ROAD_COND_1,ROAD_COND_2,LIGHTING,CONTROL_DEVICE,CHP_ROAD_TYPE,PEDESTRIAN_ACCIDENT,BICYCLE_ACCIDENT,MOTORCYCLE_ACCIDENT,TRUCK_ACCIDENT,NOT_PRIVATE_PROPERTY,ALCOHOL_INVOLVED,STWD_VEHTYPE_AT_FAULT,CHP_VEHTYPE_AT_FAULT,COUNT_SEVERE_INJ,COUNT_VISIBLE_INJ,COUNT_COMPLAINT_PAIN,COUNT_PED_KILLED,COUNT_PED_INJURED,COUNT_BICYCLIST_KILLED,COUNT_BICYCLIST_INJURED,COUNT_MC_KILLED,COUNT_MC_INJURED,PRIMARY_RAMP,SECONDARY_RAMP,LATITUDE,LONGITUDE,COUNTY,CITY,POINT_X,POINT_Y
92158285,2023,2023-08-30,9720,2023-08-18,1605,023331,,5,2,9,4400,0,1,3,,1,035,"SR-129 E/B","LAKEVIEW RD",1365.00,W,N,A,-,Y,SCR,,129," "," ",1.130,H,,R,N,2,0,1,2,A,-,09,21801,A,F,D,C,A,A,H,-,A,D,0,,,Y,,Y,,D,22,1,0,0,0,0,0,0,0,1,"- ","- ",36.915378570556641,-121.73606872558594,"SANTA CRUZ",UNINCORPORATED,-121.736083984375,36.915401458740234
92158945,2023,2023-08-30,9720,2023-08-16,1625,023103,,3,2,9,4400,0,1,3,,2,020,"NB SR-1","N BRANCIFORTE AVE",160.00,N,N,A,-,Y,SCR,,1," "," ",16.278,H,,R,Y,2,0,2,2,A,-,01,23152,A,N,B,2,A,A,H,-,A,D,0,,,,,Y,Y,A,01,1,0,1,0,0,0,0,0,0,"- ","- ",36.988670349121094,-122.01157379150391,"SANTA CRUZ",UNINCORPORATED,-122.01157379150391,36.988628387451172
92172342,2023,2023-09-18,9720,2023-09-09,"324 ",023026,,6,3,9,4400,0,1,3,,1,017,"N/B SR-17","GLENWOOD DR",100.00,N,N,A,-,Y,SCR,,17," "," ",10.683,H,,R,N,2,0,1,2,A,-,03,22350,,F,G,B,E,A,H,-,D,D,0,Y,,,,Y,,A,01,1,0,0,0,1,0,0,0,0,"- ","- ",37.120479583740234,-121.97582244873047,"SANTA CRUZ",UNINCORPORATED,-121.97594451904297,37.120517730712891
92181029,2023,2023-09-27,9720,2023-09-13,1100,023322,,3,1,9,4400,0,3,5,,2,200,"HIGHLAND WAY","SOQUEL SAN JOSE RD",4066.00,E,N,A,-,N,,,,,,,,,,N,2,0,1,1,A,-,03,22350,,N,F,A,A,A,H,-,A,D,0,,Y,,,Y,,L,04,1,0,0,0,0,0,1,0,0,"- ","- ",37.11199951171875,-121.91413116455078,"SANTA CRUZ",UNINCORPORATED,-121.91447448730469,37.112148284912109
9219591,2020,2021-02-19,4403,2020-12-24,1924,383,4-29,4,5,4,4403,0,0,0,,0,004,"PENNSYLVANIA DR","CLIFFORD AV",0.00,,Y,A,-,N,,,,,,,,,,Y,2,0,1,1,A,-,03,22350,,N,E,I,A,A,H,-,C,D,0,,,,,Y,,A,01,1,0,0,0,0,0,0,0,0,"- ","- ",,,"SANTA CRUZ",WATSONVILLE,-121.774658203125,36.922588348388672
92197722,2023,2023-10-12,9720,2023-06-07,1814,021540,,3,2,9,4400,0,1,3,,1,010,SR-1,"DIMEO LN",2112.00,N,N,A,-,Y,SCR,,1," "," ",23.101,H,,R,Y,1,1,0,2,A,-,05,21460,A,N,D,C,A,A,H,-,A,D,0,,,Y,,Y,,C,02,0,0,0,0,0,0,0,1,0,"- ","- ",36.967018127441406,-122.11122131347656,"SANTA CRUZ",UNINCORPORATED,-122.11122131347656,36.967018127441406
92197819,2023,2023-10-12,9720,2023-10-01,"750 ",023447,,7,1,9,4400,0,3,5,,2,300,"HAMES ROAD","BLAKE AVENUE",900.00,N,N,B,-,N,,,,,,,,,,N,2,0,1,1,A,-,03,22350,,N,F,A,A,A,H,-,A,D,0,,Y,,,Y,,-,"- ",1,0,0,0,0,0,1,0,0,"- ","- ",36.991310119628906,-121.81133270263672,"SANTA CRUZ",UNINCORPORATED,-121.81129455566406,36.991260528564453
92208778,2023,2023-10-26,9720,2023-10-16,1513,023387,,1,2,9,4400,0,1,3,,2,020,"SR-1 S/B","MARKET ST",75.00,N,N,A,-,Y,SCR,,1," "," ",16.397,H,,L,Y,2,0,1,1,A,-,03,22350,,N,F,A,A,A,H,-,A,D,0,,,,,Y,,A,07,1,0,0,0,0,0,0,0,0,"- ","- ",36.988571166992188,-122.01368713378906,"SANTA CRUZ",UNINCORPORATED,-122.01368713378906,36.988582611083984
92227397,2023,2023-11-03,9720,2023-05-28,1935,023166,,7,2,9,4400,0,1,3,,1,035,SR-129,"MURPHY RD.",5280.00,E,N,A,-,Y,SCR,,129," "," ",5.747,H,,R,Y,1,1,0,2,A,-,09,21804,A,N,D,C,A,A,H,-,A,D,0,,,Y,,Y,Y,C,02,0,0,0,0,0,0,0,1,0,"- ","- ",36.914829254150391,-121.65888214111328,"SANTA CRUZ",UNINCORPORATED,-121.65886688232422,36.914882659912109
92228380,2023,2023-11-06,9720,2023-10-29,1735,022140,,7,2,9,4400,0,3,5,,2,100,"EMPIRE GRADE","CAVE GULCH RD",3168.00,S,N,A,-,N,,,,,,,,,,Y,2,0,1,1,A,-,08,22107,,N,F,A,A,A,H,-,A,D,0,,,Y,,Y,,C,02,1,0,0,0,0,0,0,0,1,"- ","- ",37.00115966796875,-122.06977844238281,"SANTA CRUZ",UNINCORPORATED,-122.06941223144531,37.000541687011719
92228709,2023,2023-11-06,9720,2023-10-21,2330,022907,,6,3,9,4400,0,3,5,,2,200,"PORTER GULCH RD","SOQUEL DR",1584.00,E,N,A,-,N,,,,,,,,,,N,2,0,1,1,A,-,01,23152,A,M,F,A,A,B,H,-,D,D,0,,,Y,,Y,Y,C,02,1,0,0,0,0,0,0,0,1,"- ","- ",36.993721008300781,-121.92421722412109,"SANTA CRUZ",UNINCORPORATED,-121.92520904541016,36.992610931396484
92228869,2023,2024-01-10,9720,2023-10-31,1215,022963,,2,1,9,4400,0,1,3,,1,013,"SR-35 (SUMMIT RD)","BAYVIEW DR",403.00,S,N,A,-,Y,SCR,,35," "," ",1.134,H,,R,Y,1,1,0,1,A,-,03,22350,,N,E,I,A,A,H,-,A,D,0,,,,,Y,,A,01,0,0,0,0,0,0,0,0,0,"- ","- ",37.151420593261719,-121.99588775634766,"SANTA CRUZ",UNINCORPORATED,-121.9959716796875,37.151378631591797
92230945,2023,2023-11-08,9720,2023-10-24,2500,023419,,2,4,9,4400,0,2,4,,1,021,"SOQUEL DR","APTOS HILL LN",40.00,E,N,B,-,N,,,,,,,,,,N,2,0,1,1,A,-,08,22107,,N,C,A,A,A,A,-,A,D,0,,Y,,,Y,,-,"- ",1,0,0,0,0,0,1,0,0,"- ","- ",36.983131408691406,-121.912353515625,"SANTA CRUZ",UNINCORPORATED,-121.91243743896484,36.983051300048828
92237044,2022,2023-11-15,9720,2022-12-17,0149,019100,,6,3,5,4402,0,2,S,,2,901,"WATER STREET","NORTH BRANCIFORTE AVENUE",160.00,W,N,A,-,N,,,,,,,,,,Y,1,1,0,1,A,-,01,23152,G,N,F,A,A,A,H,-,C,A,0,,,Y,,Y,Y,C,02,0,0,0,0,0,0,0,1,0,"- ","- ",36.981418609619141,-122.01487731933594,"SANTA CRUZ","SANTA CRUZ",-122.01457977294922,36.981372833251953
92239457,2023,2023-11-17,9720,2023-11-03,"23  ",023316,,5,3,5,4402,0,3,5,,2,100,"EAST ZAYANTE RD","WEST ZAYANTE RD",2640.00,N,N,B,-,N,,,,,,,,,,Y,2,0,1,1,A,-,08,22107,,N,E,I,A,A,H,-,D,D,0,,,,,Y,,A,01,1,0,0,0,0,0,0,0,0,"- ","- ",37.067939758300781,-122.05722808837891,"SANTA CRUZ","SANTA CRUZ",-122.05722045898438,37.065658569335938
92240641,2023,2023-11-20,9720,2023-11-10,1626,023103,,5,2,9,4400,0,1,3,,1,012,SR-236,"OLD BASIN RD",100.00,N,N,A,-,Y,SCR,,236," "," ",6.430,H,,R,N,2,0,2,1,C,-,18,,,N,H,H,A,A,H,-,A,D,0,,,Y,,Y,,-,"- ",1,1,0,0,0,0,0,0,2,"- ","- ",37.166458129882812,-122.18765258789062,"SANTA CRUZ",UNINCORPORATED,-122.18764495849609,37.166454315185547
92269774,2023,2023-12-22,9720,2023-12-01,2250,023186,,5,3,9,4400,0,2,4,,1,021,"SOQUEL DR","TROUT GULCH DR",0.00,,Y,A,-,N,,,,,,,,,,N,2,0,1,1,A,-,17,21200,,N,F,A,A,A,H,-,C,D,0,,Y,,,Y,Y,M,91,1,0,0,0,0,0,1,0,0,"- ","- ",36.976848602294922,-121.90029907226562,"SANTA CRUZ",UNINCORPORATED,-121.90023803710938,36.976840972900391
92281297,2023,2024-01-08,9720,2023-12-23,"240 ",023186,,6,3,9,4400,0,2,4,,1,032,"FREEDOM BLVD","MCDONALD RD",528.00,E,N,A,-,N,,,,,,,,,,Y,2,0,2,1,A,-,08,22107,,N,E,8,A,A,H,-,C,D,0,,,,,Y,,A,01,1,1,0,0,0,0,0,0,0,"- ","- ",36.986549377441406,-121.85817718505859,"SANTA CRUZ",UNINCORPORATED,-121.85828399658203,36.986621856689453
92284323,2023,2024-01-11,9720,2023-12-03,2235,023026,,7,3,9,4400,0,2,4,,1,032,"AIRPORT BLVD","GREENVALLEY RD",200.00,W,N,A,-,N,,,,,,,,,,N,2,0,1,2,A,-,11,21954,A,N,G,B,D,A,H,-,D,D,0,Y,,,,Y,Y,N,60,1,0,0,0,1,0,0,0,0,"- ","- ",36.941291809082031,-121.77018737792969,"SANTA CRUZ",UNINCORPORATED,-121.77012634277344,36.941226959228516
92284958,2024,2024-01-11,9720,2024-01-01,1659,023387,,1,2,9,4400,0,3,5,,2,100,"LA MADRONA DR","VIA VINCA",1.00,S,N,A,-,N,,,,,,,,,,Y,2,0,2,1,A,-,03,22350,,N,E,I,A,A,H,-,B,D,0,,,,,Y,,A,01,1,1,0,0,0,0,0,0,0,"- ","- ",37.024959564208984,-122.02942657470703,"SANTA CRUZ",UNINCORPORATED,-122.02938842773438,37.024978637695312
92286803,2023,2024-01-15,9720,2023-12-16,1238,021321,,6,1,9,4400,0,1,3,,1,014,SR-9,"UPPER SR-236",5280.00,N,N,A,-,Y,SCR,,9," "," ",22.089,H,,R,N,2,0,1,1,A,-,03,22350,,N,F,A,A,A,H,-,A,D,0,,,Y,,Y,,C,02,1,0,0,0,0,0,0,0,1,"- ","- ",37.225399017333984,-122.15193939208984,"SANTA CRUZ",UNINCORPORATED,-122.15189361572266,37.225292205810547
92291114,2024,2024-01-19,9720,2024-01-10,2200,023507,,3,3,9,4400,0,1,3,,2,020,"SR-1 S/B","EMELINE AVE",680.00,N,N,B,-,Y,SCR,,1," "," ",16.830,H,,R,N,2,0,2,1,A,-,03,22350,,N,E,8,A,B,H,-,D,A,0,,,,,Y,,A,01,1,1,0,0,0,0,0,0,0,"- ","- ",36.989639282226562,-122.02162170410156,"SANTA CRUZ",UNINCORPORATED,-122.02156066894531,36.989719390869141
92301326,2024,2024-01-31,9720,2024-01-18,2053,023507,,4,2,9,4400,0,2,4,,1,024,"E CLIFF DRIVE","15TH AVENUE",60.00,W,N,A,-,N,,,,,,,,,,Y,2,0,1,1,A,-,01,23152,A,N,E,8,A,A,H,-,C,D,0,,,,,Y,Y,A,01,1,0,0,0,0,0,0,0,0,"- ","- ",36.963630676269531,-121.9912109375,"SANTA CRUZ",UNINCORPORATED,-121.99103546142578,36.963573455810547
92316160,2023,2024-08-26,9720,2023-10-24,1940,023103,,2,2,9,4400,0,2,4,,1,022,"SOQUEL SAN JOSE ROAD","LOS ROBLES ROAD",350.00,S,N,A,-,N,,,,,,,,,,Y,1,1,0,1,A,-,01,23152,A,N,E,8,A,A,H,-,D,D,0,,,,,Y,Y,D,22,0,0,0,0,0,0,0,0,0,"- ","- ",37.016559600830078,-121.9520263671875,"SANTA CRUZ",UNINCORPORATED,-121.95205688476562,37.016605377197266
92318210,2024,2024-02-20,9720,2024-01-29,"630 ",023636,,1,1,9,4400,0,1,3,,1,035,SR-129,"VANONI ROAD",1584.00,W,N,A,-,Y,SCR,,129," "," ",6.609,H,,R,Y,2,0,2,2,A,-,01,23152,A,F,A,C,A,A,H,-,D,D,0,,,,,Y,Y,A,01,2,0,0,0,0,0,0,0,0,"- ","- ",36.906009674072266,-121.64949035644531,"SANTA CRUZ",UNINCORPORATED,-121.64950561523438,36.905994415283203
9235719,2021,2021-04-16,4402,2021-02-22,1735,192,4402,1,5,5,4402,0,0,0,,0,000,"LAUREL ST","FRONT ST",0.00,,Y,A,-,N,,,,,,,,,,Y,2,0,1,2,A,-,11,21956,A,N,G,B,D,A,H,-,A,A,0,Y,,,,Y,,N,60,1,0,0,0,1,0,0,0,0,"- ","- ",,,"SANTA CRUZ","SANTA CRUZ",-122.02378082275391,36.969318389892578
92375195,2024,2024-04-25,9720,2024-04-12,1745,023447,,5,2,9,4400,0,2,4,,1,024,"PORTOLA DR","38TH AVE",0.00,,Y,B,-,N,,,,,,,,,,Y,2,0,1,2,A,-,12,22450,A,N,A,C,A,A,H,-,A,A,0,,,,,Y,,A,01,1,0,0,0,0,0,0,0,0,"- ","- ",36.963489532470703,-121.96737670898438,"SANTA CRUZ",UNINCORPORATED,-121.96739959716797,36.96343994140625
92376335,2024,2024-04-26,9720,2024-04-16,2052,023618,,2,2,9,4400,0,3,5,,2,100,"EMPIRE GRADE","HELLER DR",1637.00,N,N,A,-,N,,,,,,,,,,Y,2,0,2,1,A,-,08,22107,,N,E,I,A,A,H,-,D,D,0,,,,,Y,,A,01,1,1,0,0,0,0,0,0,0,"- ","- ",36.99224853515625,-122.0699462890625,"SANTA CRUZ",UNINCORPORATED,-122.06987762451172,36.992210388183594
92379861,2024,2024-05-01,9720,2024-04-25,1547,019956,,4,2,9,4400,0,1,3,,1,017,"SR-17 N/B","LAUREL RD",300.00,N,N,B,-,Y,SCR,,17," "," ",9.498,H,,R,N,2,0,1,1,C,-,18,,,N,F,A,A,A,B,-,A,D,0,,,Y,,Y,,-,"- ",1,0,0,0,0,0,0,0,1,"- ","- ",37.105171203613281,-121.97471618652344,"SANTA CRUZ",UNINCORPORATED,-121.97476196289062,37.105171203613281
92386245,2024,2024-05-09,9720,2024-04-28,1320,023146,,7,1,9,4400,0,3,5,,2,100,"EMPIRE GRADE RD","PATRICK RD",200.00,N,N,A,-,N,,,,,,,,,,N,2,0,1,1,A,-,08,22107,,N,E,8,A,A,H,-,A,D,0,,,Y,,Y,,C,02,1,0,0,0,0,0,0,0,1,"- ","- ",37.098960876464844,-122.14317321777344,"SANTA CRUZ",UNINCORPORATED,-122.14323425292969,37.098953247070312
92387641,2024,2024-05-13,9720,2024-05-03,"340 ",023387,,5,3,9,4400,0,1,3,,1,015,"SR-9 S/B","WOODLAND DR",5.00,S,N,A,-,Y,SCR,,9," "," ",9.104,H,,L,Y,2,0,1,1,A,-,01,23152,A,N,E,I,A,A,H,-,D,D,0,,,,,Y,Y,A,01,1,0,0,0,0,0,0,0,0,"- ","- ",37.084461212158203,-122.08905792236328,"SANTA CRUZ",UNINCORPORATED,-122.0889892578125,37.084495544433594
92398487,2024,2024-05-27,9720,2024-05-08,"450 ",023636,,3,3,9,4400,0,2,4,,1,032,"AIRPORT BLVD","PAJARO LN",686.00,E,N,A,-,N,,,,,,,,,,Y,2,0,1,2,A,-,03,22350,,N,G,B,E,A,H,-,D,D,0,Y,,,,Y,,A,01,1,0,0,0,1,0,0,0,0,"- ","- ",36.94158935546875,-121.77210998535156,"SANTA CRUZ",UNINCORPORATED,-121.77217864990234,36.941600799560547
92404601,2023,2024-06-03,9720,2023-11-14,1928,022879,,2,2,9,4400,0,1,3,,1,014,SR-9,"BEAR CREEK RD.",0.00,,Y,A,-,N,,,,,,,,,,N,2,0,1,2,A,-,09,21802,A,F,D,C,A,A,H,-,C,A,0,,,Y,,Y,,-,99,1,0,0,0,0,0,0,0,1,"- ","- ",37.128448486328125,-122.12297058105469,"SANTA CRUZ",UNINCORPORATED,-122.12302398681641,37.128482818603516
92404735,2024,2024-06-04,9720,2024-05-23,1803,022545,,4,2,9,4400,0,1,3,,2,020,"SR-1 S/B","41ST AVE",1056.00,N,N,A,-,Y,SCR,,1," "," ",13.898,H,,L,Y,2,0,1,2,A,-,01,23152,A,N,C,2,A,A,D,-,A,D,0,,,,,Y,Y,A,01,1,0,0,0,0,0,0,0,0,"- ","- ",36.982990264892578,-121.96949768066406,"SANTA CRUZ",UNINCORPORATED,-121.96949768066406,36.982982635498047
92438204,2024,2024-07-15,9720,2024-06-30,1453,023245,,7,2,9,4400,0,1,3,,1,010,SR-1,"DIMEO LN",2429.00,N,N,A,-,Y,SCR,,1," "," ",23.178,H,,R,Y,2,0,1,2,A,-,09,21801,A,N,D,C,A,A,H,-,A,D,0,,,Y,,Y,,A,01,1,0,0,0,0,0,0,0,1,"- ","- ",36.967460632324219,-122.11250305175781,"SANTA CRUZ",UNINCORPORATED,-122.11248016357422,36.967491149902344
9247487,2021,2021-04-16,4402,2021-03-28,1257,160,4402,7,5,5,4402,0,0,0,,0,000,"WEST CLIFF DR","SANTA CRUZ  ST",51.00,,N,A,-,N,,,,,,,,,,N,2,0,1,1,C,-,18,,,N,F,A,A,A,H,-,A,D,0,,Y,,,Y,,-,"- ",1,0,0,0,0,0,1,0,0,"- ","- ",,,"SANTA CRUZ","SANTA CRUZ",-122.02600860595703,36.958534240722656
9256405,2021,2021-07-22,4403,2021-06-19,1531,414,,6,5,4,4403,0,0,0,,0,002,"HARKINS SLOUGH RD","SUNSET VISTA DR",0.00,,Y,A,-,N,,,,,,,,,,Y,1,1,0,2,A,-,09,21802,A,N,D,C,A,A,H,-,A,A,0,,,Y,,Y,,A,07,0,0,0,0,0,0,0,1,0,"- ","- ",,,"SANTA CRUZ",WATSONVILLE,-121.77619934082031,36.914661407470703
9279384,2021,2021-06-10,4402,2021-05-10,1859,196,4402,1,5,5,4402,0,0,0,,0,000,"MISSION ST","CENTER ST",80.00,W,N,A,-,N,,,,,,,,,,N,2,0,1,1,A,-,03,22350,,N,F,G,A,A,A,-,A,A,0,,Y,,,Y,,L,04,1,0,0,0,0,0,1,0,0,"- ","- ",,,"SANTA CRUZ","SANTA CRUZ",-122.02819061279297,36.976890563964844
9291971,2021,2021-09-01,4403,2021-07-04,2138,382,433,7,5,4,4403,0,0,0,,0,004,"MILES LN","FREEDOM BL",617.00,W,N,A,-,N,,,,,,,,,,,2,0,1,2,A,-,01,23152,A,F,G,B,E,A,H,-,C,D,0,Y,,,,Y,Y,D,22,1,0,0,0,1,0,0,0,0,"- ","- ",,,"SANTA CRUZ",WATSONVILLE,-121.76355743408203,36.922183990478516
93097179,2024,2024-08-01,9720,2024-07-14,1417,023618,,7,2,9,4400,0,1,3,,1,014,SR-9,"SHINGLE MILL RD",0.00,,Y,A,-,Y,SM,,9," "," ",24.655,H,,R,N,2,0,1,1,A,-,08,22107,,N,F,A,A,A,H,-,A,D,0,,,Y,,Y,,C,02,1,0,0,0,0,0,0,0,1,"- ","- ",37.249099731445312,-122.15390777587891,"SANTA CRUZ",UNINCORPORATED,-122.15386199951172,37.2490234375
93098185,2024,2024-08-01,9720,2024-07-24,1840,023245,,3,2,9,4400,0,2,4,,1,024,"BROMMER ST","7TH AVE",0.00,,Y,A,-,N,,,,,,,,,,N,2,0,1,2,A,-,09,21800,A,N,H,G,A,A,H,-,A,A,0,,Y,,,Y,,A,07,1,0,0,0,0,0,1,0,0,"- ","- ",36.972461700439453,-121.99588012695312,"SANTA CRUZ",UNINCORPORATED,-121.99575805664062,36.972503662109375
9320662,2022,2022-05-20,4403,2022-03-19,2328,418,4-38,6,5,4,4403,0,0,0,,0,004,"GREEN VALLEY RD","PENNSYLVANIA DR",0.00,,Y,A,-,N,,,,,,,,,,Y,1,2,1,3,A,-,01,23152,B,N,A,C,A,B,H,-,C,A,0,,,,,Y,Y,A,01,1,0,0,0,0,0,0,0,0,"- ","- ",,,"SANTA CRUZ",WATSONVILLE,-121.77712249755859,36.930328369140625
9320916,2022,2022-07-25,4403,2022-05-05,2234,420,"4 29",4,5,4,4403,0,0,0,,0,004,"RT 152","GREEN VALLEY RD",240.00,S,N,A,-,Y,SCR,5,152,-,T,1.260,H,-,W,N,1,1,0,2,A,-,11,21955,,F,G,B,D,A,H,-,C,D,0,Y,,,,Y,Y,N,60,0,0,0,1,0,0,0,0,0,"- ","- ",,,"SANTA CRUZ",WATSONVILLE,-121.78269195556641,36.918510437011719
9352456,2021,2021-12-16,4402,2021-10-16,0200,131,4402,6,5,5,4402,0,0,0,,0,000,"WASHBURN AV","MARKET ST",81.00,E,N,A,-,N,,,,,,,,,,N,2,0,1,2,A,-,01,23152,A,N,D,E,A,A,H,-,C,D,0,,,,,Y,Y,A,01,1,0,0,0,0,0,0,0,0,"- ","- ",,,"SANTA CRUZ","SANTA CRUZ",-122.01886749267578,36.983131408691406
9369044,2021,2022-01-08,4401,2021-10-15,0925,523,4401,5,5,3,4401,0,0,0,,0,,"BAY AV",CROSSROADS,0.00,,Y,A,-,N,,,,,,,,,,N,2,0,1,1,D,-,00,,,N,A,I,A,A,H,-,A,D,0,,Y,,,Y,,-,"- ",1,0,0,0,0,0,1,0,0,"- ","- ",,,"SANTA CRUZ",CAPITOLA,,
9381487,2022,2022-01-31,4401,2022-01-15,2222,526,4401,6,5,3,4401,0,0,0,,0,,"41ST AV","RT 1",0.00,,Y,A,-,N,,,,,,,,,,Y,2,0,1,2,A,-,01,23152,,N,D,C,A,A,H,-,C,A,0,,,,,Y,Y,A,01,1,0,0,0,0,0,0,0,0,"- ","- ",,,"SANTA CRUZ",CAPITOLA,-121.96439361572266,36.982837677001953
9401634,2021,2022-02-15,4404,2021-10-16,1922,5100,4404,6,5,3,4404,0,0,0,,0,SOUTH,"KINGS VILLAGE RD","MT HERMON RD",94.00,N,N,A,-,N,,,,,,,,,,N,2,0,1,2,A,-,11,21950,B,N,G,B,D,A,H,-,C,D,0,Y,,,,Y,,N,60,1,0,0,0,1,0,0,0,0,"- ","- ",37.046241760253906,-122.02792358398438,"SANTA CRUZ","SCOTTS VALLEY",-122.02816772460938,37.046245574951172
9402663,2022,2022-02-09,4402,2022-01-14,1616,152,4402,5,5,5,4402,0,0,0,,0,000,"SOQUEL AV","SEABRIGHT AV",95.00,W,N,A,-,N,,,,,,,,,,N,2,0,1,2,A,-,00,21954,,N,G,B,D,A,H,-,A,D,0,Y,,,,Y,Y,N,60,1,0,0,0,1,0,0,0,0,"- ","- ",,,"SANTA CRUZ","SANTA CRUZ",-122.01090240478516,36.979644775390625
9412264,2022,2022-02-28,4403,2022-01-22,2115,406,4-02,6,5,4,4403,0,0,0,,0,004,"FREEDOM BL","BLANCA LN",33.00,S,N,A,-,N,,,,,,,,,,Y,2,0,2,2,A,-,09,21801,A,N,A,C,A,A,H,-,C,D,0,,,,,Y,,D,22,1,0,1,0,0,0,0,0,0,"- ","- ",,,"SANTA CRUZ",WATSONVILLE,-121.76908874511719,36.931190490722656
9425978,2022,2022-04-13,4402,2022-03-21,1218,192,4402,1,5,5,4402,0,0,0,,0,000,"MARNELL AV","SOQUEL AV",65.00,N,N,A,-,N,,,,,,,,,,Y,2,0,1,4,A,-,01,23153,A,N,A,C,E,A,H,-,A,D,0,Y,,,,Y,Y,D,22,1,0,0,0,1,0,0,0,0,"- ","- ",,,"SANTA CRUZ","SANTA CRUZ",-122.00284576416016,36.981609344482422
94418249,2024,2024-10-03,9720,2024-09-20,1828,023721,,5,2,9,4400,0,1,3,,1,014,SR-9,"RED MOUNTAIN TRAIL",850.00,N,N,A,-,Y,SCR,,9," "," ",26.252,H,,R,N,2,0,1,1,A,-,03,22350,,N,F,A,A,A,H,-,A,D,0,,,Y,,Y,,C,02,1,0,0,0,0,0,0,0,1,"- ","- ",37.254051208496094,-122.13468170166016,"SANTA CRUZ",UNINCORPORATED,-122.13463592529297,37.254043579101562
94422151,2024,2024-10-22,9720,2024-09-10,2124,023419,,2,2,9,4400,0,2,4,,1,024,"BROMMER ST","LIVE OAK AVE",0.00,,Y,A,-,N,,,,,,,,,,Y,2,0,1,2,A,-,09,21801,A,N,D,C,A,A,H,-,C,D,0,,,Y,,Y,,D,22,1,0,0,0,0,0,0,0,0,"- ","- ",36.972049713134766,-121.9915771484375,"SANTA CRUZ",UNINCORPORATED,-121.99150085449219,36.972053527832031
94428985,2024,2024-10-14,9720,2024-10-02,1731,022879,,3,2,9,4400,0,1,3,,2,020,"SR-1 S/B","MORRISSEY BLVD.",1478.00,S,N,A,-,Y,SCR,,1," "," ",15.534,H,,L,Y,2,0,1,2,A,-,01,23152,A,N,C,C,A,A,H,-,A,D,0,,,,,Y,Y,D,22,1,0,0,0,0,0,0,0,0,"- ","- ",36.988170623779297,-121.99823760986328,"SANTA CRUZ",UNINCORPORATED,-121.99823760986328,36.988140106201172
94458621,2024,2024-11-05,9720,2024-05-26,"245 ",023419,,7,3,9,4400,0,2,4,,1,016,"GRAHAM HILL ROAD","DEER PATH ROAD",7.00,S,N,A,-,N,,,,,,,,,,Y,1,1,0,1,A,-,01,23152,G,N,E,8,A,A,H,-,D,D,0,,,,,Y,Y,A,01,0,0,0,0,0,0,0,0,0,"- ","- ",37.006641387939453,-122.03404998779297,"SANTA CRUZ",UNINCORPORATED,-122.03410339355469,37.006599426269531
94462722,2024,2024-11-08,9720,2024-06-23,1241,023507,,7,1,9,4400,0,1,3,,1,010,SR-1,"DIMEO LN",533.00,S,N,A,-,Y,SCR,,1," "," ",22.600,H,,R,Y,1,1,0,1,A,-,01,23152,G,N,E,8,A,A,H,-,A,D,0,,,,,Y,Y,A,08,0,0,0,0,0,0,0,0,0,"- ","- ",36.963581085205078,-122.10340881347656,"SANTA CRUZ",UNINCORPORATED,-122.10335540771484,36.963645935058594