CASE_ID,ACCIDENT_YEAR,PROC_DATE,JURIS,COLLISION_DATE,COLLISION_TIME,OFFICER_ID,REPORTING_DISTRICT,DAY_OF_WEEK,CHP_SHIFT,POPULATION,CNTY_CITY_LOC,SPECIAL_COND,BEAT_TYPE,CHP_BEAT_TYPE,CITY_DIVISION_LAPD,CHP_BEAT_CLASS,BEAT_NUMBER,PRIMARY_RD,SECONDARY_RD,DISTANCE,DIRECTION,INTERSECTION,WEATHER_1,WEATHER_2,STATE_HWY_IND,CALTRANS_COUNTY,CALTRANS_DISTRICT,STATE_ROUTE,ROUTE_SUFFIX,POSTMILE_PREFIX,POSTMILE,LOCATION_TYPE,RAMP_INTERSECTION,SIDE_OF_HWY,TOW_AWAY,COLLISION_SEVERITY,NUMBER_KILLED,NUMBER_INJURED,PARTY_COUNT,PRIMARY_COLL_FACTOR,PCF_CODE_OF_VIOL,PCF_VIOL_CATEGORY,PCF_VIOLATION,PCF_VIOL_SUBSECTION,HIT_AND_RUN,TYPE_OF_COLLISION,MVIW,PED_ACTION,ROAD_SURFACE,ROAD_COND_1,ROAD_COND_2,LIGHTING,CONTROL_DEVICE,CHP_ROAD_TYPE,PEDESTRIAN_ACCIDENT,BICYCLE_ACCIDENT,MOTORCYCLE_ACCIDENT,TRUCK_ACCIDENT,NOT_PRIVATE_PROPERTY,ALCOHOL_INVOLVED,STWD_VEHTYPE_AT_FAULT,CHP_VEHTYPE_AT_FAULT,COUNT_SEVERE_INJ,COUNT_VISIBLE_INJ,COUNT_COMPLAINT_PAIN,COUNT_PED_KILLED,COUNT_PED_INJURED,COUNT_BICYCLIST_KILLED,COUNT_BICYCLIST_INJURED,COUNT_MC_KILLED,COUNT_MC_INJURED,PRIMARY_RAMP,SECONDARY_RAMP,LATITUDE,LONGITUDE,COUNTY,CITY,POINT_X,POINT_Y
94474379,2024,2024-11-18,9720,2024-10-31,1310,023507,,4,1,9,4400,0,3,5,,2,100,"EMPIRE GRADE RD","LLAMA RANCH LN",290.00,N,N,A,-,N,,,,,,,,,,Y,2,0,1,1,A,-,01,23152,A,N,E,I,A,A,H,-,A,D,0,,,,,Y,Y,A,07,1,0,0,0,0,0,0,0,0,"- ","- ",37.009868621826172,-122.07585906982422,"SANTA CRUZ",UNINCORPORATED,-122.07579040527344,37.009822845458984
94497671,2024,2024-12-13,9720,2024-11-25,"323 ",023636,,1,3,9,4400,0,1,3,,1,035,SR-129,"MURPHY ROAD",3010.00,E,N,C,-,Y,SCR,,129," "," ",5.323,H,,R,Y,2,0,1,1,A,-,01,23152,A,N,E,8,A,B,H,-,D,D,0,,,,,Y,Y,D,22,1,0,0,0,0,0,0,0,0,"- ","- ",36.914249420166016,-121.66639709472656,"SANTA CRUZ",UNINCORPORATED,-121.66641998291016,36.914169311523438
94502474,2024,2024-12-13,9720,2024-11-29,1930,023447,,5,2,9,4400,0,1,3,,1,017,"SR-17 S/B","ALTA VISTA DR",200.00,S,N,A,-,Y,SCR,,17," "," ",11.190,H,,L,Y,2,0,1,1,A,-,08,22107,,N,E,I,A,A,H,-,D,D,0,,,,,Y,,A,01,1,0,0,0,0,0,0,0,0,"- ","- ",37.126628875732422,-121.97435760498047,"SANTA CRUZ",UNINCORPORATED,-121.97437286376953,37.126613616943359
94534738,2025,2025-01-13,9720,2025-01-04,1320,023959,,6,1,9,4400,0,1,3,,1,013,SR-35,"BEAR CREEK RD",5280.00,N,N,A,-,Y,SCR,,35," "," ",4.443,H,,R,N,2,0,1,1,A,-,03,22350,,N,E,I,A,A,H,-,A,D,0,,Y,,,Y,,L,04,1,0,0,0,0,0,1,0,0,"- ","- ",37.17388916015625,-122.02671813964844,"SANTA CRUZ",UNINCORPORATED,-122.02670288085938,37.173923492431641
94536926,2025,2025-01-14,9720,2025-01-02,1730,023507,,4,2,9,4400,0,3,5,,2,200,"SUMMIT RD","OLD SANTA CRUZ HWY",600.00,E,N,A,-,N,,,,,,,,,,Y,2,0,1,2,A,-,00,21760,B,N,H,G,A,A,H,-,D,D,0,,Y,,,Y,,A,07,1,0,0,0,0,0,1,0,0,"- ","- ",37.134471893310547,-121.96478271484375,"SANTA CRUZ",UNINCORPORATED,-121.96633911132812,37.135848999023438
94537775,2025,2025-01-14,9720,2025-01-05,1440,023959,,7,2,9,4400,0,1,3,,1,014,SR-9,"SHINGLE MILL RD",528.00,S,N,A,-,Y,SCR,,9," "," ",24.313,H,,R,Y,2,0,3,4,A,-,05,21460,,N,A,C,A,A,H,-,A,D,0,,,Y,,Y,,C,02,2,0,1,0,0,0,0,0,3,"- ","- ",37.244979858398438,-122.15135955810547,"SANTA CRUZ",UNINCORPORATED,-122.15139770507812,37.245006561279297
94544794,2024,2025-01-21,9720,2024-08-17,"730 ",023573,,6,1,9,4400,0,2,4,,1,031,"FREEDOM BLVD","MCDONALD RD",150.00,E,N,A,-,N,,,,,,,,,,Y,1,1,1,2,A,-,05,21460,A,N,A,C,A,A,H,-,A,D,0,,,,,Y,,A,07,0,1,0,0,0,0,0,0,0,"- ","- ",36.986579895019531,-121.85930633544922,"SANTA CRUZ",UNINCORPORATED,-121.85956573486328,36.986534118652344
94562994,2025,2025-02-03,9720,2025-01-22,2221,023186,,3,3,9,4400,0,1,3,,1,035,"RT 129","BLACKBURN ST",1584.00,E,N,A,-,Y,SCR,,129," "," ",0.851,H,,R,Y,2,0,1,1,A,-,01,23152,A,N,E,8,A,A,H,-,D,D,0,,,,,Y,Y,A,07,1,0,0,0,0,0,0,0,0,"- ","- ",36.914028167724609,-121.74067687988281,"SANTA CRUZ",UNINCORPORATED,-121.74066162109375,36.913986206054688
94565187,2024,2025-02-04,9720,2024-10-17,2213,023618,,4,3,9,4400,0,1,3,,1,014,SR-9,"JUANITA ROAD",225.00,S,N,A,-,Y,SCR,,9," "," ",14.224,H,,R,Y,1,1,0,1,A,-,01,23152,A,N,E,8,A,A,H,-,D,D,0,,,,,Y,Y,A,01,0,0,0,0,0,0,0,0,0,"- ","- ",37.139659881591797,-122.13050079345703,"SANTA CRUZ",UNINCORPORATED,-122.13054656982422,37.139629364013672
9463218,2022,2022-08-31,4403,2022-07-02,2055,417,,6,5,4,4403,0,0,0,,0,,"LINCOLN ST","PROSPECT ST",12.00,S,N,A,-,N,,,,,,,,,,Y,2,0,1,2,A,-,09,21802,A,F,D,C,A,A,H,-,C,A,0,,,Y,,Y,,A,01,1,0,0,0,0,0,0,0,0,"- ","- ",,,"SANTA CRUZ",WATSONVILLE,-121.76084899902344,36.92254638671875
94660061,2025,2025-04-23,9720,2025-04-03,1210,024071,,4,1,9,4400,0,1,3,,2,030,"SR-1 N/B","MAR MONTE AVE",680.00,S,N,A,-,Y,SCR,,1," ",R,6.556,H,,R,Y,2,0,1,1,A,-,08,22107,,N,E,I,A,A,H,-,A,D,0,,,,,Y,,A,07,1,0,0,0,0,0,0,0,0,"- ","- ",36.948490142822266,-121.84929656982422,"SANTA CRUZ",UNINCORPORATED,-121.84933471679688,36.948463439941406
94670984,2025,2025-05-01,9720,2025-04-18,1825,024053,,5,2,9,4400,0,1,3,,1,017,"SR-17 N/B","LAUREL RD",395.00,N,N,A,-,Y,SCR,,17," "," ",9.517,H,,R,N,2,0,1,2,A,-,07,21658,A,N,B,2,A,A,H,-,A,D,0,,,Y,,Y,,C,02,1,0,0,0,0,0,0,0,1,"- ","- ",37.105449676513672,-121.97474670410156,"SANTA CRUZ",UNINCORPORATED,-121.97480773925781,37.105438232421875
94705886,2025,2025-05-29,9720,2025-05-16,1630,024376,,5,2,9,4400,0,1,3,,1,015,"SR-9 N/B","BEAR CREEK RD",0.00,,Y,A,-,Y,SCR,,9," "," ",13.240,H,,R,Y,2,0,1,2,A,-,09,21802,A,N,D,C,A,A,H,-,A,A,0,,,Y,,Y,,A,07,1,0,0,0,0,0,0,0,1,"- ","- ",37.128501892089844,-122.12301635742188,"SANTA CRUZ",UNINCORPORATED,-122.12300872802734,37.128501892089844
94717519,2025,2025-06-09,9720,2025-05-30,"145 ",023959,,5,3,9,4400,0,1,3,,1,014,SR-9,"STAPP RD",540.00,S,N,A,-,Y,SCR,,9," "," ",17.677,H,,R,Y,2,0,1,1,A,-,01,23152,F,N,E,I,A,A,H,-,D,D,0,,,,,Y,,A,01,1,0,0,0,0,0,0,0,0,"- ","- ",37.187309265136719,-122.14266967773438,"SANTA CRUZ",UNINCORPORATED,-122.14263916015625,37.187328338623047
9472209,2022,2022-08-04,4401,2022-05-05,1748,523,4401,4,5,3,4401,0,0,0,,0,,"BAY AV","OAK DR",0.00,,Y,A,-,N,,,,,,,,,,N,2,0,1,1,A,-,03,22350,,N,H,-,A,A,-,-,A,A,0,,Y,,,Y,Y,L,04,1,0,0,0,0,0,1,0,0,"- ","- ",,,"SANTA CRUZ",CAPITOLA,-121.95382690429688,36.979408264160156
94741273,2024,2025-06-26,9720,2024-11-19,"627 ",022140,,2,1,9,4400,0,2,4,,1,032,"GREEN VALLEY RD","PINTO LAKE RD",0.00,,Y,A,-,N,,,,,,,,,,N,1,1,0,2,A,-,10,21950,A,N,G,B,B,A,D,-,B,D,0,Y,,,,Y,,A,01,0,0,0,1,0,0,0,0,0,"- ","- ",36.948211669921875,-121.76548004150391,"SANTA CRUZ",UNINCORPORATED,,
94762524,2025,2025-07-15,9720,2025-06-24,1540,022140,,2,2,9,4400,0,1,3,,1,015,SR-9,"JACOBSON LN",155.00,N,N,A,-,Y,SCR,,9," "," ",10.100,H,,R,Y,2,0,2,2,A,-,05,21460,A,N,A,2,A,A,H,-,A,D,0,,,,,Y,,A,07,2,0,0,0,0,0,0,0,0,"- ","- ",37.094490051269531,-122.09689331054688,"SANTA CRUZ",UNINCORPORATED,-122.096923828125,37.094482421875
9478993,2022,2022-09-26,4403,2022-07-27,1941,417,221,3,5,4,4403,0,0,0,,0,002,"2ND ST","RODRIGUEZ ST",151.00,W,N,A,-,N,,,,,,,,,,N,2,0,1,1,A,-,05,21650,1,N,E,J,A,A,H,-,A,D,0,,Y,,,Y,,L,04,1,0,0,0,0,0,1,0,0,"- ","- ",,,"SANTA CRUZ",WATSONVILLE,-121.75727844238281,36.908039093017578
9485719,2022,2022-08-31,4403,2022-08-13,1419,410,107,6,5,4,4403,0,0,0,,0,001,"LINCOLN ST","HIGH ST",155.00,S,N,A,-,N,,,,,,,,,,Y,2,0,1,2,A,-,09,21804,A,N,B,G,A,A,H,-,A,D,0,,Y,,,Y,,L,04,1,0,0,0,0,0,1,0,0,"- ","- ",,,"SANTA CRUZ",WATSONVILLE,-121.75800323486328,36.919681549072266
9485734,2022,2022-09-01,4403,2022-07-30,1250,344,438,6,5,4,4403,0,0,0,,0,004,"PENNSYLVANIA AV","WINDING WY",300.00,S,N,A,-,N,,,,,,,,,,N,2,0,1,1,A,-,03,22350,,N,F,A,A,A,H,-,A,D,0,,,Y,,Y,,C,02,1,0,0,0,0,0,0,0,1,"- ","- ",,,"SANTA CRUZ",WATSONVILLE,-121.2734375,38.644718170166016
9504287,2022,2022-10-19,4402,2022-09-06,1837,198,4402,2,5,5,4402,0,0,0,,0,000,"RT 1","LAUREL ST",0.00,,Y,A,-,Y,SCR,5,1,-,-,18.730,I,5,S,N,2,0,1,2,A,-,12,21453,A,N,H,G,A,B,H,-,A,A,0,,Y,,,Y,,L,04,1,0,0,0,0,0,1,0,0,"- ","- ",,,"SANTA CRUZ","SANTA CRUZ",-122.03733062744141,36.969581604003906
9511245,2022,2023-02-01,4402,2022-12-02,1845,447,4402,5,5,5,4402,0,0,0,,0,000,"POPLAR AV","MELROSE AV",15.00,S,N,A,-,N,,,,,,,,,,N,2,0,1,2,A,-,00,21954,,N,G,B,D,A,H,-,E,D,0,Y,Y,,,Y,,N,60,1,0,0,0,1,0,0,0,0,"- ","- ",,,"SANTA CRUZ","SANTA CRUZ",-122.00834655761719,36.982868194580078
9522164,2022,2022-11-29,4402,2022-10-31,1938,163,4402,1,5,5,4402,0,0,0,,0,000,"WATER ST","REED WY",209.00,W,N,A,-,N,,,,,,,,,,N,2,0,1,1,A,-,01,21200,5,N,E,G,A,A,H,-,C,D,0,,Y,,,Y,Y,L,04,1,0,0,0,0,0,1,0,0,"- ","- ",,,"SANTA CRUZ","SANTA CRUZ",-122.01788330078125,36.980735778808594
9533469,2022,2023-01-26,4401,2022-11-15,1536,528,SANTA,2,5,3,4401,0,0,0,,0,002,"45TH AV","CAPITOLA RD",0.00,,Y,A,-,N,,,,,,,,,,N,2,0,1,2,A,-,08,22107,,N,G,B,B,A,H,-,A,A,0,Y,,,,Y,,A,01,1,0,0,0,1,0,0,0,0,"- ","- ",,,"SANTA CRUZ",CAPITOLA,-121.95980834960938,36.973720550537109
9544278,2022,2023-02-08,4402,2022-12-16,0530,153,4402,5,5,5,4402,0,0,0,,0,000,"RT 1","WALNUT AV",1.00,S,N,A,-,Y,SCR,5,1,-,-,18.500,I,5,S,N,2,0,1,2,A,-,11,21453,D,N,G,B,B,A,H,-,C,A,0,Y,,,,Y,Y,N,60,1,0,0,0,1,0,0,0,0,"- ","- ",,,"SANTA CRUZ","SANTA CRUZ",-122.03546905517578,36.972434997558594
9549119,2023,2023-03-03,4401,2023-01-21,1557,523,4401,6,5,3,4401,0,0,0,,0,,"CLARES ST","40TH AV",0.00,,Y,A,-,N,,,,,,,,,,N,2,0,1,2,A,-,10,21950,A,N,D,B,-,A,H,-,A,A,0,Y,,,,Y,,A,01,1,0,0,0,1,0,0,0,0,"- ","- ",,,"SANTA CRUZ",CAPITOLA,-121.96610260009766,36.978328704833984
9555798,2023,2023-03-17,4402,2023-01-31,1710,161,4402,2,5,5,4402,0,0,0,,0,000,"DELAWARE AV","WOODROW AV",33.00,E,N,A,-,N,,,,,,,,,,N,2,0,1,3,A,-,08,22107,,N,B,E,A,A,H,-,A,D,0,,Y,,,Y,,L,04,1,0,0,0,0,0,1,0,0,"- ","- ",,,"SANTA CRUZ","SANTA CRUZ",-122.03775787353516,36.957038879394531
9593605,2023,2023-07-18,4402,2023-06-07,1831,130,4402,3,5,5,4402,0,0,0,,0,000,BROADWAY,"CAMPBELL ST",0.00,,Y,A,-,N,,,,,,,,,,Y,2,0,1,2,A,-,09,21801,A,N,B,G,A,A,H,-,A,D,0,,Y,,,Y,,A,01,1,0,0,0,0,0,1,0,0,"- ","- ",,,"SANTA CRUZ","SANTA CRUZ",-122.02057647705078,36.972217559814453
9593608,2023,2023-07-18,4402,2023-06-03,2241,161,4402,6,5,5,4402,0,0,0,,0,000,"OCEAN ST","SOQUEL AV",0.00,,Y,B,-,N,,,,,,,,,,N,2,0,1,2,A,-,12,21453,A,N,D,G,A,A,H,-,C,A,0,,Y,,,Y,,L,04,1,0,0,0,0,0,1,0,0,"- ","- ",,,"SANTA CRUZ","SANTA CRUZ",-122.01890563964844,36.97454833984375
9597158,2023,2023-08-09,4403,2023-06-30,"122 ",T0015,3-15,5,5,4,4403,0,0,0,,0,003,"BLACKBURN ST","E BEACH ST",0.00,,Y,A,-,N,,,,,,,,,,Y,2,0,1,8,A,-,01,23152,A,N,A,E,A,A,H,-,D,A,0,,,,,Y,Y,A,01,1,0,0,0,0,0,0,0,0,"- ","- ",,,"SANTA CRUZ",WATSONVILLE,-121.74973297119141,36.915481567382812
9601637,2023,2023-09-08,4402,2023-07-14,1451,160,4402,5,5,5,4402,0,0,0,,0,,"MISSION ST","BAY ST",300.00,W,N,A,-,Y,SCR,5,1,-,-,19.060,H,-,N,Y,2,0,2,2,A,-,09,21804,A,N,A,C,A,A,H,-,A,D,0,,,Y,,Y,,D,22,2,0,0,0,0,0,0,0,2,"- ","- ",,,"SANTA CRUZ","SANTA CRUZ",-122.04097747802734,36.965915679931641
9603382,2023,2023-08-22,4402,2023-06-21,1216,151,4402,3,5,5,4402,0,0,0,,0,BEACH,"RAILROAD TRACKS","RIVERSIDE AV",323.00,W,N,A,-,N,,,,,,,,,,N,2,0,1,2,A,-,12,22451,A,N,G,J,D,A,H,-,A,D,0,Y,,,,Y,,N,60,1,0,0,0,1,0,0,0,0,"- ","- ",,,"SANTA CRUZ","SANTA CRUZ",-122.08187103271484,37.083259582519531
9610627,2023,2023-09-28,4403,2023-08-17,2021,398,527,4,5,4,4403,0,0,0,,0,005,"AIRPORT BL","NIELSON ST",870.00,E,N,A,-,N,,,,,,,,,,N,2,0,1,2,A,-,11,21954,A,N,G,B,E,A,H,-,C,D,0,Y,,,,Y,,N,60,1,0,0,0,1,0,0,0,0,"- ","- ",,,"SANTA CRUZ",WATSONVILLE,-121.79274749755859,36.930416107177734
9610702,2023,2023-09-13,4402,2023-07-13,1009,151,4402,4,5,5,4402,0,0,0,,0,00B,"BEACH ST","CLIFF ST",0.00,,Y,A,-,N,,,,,,,,,,N,2,0,1,1,A,-,03,22350,,N,H,A,A,A,H,-,A,A,0,,,,,Y,,M,94,1,0,0,0,0,0,0,0,0,"- ","- ",,,"SANTA CRUZ","SANTA CRUZ",-122.02017974853516,36.964168548583984
9613632,2023,2023-09-07,4402,2023-08-06,2232,148,4402,7,5,5,4402,0,0,0,,0,000,"PACIFIC AV","CENTER ST",0.00,,Y,A,-,N,,,,,,,,,,N,2,0,2,1,A,-,08,22107,,N,E,A,A,A,H,-,C,D,0,,Y,,,Y,Y,L,04,1,1,0,0,0,0,2,0,0,"- ","- ",,,"SANTA CRUZ","SANTA CRUZ",-117.3369140625,34.015743255615234
9625370,2023,2023-10-10,4402,2023-08-27,"27  ",148,4402,7,5,5,4402,0,0,0,,0,000,"OCEAN ST","DAKOTA AV",0.00,,Y,A,-,N,,,,,,,,,,N,2,0,1,2,D,-,00,,,F,G,B,B,A,H,-,C,A,0,Y,,,,Y,,-,"- ",1,0,0,0,1,0,0,0,0,"- ","- ",,,"SANTA CRUZ","SANTA CRUZ",-122.02005004882812,36.976825714111328
9629235,2023,2025-06-27,4404,2023-08-30,1652,5461,4404,3,5,3,4404,0,0,0,,0,00S,"MT HERMON RD","PG&E POLE 152026",336.00,E,N,A,-,N,,,,,,,,,,Y,1,2,2,2,A,-,01,23152,F,N,A,C,A,A,H,-,A,D,0,,,,,Y,,A,01,1,1,0,0,0,0,0,0,0,"- ","- ",37.048290252685547,-122.03433227539062,"SANTA CRUZ","SCOTTS VALLEY",,
9640581,2024,2024-07-31,4403,2024-03-15,1304,417,2-23,5,5,4,4403,0,0,0,,0,002,"MAIN ST","RODRIGUEZ ST",296.00,E,N,A,-,Y,SCR,5,152,-,T,2.400,H,-,E,Y,1,1,0,2,A,-,08,22107,,N,-,G,A,A,H,-,A,D,0,,Y,,,Y,,A,01,0,0,0,0,0,1,0,0,0,"- ","- ",,,"SANTA CRUZ",WATSONVILLE,-121.76326751708984,36.915119171142578
9642957,2023,2023-12-06,4402,2023-10-28,1652,196,4402,6,5,5,4402,0,0,0,,0,000,"SOQUEL AV","MORRISSEY BL",0.00,,Y,A,-,N,,,,,,,,,,N,2,0,1,2,A,-,17,21461,A,N,G,B,B,A,H,-,A,A,0,Y,,,,Y,,N,60,1,0,0,0,1,0,0,0,0,"- ","- ",,,"SANTA CRUZ","SANTA CRUZ",-122.00687408447266,36.981349945068359
9647524,2023,2023-12-19,4402,2023-11-22,1749,148,4402,3,5,5,4402,0,0,0,,0,000,BROADWAY,"PENNSYLVANIA AV",77.00,W,N,A,-,N,,,,,,,,,,Y,2,0,1,2,A,-,01,23152,A,N,B,B,D,A,H,-,C,D,0,Y,,,,Y,Y,A,07,1,0,0,0,1,0,0,0,0,"- ","- ",,,"SANTA CRUZ","SANTA CRUZ",-122.011962890625,36.975040435791016
9653597,2023,2024-02-23,4402,2023-12-04,1415,192,4402,1,5,5,4402,0,0,0,,0,000,"MISSION ST","CENTER ST",105.00,W,N,A,-,N,,,,,,,,,,Y,2,0,2,1,A,-,08,22107,,N,E,J,A,A,H,-,A,A,0,,,,,Y,,A,01,1,1,0,0,0,0,0,0,0,"- ","- ",,,"SANTA CRUZ","SANTA CRUZ",-122.02828216552734,36.976894378662109
9673009,2024,2024-04-10,4403,2024-02-09,1836,396,223,5,5,4,4403,0,0,0,,0,002,"OHLONE PKWY","MAIN ST",483.00,W,N,A,-,N,,,,,,,,,,N,2,0,1,2,A,-,11,21954,A,N,G,B,D,A,H,-,C,D,0,Y,,,,Y,,N,60,1,0,0,0,1,0,0,0,0,"- ","- ",,,"SANTA CRUZ",WATSONVILLE,-121.77762603759766,36.916236877441406
9695201,2024,2024-05-02,4404,2024-02-05,2017,5800,4404,1,5,3,4404,0,0,0,,0,00S,"MT HERMON RD","KINGS VILLAGE RD",0.00,,Y,E,-,N,,,,,,,,,,N,2,0,1,2,A,-,10,21950,C,N,G,B,B,A,H,-,C,A,0,Y,,,,Y,,D,22,1,0,0,0,1,0,0,0,0,"- ","- ",37.046001434326172,-122.02822875976562,"SANTA CRUZ","SCOTTS VALLEY",-122.02828979492188,37.046005249023438
9699494,2024,2024-06-25,4402,2024-05-11,2321,196,4402,6,5,5,4402,0,0,0,,0,000,"RT 1","PEYTON ST",0.00,,Y,A,-,Y,SCR,5,1,-,-,18.462,I,5,N,N,2,0,1,2,A,-,11,21954,A,N,G,B,D,A,H,-,C,D,0,Y,,,,Y,Y,N,60,1,0,0,0,1,0,0,0,0,"- ","- ",,,"SANTA CRUZ","SANTA CRUZ",-122.03507995605469,36.973037719726562
9702330,2024,2024-07-18,4402,2024-06-10,2137,148,4402,1,5,5,4402,0,0,0,,0,000,"RT 1","RT 9",0.00,,Y,A,-,Y,SCR,5,1,-,-,17.560,I,5,N,N,2,0,1,2,A,-,11,21453,D,N,B,B,B,A,H,-,C,A,0,Y,,,,Y,,N,60,1,0,0,0,1,0,0,0,0,"- ","- ",,,"SANTA CRUZ","SANTA CRUZ",-122.02981567382812,36.9844970703125
9724158,2024,2024-10-22,4402,2024-10-01,1700,128,4402,2,5,5,4402,0,0,0,,0,000,"BAY ST","KENNETH ST",0.00,,Y,A,-,N,,,,,,,,,,Y,2,0,1,2,A,-,06,21755,,N,D,C,A,A,H,-,A,D,0,,,Y,,Y,,C,02,1,0,0,0,0,0,0,0,1,"- ","- ",,,"SANTA CRUZ","SANTA CRUZ",-122.04534912109375,36.968948364257812
9735611,2024,2024-10-30,4403,2024-10-11,2049,410,401,5,5,4,4403,0,0,0,,0,004,"FREEDOM BL","GREEN VALLEY RD",166.00,S,N,A,-,N,,,,,,,,,,Y,2,0,1,2,A,-,11,21954,A,N,G,B,D,A,H,-,C,D,0,Y,,,,Y,Y,N,60,1,0,0,0,1,0,0,0,0,"- ","- ",,,"SANTA CRUZ",WATSONVILLE,-121.77298736572266,36.934700012207031
9736499,2024,2024-10-08,4402,2024-09-02,"105 ",148,4402,1,5,5,4402,0,0,0,,0,000,"LAUREL ST","CALIFORNIA ST",204.00,E,N,A,-,N,,,,,,,,,,N,2,0,1,1,A,-,03,22350,,N,F,A,A,A,H,-,C,D,0,,Y,,,Y,Y,L,04,1,0,0,0,0,0,1,0,0,"- ","- ",,,"SANTA CRUZ","SANTA CRUZ",-122.03419494628906,36.968677520751953
9742662,2024,2024-10-31,4403,2024-10-16,1924,410,429,3,5,4,4403,0,0,0,,0,004,"GREEN VALLEY RD","LOMA PRIETA AV",366.00,W,N,A,-,N,,,,,,,,,,Y,2,0,1,2,A,-,09,21801,A,N,D,C,A,A,H,-,C,A,0,,,Y,,Y,,D,22,1,0,0,0,0,0,0,0,1,"- ","- ",,,"SANTA CRUZ",WATSONVILLE,-121.77764892578125,36.929420471191406
9752972,2024,2024-11-12,4404,2024-09-24,1339,5800,4404,2,5,3,4404,0,0,0,,0,00N,"CARBONERO WY","EL PUEBLO RD",20.00,W,N,A,-,N,,,,,,,,,,N,2,0,1,1,A,-,03,22350,,N,H,A,A,A,H,-,A,D,0,,Y,,,Y,,L,04,1,0,0,0,0,0,1,0,0,"- ","- ",37.050041198730469,-122.01242065429688,"SANTA CRUZ","SCOTTS VALLEY",-122.01251220703125,37.050037384033203
9753139,2024,2024-12-06,4402,2024-10-31,2248,196,4402,4,5,5,4402,0,0,0,,0,000,"RT 1","CHESTNUT ST",0.00,,Y,A,-,Y,SCR,5,1,-,-,18.138,I,5,S,N,2,0,1,1,A,-,03,22350,,N,F,A,A,A,H,-,C,A,0,,Y,,,Y,,L,04,1,0,0,0,0,0,1,0,0,"- ","- ",,,"SANTA CRUZ","SANTA CRUZ",-122.03188323974609,36.976890563964844
9753166,2024,2024-11-18,4402,2024-10-27,"131 ",187,4402,7,5,5,4402,0,0,0,,0,000,"LAUREL ST","PACIFIC AV",0.00,,N,A,-,N,,,,,,,,,,Y,2,0,1,2,A,-,10,21950,A,F,G,B,B,A,H,-,C,-,0,Y,,,,Y,,A,01,1,0,0,0,1,0,0,0,0,"- ","- ",,,"SANTA CRUZ","SANTA CRUZ",-122.02477264404297,36.969211578369141
9758798,2024,2024-12-17,4402,2024-10-30,2251,196,4402,3,5,5,4402,0,0,0,,0,000,"MISSION ST","BURKETT ST",405.00,W,N,A,-,N,,,,,,,,,,N,2,0,1,1,A,-,01,21200,5,N,F,A,A,A,H,-,D,D,0,,Y,,,Y,,L,04,1,0,0,0,0,0,1,0,0,"- ","- ",,,"SANTA CRUZ","SANTA CRUZ",-122.06026458740234,36.960178375244141
9762251,2024,2024-12-24,4401,2024-11-15,1030,523,4401,5,5,3,4401,0,0,0,,0,010,"CAPITOLA AV","MONTEREY AV",0.00,,-,A,-,N,,,,,,,,,,Y,2,0,1,3,A,-,01,23153,A,F,A,C,A,A,H,-,A,A,0,,,,,Y,Y,A,01,1,0,0,0,0,0,0,0,0,"- ","- ",,,"SANTA CRUZ",CAPITOLA,-121.95053100585938,36.972820281982422
9782521,2025,2025-02-18,4401,2025-01-03,1938,528,4401,5,5,3,4401,0,0,0,,0,005,"41ST AV","41ST AV 2100",0.00,,N,A,-,N,,,,,,,,,,N,2,0,1,2,A,-,11,21950,B,N,G,B,D,B,H,-,D,D,0,Y,,,,Y,,N,60,1,0,0,0,1,0,0,0,0,"- ","- ",,,"SANTA CRUZ",CAPITOLA,,
9790536,2025,2025-03-21,4402,2025-02-21,1817,196,4402,5,5,5,4402,0,0,0,,0,000,"RT 1","RT 9",0.00,,Y,E,-,Y,SCR,5,1,-,-,17.560,I,5,N,Y,2,0,2,2,A,-,00,23103,A,F,D,C,A,A,H,-,C,A,0,,,Y,,Y,,C,02,1,1,0,0,0,0,0,0,2,"- ","- ",,,"SANTA CRUZ","SANTA CRUZ",-122.02981567382812,36.9844970703125
9798381,2025,2025-06-03,4404,2025-04-25,1630,5800,4404,5,5,3,4404,0,0,0,,0,00N,"JANIS WY","EL PUEBLO RD",10.00,N,N,A,-,N,,,,,,,,,,N,2,0,1,1,A,-,03,22350,,N,H,A,A,A,H,-,A,D,0,,,Y,,Y,,C,02,1,0,0,0,0,0,0,0,1,"- ","- ",37.055568695068359,-122.00994110107422,"SANTA CRUZ","SCOTTS VALLEY",-122.01014709472656,37.055286407470703
9803784,2025,2025-05-01,4401,2025-03-13,2040,528,4401,4,5,3,4401,0,0,0,,0,005,"41ST AV","CLARES ST",0.00,,Y,A,-,N,,,,,,,,,,N,2,0,1,2,A,-,08,22107,A,N,D,G,A,A,H,-,C,A,0,,Y,,Y,Y,,G,25,1,0,0,0,0,0,1,0,0,"- ","- ",,,"SANTA CRUZ",CAPITOLA,-121.96502685546875,36.978336334228516
9829895,2025,2025-06-30,4402,2025-05-31,2500,130,4402,6,5,5,4402,0,0,0,,0,000,"HIGH ST","MOORE ST",1216.00,W,N,A,-,N,,,,,,,,,,N,2,0,1,2,D,-,00,,,F,G,B,E,A,H,-,D,D,0,Y,,,,Y,Y,-,"- ",1,0,0,0,1,0,0,0,0,"- ","- ",,,"SANTA CRUZ","SANTA CRUZ",-122.05186462402344,36.977123260498047